X Y Z
431589.3892965326 5304022.883346204 1054.9497396972658
431589.3887570813 5304022.895701671 1054.9497396972658
431589.3871428327 5304022.907963106 1054.9497396972658
431589.3844660724 5304022.920037192 1054.9497396972658
431589.380747172 5304022.931832037 1054.9497396972658
431589.37601443473 5304022.943257876 1054.9497396972658
431589.3703038796 5304022.95422775 1054.9497396972658
431589.3636589672 5304022.964658173 1054.9497396972658
431589.35613026936 5304022.974469763 1054.9497396972658
431589.34777508414 5304022.983587848 1054.9497396972658
431589.33865699946 5304022.9919430325 1054.9497396972658
431589.3288454095 5304022.999471731 1054.9497396972658
431589.3184149864 5304023.006116643 1054.9497396972658
431589.3074451119 5304023.011827198 1054.9497396972658
431589.2960192733 5304023.016559935 1054.9497396972658
431589.2842244284 5304023.020278836 1054.9497396972658
431589.2721503428 5304023.022955596 1054.9497396972658
431589.2598889078 5304023.024569845 1054.9497396972658
431589.2475334402 5304023.025109296 1054.9497396972658
431589.2351779726 5304023.024569845 1054.9497396972658
431589.2229165376 5304023.022955596 1054.9497396972658
431589.210842452 5304023.020278836 1054.9497396972658
431589.199047607 5304023.016559935 1054.9497396972658
431589.1876217685 5304023.011827198 1054.9497396972658
431589.176651894 5304023.006116643 1054.9497396972658
431589.16622147086 5304022.999471731 1054.9497396972658
431589.1564098809 5304022.9919430325 1054.9497396972658
431589.1472917962 5304022.983587848 1054.9497396972658
431589.138936611 5304022.974469763 1054.9497396972658
431589.1314079132 5304022.964658173 1054.9497396972658
431589.1247630008 5304022.95422775 1054.9497396972658
431589.1190524456 5304022.943257876 1054.9497396972658
431589.1143197084 5304022.931832037 1054.9497396972658
431589.110600808 5304022.920037192 1054.9497396972658
431589.1079240477 5304022.907963106 1054.9497396972658
431589.1063097991 5304022.895701671 1054.9497396972658
431589.10577034776 5304022.883346204 1054.9497396972658
431589.1063097991 5304022.870990736 1054.9497396972658
431589.1079240477 5304022.858729301 1054.9497396972658
431589.110600808 5304022.846655215 1054.9497396972658
431589.1143197084 5304022.8348603705 1054.9497396972658
431589.1190524456 5304022.823434532 1054.9497396972658
431589.1247630008 5304022.812464657 1054.9497396972658
431589.1314079132 5304022.802034235 1054.9497396972658
431589.138936611 5304022.792222644 1054.9497396972658
431589.1472917962 5304022.783104559 1054.9497396972658
431589.1564098809 5304022.774749375 1054.9497396972658
431589.16622147086 5304022.767220677 1054.9497396972658
431589.176651894 5304022.760575765 1054.9497396972658
431589.1876217685 5304022.75486521 1054.9497396972658
431589.199047607 5304022.750132472 1054.9497396972658
431589.210842452 5304022.746413572 1054.9497396972658
431589.2229165376 5304022.743736811 1054.9497396972658
431589.2351779726 5304022.742122563 1054.9497396972658
431589.2475334402 5304022.741583112 1054.9497396972658
431589.2598889078 5304022.742122563 1054.9497396972658
431589.2721503428 5304022.743736811 1054.9497396972658
431589.2842244284 5304022.746413572 1054.9497396972658
431589.2960192733 5304022.750132472 1054.9497396972658
431589.3074451119 5304022.75486521 1054.9497396972658
431589.3184149864 5304022.760575765 1054.9497396972658
431589.3288454095 5304022.767220677 1054.9497396972658
431589.33865699946 5304022.774749375 1054.9497396972658
431589.34777508414 5304022.783104559 1054.9497396972658
431589.35613026936 5304022.792222644 1054.9497396972658
431589.3636589672 5304022.802034235 1054.9497396972658
431589.3703038796 5304022.812464657 1054.9497396972658
431589.37601443473 5304022.823434532 1054.9497396972658
431589.380747172 5304022.8348603705 1054.9497396972658
431589.3844660724 5304022.846655215 1054.9497396972658
431589.3871428327 5304022.858729301 1054.9497396972658
431589.3887570813 5304022.870990736 1054.9497396972658
431616.4161374744 5304058.064214443 1057.315767529297
431616.4158302549 5304058.071250928 1057.315767529297
431616.4149109344 5304058.07823386 1057.315767529297
431616.4133865095 5304058.085110096 1057.315767529297
431616.411268582 5304058.091827304 1057.315767529297
431616.4085732706 5304058.098334361 1057.315767529297
431616.4053210883 5304058.104581745 1057.315767529297
431616.4015367862 5304058.11052191 1057.315767529297
431616.3972491649 5304058.116109647 1057.315767529297
431616.3924908561 5304058.12130243 1057.315767529297
431616.3872980732 5304058.126060738 1057.315767529297
431616.3817103364 5304058.130348359 1057.315767529297
431616.37577017193 5304058.134132662 1057.315767529297
431616.3695227879 5304058.137384844 1057.315767529297
431616.3630157306 5304058.140080156 1057.315767529297
431616.3562985228 5304058.142198083 1057.315767529297
431616.3494222865 5304058.143722508 1057.315767529297
431616.34243935393 5304058.144641829 1057.315767529297
431616.33540286944 5304058.144949048 1057.315767529297
431616.32836638496 5304058.144641829 1057.315767529297
431616.3213834524 5304058.143722508 1057.315767529297
431616.3145072161 5304058.142198083 1057.315767529297
431616.30779000826 5304058.140080156 1057.315767529297
431616.301282951 5304058.137384844 1057.315767529297
431616.29503556696 5304058.134132662 1057.315767529297
431616.28909540246 5304058.130348359 1057.315767529297
431616.2835076657 5304058.126060738 1057.315767529297
431616.2783148828 5304058.12130243 1057.315767529297
431616.273556574 5304058.116109647 1057.315767529297
431616.2692689527 5304058.11052191 1057.315767529297
431616.26548465056 5304058.104581745 1057.315767529297
431616.2622324683 5304058.098334361 1057.315767529297
431616.2595371569 5304058.091827304 1057.315767529297
431616.2574192294 5304058.085110096 1057.315767529297
431616.25589480455 5304058.07823386 1057.315767529297
431616.254975484 5304058.071250928 1057.315767529297
431616.2546682645 5304058.064214443 1057.315767529297
431616.254975484 5304058.057177958 1057.315767529297
431616.25589480455 5304058.050195026 1057.315767529297
431616.2574192294 5304058.043318789 1057.315767529297
431616.2595371569 5304058.036601582 1057.315767529297
431616.2622324683 5304058.030094525 1057.315767529297
431616.26548465056 5304058.02384714 1057.315767529297
431616.2692689527 5304058.017906976 1057.315767529297
431616.273556574 5304058.012319239 1057.315767529297
431616.2783148828 5304058.007126456 1057.315767529297
431616.2835076657 5304058.002368148 1057.315767529297
431616.28909540246 5304057.998080527 1057.315767529297
431616.29503556696 5304057.994296224 1057.315767529297
431616.301282951 5304057.991044042 1057.315767529297
431616.30779000826 5304057.98834873 1057.315767529297
431616.3145072161 5304057.986230803 1057.315767529297
431616.3213834524 5304057.984706378 1057.315767529297
431616.32836638496 5304057.983787057 1057.315767529297
431616.33540286944 5304057.983479838 1057.315767529297
431616.34243935393 5304057.983787057 1057.315767529297
431616.3494222865 5304057.984706378 1057.315767529297
431616.3562985228 5304057.986230803 1057.315767529297
431616.3630157306 5304057.98834873 1057.315767529297
431616.3695227879 5304057.991044042 1057.315767529297
431616.37577017193 5304057.994296224 1057.315767529297
431616.3817103364 5304057.998080527 1057.315767529297
431616.3872980732 5304058.002368148 1057.315767529297
431616.3924908561 5304058.007126456 1057.315767529297
431616.3972491649 5304058.012319239 1057.315767529297
431616.4015367862 5304058.017906976 1057.315767529297
431616.4053210883 5304058.02384714 1057.315767529297
431616.4085732706 5304058.030094525 1057.315767529297
431616.411268582 5304058.036601582 1057.315767529297
431616.4133865095 5304058.043318789 1057.315767529297
431616.4149109344 5304058.050195026 1057.315767529297
431616.4158302549 5304058.057177958 1057.315767529297
431689.9090863561 5304026.370523181 1053.295747998047
431689.9082660943 5304026.389310267 1053.295747998047
431689.9058115513 5304026.407954371 1053.295747998047
431689.9017414079 5304026.426313601 1053.295747998047
431689.89608664025 5304026.444248233 1053.295747998047
431689.8888902845 5304026.4616217725 1053.295747998047
431689.8802071094 5304026.478301997 1053.295747998047
431689.870103199 5304026.49416196 1053.295747998047
431689.85865545017 5304026.509080956 1053.295747998047
431689.8459509873 5304026.522945444 1053.295747998047
431689.83208649897 5304026.535649908 1053.295747998047
431689.8171675023 5304026.547097656 1053.295747998047
431689.8013075399 5304026.557201566 1053.295747998047
431689.7846273156 5304026.565884742 1053.295747998047
431689.767253776 5304026.573081098 1053.295747998047
431689.7493191443 5304026.578735865 1053.295747998047
431689.73095991375 5304026.582806009 1053.295747998047
431689.7123158092 5304026.585260551 1053.295747998047
431689.69352872367 5304026.586080813 1053.295747998047
431689.6747416381 5304026.585260551 1053.295747998047
431689.6560975336 5304026.582806009 1053.295747998047
431689.6377383031 5304026.578735865 1053.295747998047
431689.6198036713 5304026.573081098 1053.295747998047
431689.60243013175 5304026.565884742 1053.295747998047
431689.5857499074 5304026.557201566 1053.295747998047
431689.569889945 5304026.547097656 1053.295747998047
431689.5549709484 5304026.535649908 1053.295747998047
431689.54110646 5304026.522945444 1053.295747998047
431689.5284019972 5304026.509080956 1053.295747998047
431689.5169542484 5304026.49416196 1053.295747998047
431689.506850338 5304026.478301997 1053.295747998047
431689.4981671628 5304026.4616217725 1053.295747998047
431689.4909708071 5304026.444248233 1053.295747998047
431689.4853160394 5304026.426313601 1053.295747998047
431689.481245896 5304026.407954371 1053.295747998047
431689.47879135306 5304026.389310267 1053.295747998047
431689.4779710912 5304026.370523181 1053.295747998047
431689.47879135306 5304026.351736095 1053.295747998047
431689.481245896 5304026.333091991 1053.295747998047
431689.4853160394 5304026.31473276 1053.295747998047
431689.4909708071 5304026.296798129 1053.295747998047
431689.4981671628 5304026.279424589 1053.295747998047
431689.506850338 5304026.262744364 1053.295747998047
431689.5169542484 5304026.246884402 1053.295747998047
431689.5284019972 5304026.231965406 1053.295747998047
431689.54110646 5304026.2181009175 1053.295747998047
431689.5549709484 5304026.205396454 1053.295747998047
431689.569889945 5304026.193948706 1053.295747998047
431689.5857499074 5304026.183844795 1053.295747998047
431689.60243013175 5304026.17516162 1053.295747998047
431689.6198036713 5304026.167965264 1053.295747998047
431689.6377383031 5304026.162310497 1053.295747998047
431689.6560975336 5304026.158240353 1053.295747998047
431689.6747416381 5304026.15578581 1053.295747998047
431689.69352872367 5304026.154965549 1053.295747998047
431689.7123158092 5304026.15578581 1053.295747998047
431689.73095991375 5304026.158240353 1053.295747998047
431689.7493191443 5304026.162310497 1053.295747998047
431689.767253776 5304026.167965264 1053.295747998047
431689.7846273156 5304026.17516162 1053.295747998047
431689.8013075399 5304026.183844795 1053.295747998047
431689.8171675023 5304026.193948706 1053.295747998047
431689.83208649897 5304026.205396454 1053.295747998047
431689.8459509873 5304026.2181009175 1053.295747998047
431689.85865545017 5304026.231965406 1053.295747998047
431689.870103199 5304026.246884402 1053.295747998047
431689.8802071094 5304026.262744364 1053.295747998047
431689.8888902845 5304026.279424589 1053.295747998047
431689.89608664025 5304026.296798129 1053.295747998047
431689.9017414079 5304026.31473276 1053.295747998047
431689.9058115513 5304026.333091991 1053.295747998047
431689.9082660943 5304026.351736095 1053.295747998047
431667.4700722365 5304046.126972311 1054.148775341797
431667.4693476689 5304046.143567638 1054.148775341797
431667.4671794805 5304046.160036663 1054.148775341797
431667.4635841727 5304046.176254049 1054.148775341797
431667.4585891077 5304046.192096371 1054.148775341797
431667.45223230106 5304046.207443059 1054.148775341797
431667.444562132 5304046.222177317 1054.148775341797
431667.435636975 5304046.236187007 1054.148775341797
431667.425524756 5304046.249365508 1054.148775341797
431667.4143024351 5304046.261612522 1054.148775341797
431667.40205542085 5304046.272834843 1054.148775341797
431667.3888769205 5304046.282947063 1054.148775341797
431667.3748672303 5304046.291872219 1054.148775341797
431667.3601329725 5304046.299542388 1054.148775341797
431667.3447862839 5304046.305899194 1054.148775341797
431667.3289439617 5304046.310894259 1054.148775341797
431667.31272657576 5304046.314489568 1054.148775341797
431667.2962575502 5304046.316657756 1054.148775341797
431667.2796622241 5304046.317382324 1054.148775341797
431667.2630668981 5304046.316657756 1054.148775341797
431667.24659787246 5304046.314489568 1054.148775341797
431667.2303804865 5304046.310894259 1054.148775341797
431667.2145381644 5304046.305899194 1054.148775341797
431667.1991914757 5304046.299542388 1054.148775341797
431667.1844572179 5304046.291872219 1054.148775341797
431667.1704475278 5304046.282947063 1054.148775341797
431667.1572690274 5304046.272834843 1054.148775341797
431667.1450220132 5304046.261612522 1054.148775341797
431667.1337996922 5304046.249365508 1054.148775341797
431667.1236874733 5304046.236187007 1054.148775341797
431667.1147623163 5304046.222177317 1054.148775341797
431667.1070921472 5304046.207443059 1054.148775341797
431667.10073534056 5304046.192096371 1054.148775341797
431667.0957402756 5304046.176254049 1054.148775341797
431667.0921449677 5304046.160036663 1054.148775341797
431667.0899767793 5304046.143567638 1054.148775341797
431667.0892522117 5304046.126972311 1054.148775341797
431667.0899767793 5304046.110376985 1054.148775341797
431667.0921449677 5304046.09390796 1054.148775341797
431667.0957402756 5304046.077690573 1054.148775341797
431667.10073534056 5304046.061848251 1054.148775341797
431667.1070921472 5304046.046501563 1054.148775341797
431667.1147623163 5304046.031767305 1054.148775341797
431667.1236874733 5304046.017757615 1054.148775341797
431667.1337996922 5304046.004579115 1054.148775341797
431667.1450220132 5304045.9923321 1054.148775341797
431667.1572690274 5304045.981109779 1054.148775341797
431667.1704475278 5304045.97099756 1054.148775341797
431667.1844572179 5304045.962072403 1054.148775341797
431667.1991914757 5304045.954402234 1054.148775341797
431667.2145381644 5304045.948045428 1054.148775341797
431667.2303804865 5304045.943050363 1054.148775341797
431667.24659787246 5304045.939455055 1054.148775341797
431667.2630668981 5304045.937286867 1054.148775341797
431667.2796622241 5304045.936562299 1054.148775341797
431667.2962575502 5304045.937286867 1054.148775341797
431667.31272657576 5304045.939455055 1054.148775341797
431667.3289439617 5304045.943050363 1054.148775341797
431667.3447862839 5304045.948045428 1054.148775341797
431667.3601329725 5304045.954402234 1054.148775341797
431667.3748672303 5304045.962072403 1054.148775341797
431667.3888769205 5304045.97099756 1054.148775341797
431667.40205542085 5304045.981109779 1054.148775341797
431667.4143024351 5304045.9923321 1054.148775341797
431667.425524756 5304046.004579115 1054.148775341797
431667.435636975 5304046.017757615 1054.148775341797
431667.444562132 5304046.031767305 1054.148775341797
431667.45223230106 5304046.046501563 1054.148775341797
431667.4585891077 5304046.061848251 1054.148775341797
431667.4635841727 5304046.077690573 1054.148775341797
431667.4671794805 5304046.09390796 1054.148775341797
431667.4693476689 5304046.110376985 1054.148775341797
431643.8608540264 5304073.4641453605 1057.9947836425783
431643.8597159404 5304073.490211814 1057.9947836425783
431643.8563103441 5304073.516079886 1057.9947836425783
431643.8506631561 5304073.541552705 1057.9947836425783
431643.8428173549 5304073.566436407 1057.9947836425783
431643.8328326517 5304073.590541613 1057.9947836425783
431643.8207850363 5304073.613684868 1057.9947836425783
431643.8067661982 5304073.635690035 1057.9947836425783
431643.7908828292 5304073.656389644 1057.9947836425783
431643.7732558114 5304073.675626159 1057.9947836425783
431643.7540192971 5304073.693253177 1057.9947836425783
431643.7333196876 5304073.709136546 1057.9947836425783
431643.7113145196 5304073.723155384 1057.9947836425783
431643.6881712657 5304073.735203 1057.9947836425783
431643.6640660599 5304073.745187703 1057.9947836425783
431643.6391823576 5304073.753033504 1057.9947836425783
431643.6137095385 5304073.758680692 1057.9947836425783
431643.5878414664 5304073.762086288 1057.9947836425783
431643.5617750129 5304073.763224374 1057.9947836425783
431643.5357085593 5304073.762086288 1057.9947836425783
431643.5098404872 5304073.758680692 1057.9947836425783
431643.48436766816 5304073.753033504 1057.9947836425783
431643.4594839658 5304073.745187703 1057.9947836425783
431643.43537876 5304073.735203 1057.9947836425783
431643.4122355061 5304073.723155384 1057.9947836425783
431643.39023033815 5304073.709136546 1057.9947836425783
431643.3695307287 5304073.693253177 1057.9947836425783
431643.3502942143 5304073.675626159 1057.9947836425783
431643.3326671965 5304073.656389644 1057.9947836425783
431643.3167838276 5304073.635690035 1057.9947836425783
431643.30276498944 5304073.613684868 1057.9947836425783
431643.290717374 5304073.590541613 1057.9947836425783
431643.28073267086 5304073.566436407 1057.9947836425783
431643.2728868696 5304073.541552705 1057.9947836425783
431643.2672396816 5304073.516079886 1057.9947836425783
431643.2638340853 5304073.490211814 1057.9947836425783
431643.26269599935 5304073.4641453605 1057.9947836425783
431643.2638340853 5304073.438078907 1057.9947836425783
431643.2672396816 5304073.412210835 1057.9947836425783
431643.2728868696 5304073.386738016 1057.9947836425783
431643.28073267086 5304073.361854314 1057.9947836425783
431643.290717374 5304073.337749108 1057.9947836425783
431643.30276498944 5304073.3146058535 1057.9947836425783
431643.3167838276 5304073.292600686 1057.9947836425783
431643.3326671965 5304073.271901077 1057.9947836425783
431643.3502942143 5304073.252664562 1057.9947836425783
431643.3695307287 5304073.235037544 1057.9947836425783
431643.39023033815 5304073.219154175 1057.9947836425783
431643.4122355061 5304073.205135337 1057.9947836425783
431643.43537876 5304073.193087721 1057.9947836425783
431643.4594839658 5304073.183103018 1057.9947836425783
431643.48436766816 5304073.175257217 1057.9947836425783
431643.5098404872 5304073.169610029 1057.9947836425783
431643.5357085593 5304073.166204433 1057.9947836425783
431643.5617750129 5304073.165066347 1057.9947836425783
431643.5878414664 5304073.166204433 1057.9947836425783
431643.6137095385 5304073.169610029 1057.9947836425783
431643.6391823576 5304073.175257217 1057.9947836425783
431643.6640660599 5304073.183103018 1057.9947836425783
431643.6881712657 5304073.193087721 1057.9947836425783
431643.7113145196 5304073.205135337 1057.9947836425783
431643.7333196876 5304073.219154175 1057.9947836425783
431643.7540192971 5304073.235037544 1057.9947836425783
431643.7732558114 5304073.252664562 1057.9947836425783
431643.7908828292 5304073.271901077 1057.9947836425783
431643.8067661982 5304073.292600686 1057.9947836425783
431643.8207850363 5304073.3146058535 1057.9947836425783
431643.8328326517 5304073.337749108 1057.9947836425783
431643.8428173549 5304073.361854314 1057.9947836425783
431643.8506631561 5304073.386738016 1057.9947836425783
431643.8563103441 5304073.412210835 1057.9947836425783
431643.8597159404 5304073.438078907 1057.9947836425783
431570.7641634708 5303994.8853270905 1054.1887533691408
431570.763546908 5303994.8994487 1054.1887533691408
431570.761701912 5303994.913462836 1054.1887533691408
431570.7586425243 5303994.927262843 1054.1887533691408
431570.7543920287 5303994.940743692 1054.1887533691408
431570.74898277415 5303994.953802788 1054.1887533691408
431570.7424559282 5303994.966340742 1054.1887533691408
431570.7348611642 5303994.978262134 1054.1887533691408
431570.7262562828 5303994.989476234 1054.1887533691408
431570.71670677233 5303994.999897695 1054.1887533691408
431570.7062853104 5303995.009447206 1054.1887533691408
431570.6950712106 5303995.018052087 1054.1887533691408
431570.68314981903 5303995.025646851 1054.1887533691408
431570.6706118647 5303995.032173697 1054.1887533691408
431570.6575527689 5303995.037582952 1054.1887533691408
431570.6440719193 5303995.041833447 1054.1887533691408
431570.6302719133 5303995.044892835 1054.1887533691408
431570.6162577773 5303995.046737831 1054.1887533691408
431570.60213616735 5303995.047354394 1054.1887533691408
431570.5880145574 5303995.046737831 1054.1887533691408
431570.5740004214 5303995.044892835 1054.1887533691408
431570.5602004154 5303995.041833447 1054.1887533691408
431570.5467195658 5303995.037582952 1054.1887533691408
431570.5336604701 5303995.032173697 1054.1887533691408
431570.52112251567 5303995.025646851 1054.1887533691408
431570.5092011241 5303995.018052087 1054.1887533691408
431570.49798702425 5303995.009447206 1054.1887533691408
431570.4875655624 5303994.999897695 1054.1887533691408
431570.47801605193 5303994.989476234 1054.1887533691408
431570.4694111705 5303994.978262134 1054.1887533691408
431570.46181640646 5303994.966340742 1054.1887533691408
431570.4552895605 5303994.953802788 1054.1887533691408
431570.449880306 5303994.940743692 1054.1887533691408
431570.4456298104 5303994.927262843 1054.1887533691408
431570.4425704227 5303994.913462836 1054.1887533691408
431570.4407254267 5303994.8994487 1054.1887533691408
431570.4401088639 5303994.8853270905 1054.1887533691408
431570.4407254267 5303994.871205481 1054.1887533691408
431570.4425704227 5303994.857191345 1054.1887533691408
431570.4456298104 5303994.843391338 1054.1887533691408
431570.449880306 5303994.829910489 1054.1887533691408
431570.4552895605 5303994.816851393 1054.1887533691408
431570.46181640646 5303994.804313439 1054.1887533691408
431570.4694111705 5303994.792392047 1054.1887533691408
431570.47801605193 5303994.781177947 1054.1887533691408
431570.4875655624 5303994.770756486 1054.1887533691408
431570.49798702425 5303994.761206975 1054.1887533691408
431570.5092011241 5303994.752602094 1054.1887533691408
431570.52112251567 5303994.74500733 1054.1887533691408
431570.5336604701 5303994.738480484 1054.1887533691408
431570.5467195658 5303994.733071229 1054.1887533691408
431570.5602004154 5303994.728820734 1054.1887533691408
431570.5740004214 5303994.725761346 1054.1887533691408
431570.5880145574 5303994.72391635 1054.1887533691408
431570.60213616735 5303994.723299787 1054.1887533691408
431570.6162577773 5303994.72391635 1054.1887533691408
431570.6302719133 5303994.725761346 1054.1887533691408
431570.6440719193 5303994.728820734 1054.1887533691408
431570.6575527689 5303994.733071229 1054.1887533691408
431570.6706118647 5303994.738480484 1054.1887533691408
431570.68314981903 5303994.74500733 1054.1887533691408
431570.6950712106 5303994.752602094 1054.1887533691408
431570.7062853104 5303994.761206975 1054.1887533691408
431570.71670677233 5303994.770756486 1054.1887533691408
431570.7262562828 5303994.781177947 1054.1887533691408
431570.7348611642 5303994.792392047 1054.1887533691408
431570.7424559282 5303994.804313439 1054.1887533691408
431570.74898277415 5303994.816851393 1054.1887533691408
431570.7543920287 5303994.829910489 1054.1887533691408
431570.7586425243 5303994.843391338 1054.1887533691408
431570.761701912 5303994.857191345 1054.1887533691408
431570.763546908 5303994.871205481 1054.1887533691408
431688.5856796649 5304042.500409132 1053.296785595703
431688.5849330312 5304042.517509856 1053.296785595703
431688.5826988122 5304042.534480434 1053.296785595703
431688.5789940119 5304042.551191708 1053.296785595703
431688.5738468259 5304042.567516496 1053.296785595703
431688.5672964276 5304042.583330557 1053.296785595703
431688.5593926692 5304042.598513535 1053.296785595703
431688.5501957032 5304042.612949881 1053.296785595703
431688.5397755241 5304042.6265297225 1053.296785595703
431688.52821143577 5304042.639149711 1053.296785595703
431688.5155914478 5304042.650713799 1053.296785595703
431688.50201160606 5304042.661133978 1053.296785595703
431688.4875752612 5304042.670330944 1053.296785595703
431688.4723922826 5304042.678234702 1053.296785595703
431688.4565782219 5304042.684785101 1053.296785595703
431688.44025343366 5304042.689932287 1053.296785595703
431688.4235421594 5304042.693637087 1053.296785595703
431688.4065715818 5304042.695871306 1053.296785595703
431688.3894708575 5304042.69661794 1053.296785595703
431688.3723701332 5304042.695871306 1053.296785595703
431688.3553995557 5304042.693637087 1053.296785595703
431688.33868828136 5304042.689932287 1053.296785595703
431688.3223634931 5304042.684785101 1053.296785595703
431688.3065494324 5304042.678234702 1053.296785595703
431688.2913664538 5304042.670330944 1053.296785595703
431688.27693010896 5304042.661133978 1053.296785595703
431688.2633502672 5304042.650713799 1053.296785595703
431688.25073027925 5304042.639149711 1053.296785595703
431688.2391661909 5304042.6265297225 1053.296785595703
431688.2287460119 5304042.612949881 1053.296785595703
431688.2195490458 5304042.598513535 1053.296785595703
431688.21164528746 5304042.583330557 1053.296785595703
431688.2050948891 5304042.567516496 1053.296785595703
431688.1999477031 5304042.551191708 1053.296785595703
431688.1962429028 5304042.534480434 1053.296785595703
431688.19400868384 5304042.517509856 1053.296785595703
431688.1932620501 5304042.500409132 1053.296785595703
431688.19400868384 5304042.483308408 1053.296785595703
431688.1962429028 5304042.46633783 1053.296785595703
431688.1999477031 5304042.449626556 1053.296785595703
431688.2050948891 5304042.433301767 1053.296785595703
431688.21164528746 5304042.417487707 1053.296785595703
431688.2195490458 5304042.4023047285 1053.296785595703
431688.2287460119 5304042.387868383 1053.296785595703
431688.2391661909 5304042.374288541 1053.296785595703
431688.25073027925 5304042.361668553 1053.296785595703
431688.2633502672 5304042.350104465 1053.296785595703
431688.27693010896 5304042.339684286 1053.296785595703
431688.2913664538 5304042.33048732 1053.296785595703
431688.3065494324 5304042.322583562 1053.296785595703
431688.3223634931 5304042.316033163 1053.296785595703
431688.33868828136 5304042.310885977 1053.296785595703
431688.3553995557 5304042.307181177 1053.296785595703
431688.3723701332 5304042.304946958 1053.296785595703
431688.3894708575 5304042.304200324 1053.296785595703
431688.4065715818 5304042.304946958 1053.296785595703
431688.4235421594 5304042.307181177 1053.296785595703
431688.44025343366 5304042.310885977 1053.296785595703
431688.4565782219 5304042.316033163 1053.296785595703
431688.4723922826 5304042.322583562 1053.296785595703
431688.4875752612 5304042.33048732 1053.296785595703
431688.50201160606 5304042.339684286 1053.296785595703
431688.5155914478 5304042.350104465 1053.296785595703
431688.52821143577 5304042.361668553 1053.296785595703
431688.5397755241 5304042.374288541 1053.296785595703
431688.5501957032 5304042.387868383 1053.296785595703
431688.5593926692 5304042.4023047285 1053.296785595703
431688.5672964276 5304042.417487707 1053.296785595703
431688.5738468259 5304042.433301767 1053.296785595703
431688.5789940119 5304042.449626556 1053.296785595703
431688.5826988122 5304042.46633783 1053.296785595703
431688.5849330312 5304042.483308408 1053.296785595703
431705.750943119 5304013.345600037 1052.4887411621096
431705.75008446985 5304013.365266335 1052.4887411621096
431705.7475150573 5304013.384782962 1052.4887411621096
431705.743254436 5304013.404001382 1052.4887411621096
431705.737335032 5304013.422775334 1052.4887411621096
431705.7298018954 5304013.440961934 1052.4887411621096
431705.720712358 5304013.458422773 1052.4887411621096
431705.7101355967 5304013.475024963 1052.4887411621096
431705.698152107 5304013.49064215 1052.4887411621096
431705.6848530904 5304013.5051554805 1052.4887411621096
431705.6703397607 5304013.518454497 1052.4887411621096
431705.6547225728 5304013.530437986 1052.4887411621096
431705.6381203831 5304013.541014748 1052.4887411621096
431705.62065954425 5304013.550104285 1052.4887411621096
431705.60247294384 5304013.557637421 1052.4887411621096
431705.58369899273 5304013.563556826 1052.4887411621096
431705.5644805722 5304013.567817447 1052.4887411621096
431705.5449639459 5304013.57038686 1052.4887411621096
431705.5252976472 5304013.571245508 1052.4887411621096
431705.5056313485 5304013.57038686 1052.4887411621096
431705.4861147223 5304013.567817447 1052.4887411621096
431705.4668963017 5304013.563556826 1052.4887411621096
431705.4481223506 5304013.557637421 1052.4887411621096
431705.4299357502 5304013.550104285 1052.4887411621096
431705.41247491137 5304013.541014748 1052.4887411621096
431705.3958727217 5304013.530437986 1052.4887411621096
431705.3802555338 5304013.518454497 1052.4887411621096
431705.365742204 5304013.5051554805 1052.4887411621096
431705.3524431874 5304013.49064215 1052.4887411621096
431705.34045969776 5304013.475024963 1052.4887411621096
431705.3298829365 5304013.458422773 1052.4887411621096
431705.3207933991 5304013.440961934 1052.4887411621096
431705.3132602625 5304013.422775334 1052.4887411621096
431705.3073408585 5304013.404001382 1052.4887411621096
431705.3030802372 5304013.384782962 1052.4887411621096
431705.3005108246 5304013.365266335 1052.4887411621096
431705.29965217545 5304013.345600037 1052.4887411621096
431705.3005108246 5304013.325933739 1052.4887411621096
431705.3030802372 5304013.306417112 1052.4887411621096
431705.3073408585 5304013.287198692 1052.4887411621096
431705.3132602625 5304013.26842474 1052.4887411621096
431705.3207933991 5304013.25023814 1052.4887411621096
431705.3298829365 5304013.232777301 1052.4887411621096
431705.34045969776 5304013.216175111 1052.4887411621096
431705.3524431874 5304013.200557924 1052.4887411621096
431705.365742204 5304013.186044593 1052.4887411621096
431705.3802555338 5304013.172745577 1052.4887411621096
431705.3958727217 5304013.160762087 1052.4887411621096
431705.41247491137 5304013.150185326 1052.4887411621096
431705.4299357502 5304013.141095789 1052.4887411621096
431705.4481223506 5304013.133562652 1052.4887411621096
431705.4668963017 5304013.127643248 1052.4887411621096
431705.4861147223 5304013.123382627 1052.4887411621096
431705.5056313485 5304013.120813214 1052.4887411621096
431705.5252976472 5304013.119954566 1052.4887411621096
431705.5449639459 5304013.120813214 1052.4887411621096
431705.5644805722 5304013.123382627 1052.4887411621096
431705.58369899273 5304013.127643248 1052.4887411621096
431705.60247294384 5304013.133562652 1052.4887411621096
431705.62065954425 5304013.141095789 1052.4887411621096
431705.6381203831 5304013.150185326 1052.4887411621096
431705.6547225728 5304013.160762087 1052.4887411621096
431705.6703397607 5304013.172745577 1052.4887411621096
431705.6848530904 5304013.186044593 1052.4887411621096
431705.698152107 5304013.200557924 1052.4887411621096
431705.7101355967 5304013.216175111 1052.4887411621096
431705.720712358 5304013.232777301 1052.4887411621096
431705.7298018954 5304013.25023814 1052.4887411621096
431705.737335032 5304013.26842474 1052.4887411621096
431705.743254436 5304013.287198692 1052.4887411621096
431705.7475150573 5304013.306417112 1052.4887411621096
431705.75008446985 5304013.325933739 1052.4887411621096
431682.3454874644 5304033.080612818 1053.400789501953
431682.344400939 5304033.105498339 1053.400789501953
431682.3411496321 5304033.130194467 1053.400789501953
431682.3357582881 5304033.154513248 1053.400789501953
431682.3282679383 5304033.178269603 1053.400789501953
431682.3187355888 5304033.20128273 1053.400789501953
431682.3072337866 5304033.223377487 1053.400789501953
431682.2938500673 5304033.244385718 1053.400789501953
431682.2786862891 5304033.264147539 1053.400789501953
431682.2618578575 5304033.282512549 1053.400789501953
431682.243492847 5304033.29934098 1053.400789501953
431682.2237310265 5304033.314504758 1053.400789501953
431682.2027227953 5304033.327888479 1053.400789501953
431682.1806280388 5304033.339390281 1053.400789501953
431682.1576149114 5304033.34892263 1053.400789501953
431682.1338585569 5304033.35641298 1053.400789501953
431682.1095397755 5304033.361804323 1053.400789501953
431682.08484364784 5304033.365055631 1053.400789501953
431682.0599581263 5304033.366142156 1053.400789501953
431682.0350726047 5304033.365055631 1053.400789501953
431682.010376477 5304033.361804323 1053.400789501953
431681.9860576957 5304033.35641298 1053.400789501953
431681.9623013411 5304033.34892263 1053.400789501953
431681.9392882137 5304033.339390281 1053.400789501953
431681.91719345725 5304033.327888479 1053.400789501953
431681.8961852261 5304033.314504758 1053.400789501953
431681.8764234056 5304033.29934098 1053.400789501953
431681.8580583951 5304033.282512549 1053.400789501953
431681.84122996347 5304033.264147539 1053.400789501953
431681.82606618525 5304033.244385718 1053.400789501953
431681.81268246594 5304033.223377487 1053.400789501953
431681.80118066375 5304033.20128273 1053.400789501953
431681.7916483143 5304033.178269603 1053.400789501953
431681.78415796446 5304033.154513248 1053.400789501953
431681.7787666205 5304033.130194467 1053.400789501953
431681.7755153136 5304033.105498339 1053.400789501953
431681.77442878817 5304033.080612818 1053.400789501953
431681.7755153136 5304033.0557272965 1053.400789501953
431681.7787666205 5304033.031031169 1053.400789501953
431681.78415796446 5304033.006712387 1053.400789501953
431681.7916483143 5304032.982956032 1053.400789501953
431681.80118066375 5304032.959942905 1053.400789501953
431681.81268246594 5304032.937848149 1053.400789501953
431681.82606618525 5304032.916839917 1053.400789501953
431681.84122996347 5304032.897078097 1053.400789501953
431681.8580583951 5304032.878713086 1053.400789501953
431681.8764234056 5304032.861884655 1053.400789501953
431681.8961852261 5304032.846720877 1053.400789501953
431681.91719345725 5304032.833337157 1053.400789501953
431681.9392882137 5304032.821835355 1053.400789501953
431681.9623013411 5304032.812303006 1053.400789501953
431681.9860576957 5304032.804812656 1053.400789501953
431682.010376477 5304032.799421312 1053.400789501953
431682.0350726047 5304032.796170005 1053.400789501953
431682.0599581263 5304032.79508348 1053.400789501953
431682.08484364784 5304032.796170005 1053.400789501953
431682.1095397755 5304032.799421312 1053.400789501953
431682.1338585569 5304032.804812656 1053.400789501953
431682.1576149114 5304032.812303006 1053.400789501953
431682.1806280388 5304032.821835355 1053.400789501953
431682.2027227953 5304032.833337157 1053.400789501953
431682.2237310265 5304032.846720877 1053.400789501953
431682.243492847 5304032.861884655 1053.400789501953
431682.2618578575 5304032.878713086 1053.400789501953
431682.2786862891 5304032.897078097 1053.400789501953
431682.2938500673 5304032.916839917 1053.400789501953
431682.3072337866 5304032.937848149 1053.400789501953
431682.3187355888 5304032.959942905 1053.400789501953
431682.3282679383 5304032.982956032 1053.400789501953
431682.3357582881 5304033.006712387 1053.400789501953
431682.3411496321 5304033.031031169 1053.400789501953
431682.344400939 5304033.0557272965 1053.400789501953
431687.5479074984 5304002.124592012 1052.2267782714846
431687.5473071569 5304002.138342092 1052.2267782714846
431687.5455107015 5304002.151987526 1052.2267782714846
431687.5425318042 5304002.165424462 1052.2267782714846
431687.5383931364 5304002.17855064 1052.2267782714846
431687.53312619554 5304002.19126616 1052.2267782714846
431687.5267710665 5304002.20347425 1052.2267782714846
431687.5193761155 5304002.215081997 1052.2267782714846
431687.5109976226 5304002.2260010615 1052.2267782714846
431687.5016993533 5304002.236148343 1052.2267782714846
431687.491552073 5304002.245446611 1052.2267782714846
431687.48063300847 5304002.253825105 1052.2267782714846
431687.4690252606 5304002.261220056 1052.2267782714846
431687.4568171713 5304002.267575185 1052.2267782714846
431687.4441016514 5304002.272842125 1052.2267782714846
431687.4309754737 5304002.276980793 1052.2267782714846
431687.4175385365 5304002.279959691 1052.2267782714846
431687.4038931028 5304002.281756146 1052.2267782714846
431687.3901430228 5304002.282356488 1052.2267782714846
431687.3763929428 5304002.281756146 1052.2267782714846
431687.3627475092 5304002.279959691 1052.2267782714846
431687.3493105719 5304002.276980793 1052.2267782714846
431687.3361843943 5304002.272842125 1052.2267782714846
431687.3234688744 5304002.267575185 1052.2267782714846
431687.311260785 5304002.261220056 1052.2267782714846
431687.2996530372 5304002.253825105 1052.2267782714846
431687.28873397264 5304002.245446611 1052.2267782714846
431687.2785866923 5304002.236148343 1052.2267782714846
431687.269288423 5304002.2260010615 1052.2267782714846
431687.2609099301 5304002.215081997 1052.2267782714846
431687.2535149792 5304002.20347425 1052.2267782714846
431687.2471598501 5304002.19126616 1052.2267782714846
431687.2418929093 5304002.17855064 1052.2267782714846
431687.2377542414 5304002.165424462 1052.2267782714846
431687.23477534414 5304002.151987526 1052.2267782714846
431687.23297888873 5304002.138342092 1052.2267782714846
431687.23237854725 5304002.124592012 1052.2267782714846
431687.23297888873 5304002.110841932 1052.2267782714846
431687.23477534414 5304002.097196498 1052.2267782714846
431687.2377542414 5304002.083759561 1052.2267782714846
431687.2418929093 5304002.070633384 1052.2267782714846
431687.2471598501 5304002.057917863 1052.2267782714846
431687.2535149792 5304002.045709774 1052.2267782714846
431687.2609099301 5304002.034102026 1052.2267782714846
431687.269288423 5304002.023182962 1052.2267782714846
431687.2785866923 5304002.013035681 1052.2267782714846
431687.28873397264 5304002.003737412 1052.2267782714846
431687.2996530372 5304001.995358919 1052.2267782714846
431687.311260785 5304001.987963968 1052.2267782714846
431687.3234688744 5304001.981608839 1052.2267782714846
431687.3361843943 5304001.976341899 1052.2267782714846
431687.3493105719 5304001.972203231 1052.2267782714846
431687.3627475092 5304001.969224333 1052.2267782714846
431687.3763929428 5304001.967427878 1052.2267782714846
431687.3901430228 5304001.966827536 1052.2267782714846
431687.4038931028 5304001.967427878 1052.2267782714846
431687.4175385365 5304001.969224333 1052.2267782714846
431687.4309754737 5304001.972203231 1052.2267782714846
431687.4441016514 5304001.976341899 1052.2267782714846
431687.4568171713 5304001.981608839 1052.2267782714846
431687.4690252606 5304001.987963968 1052.2267782714846
431687.48063300847 5304001.995358919 1052.2267782714846
431687.491552073 5304002.003737412 1052.2267782714846
431687.5016993533 5304002.013035681 1052.2267782714846
431687.5109976226 5304002.023182962 1052.2267782714846
431687.5193761155 5304002.034102026 1052.2267782714846
431687.5267710665 5304002.045709774 1052.2267782714846
431687.53312619554 5304002.057917863 1052.2267782714846
431687.5383931364 5304002.070633384 1052.2267782714846
431687.5425318042 5304002.083759561 1052.2267782714846
431687.5455107015 5304002.097196498 1052.2267782714846
431687.5473071569 5304002.110841932 1052.2267782714846
431697.2213469584 5303966.0649844585 1047.3347494628908
431697.22103009216 5303966.072241887 1047.3347494628908
431697.22008190514 5303966.079444083 1047.3347494628908
431697.2185096136 5303966.086536232 1047.3347494628908
431697.21632518346 5303966.09346436 1047.3347494628908
431697.21354523976 5303966.100175737 1047.3347494628908
431697.2101909394 5303966.106619288 1047.3347494628908
431697.2062878108 5303966.112745972 1047.3347494628908
431697.2018655589 5303966.118509163 1047.3347494628908
431697.1969578399 5303966.123864999 1047.3347494628908
431697.19160200446 5303966.128772718 1047.3347494628908
431697.1858388136 5303966.13319497 1047.3347494628908
431697.1797121289 5303966.137098098 1047.3347494628908
431697.1732685779 5303966.140452399 1047.3347494628908
431697.1665572001 5303966.143232343 1047.3347494628908
431697.159629073 5303966.145416773 1047.3347494628908
431697.1525369239 5303966.146989064 1047.3347494628908
431697.1453347284 5303966.147937251 1047.3347494628908
431697.13807729934 5303966.148254118 1047.3347494628908
431697.13081987033 5303966.147937251 1047.3347494628908
431697.1236176748 5303966.146989064 1047.3347494628908
431697.1165255257 5303966.145416773 1047.3347494628908
431697.1095973986 5303966.143232343 1047.3347494628908
431697.1028860208 5303966.140452399 1047.3347494628908
431697.0964424698 5303966.137098098 1047.3347494628908
431697.0903157851 5303966.13319497 1047.3347494628908
431697.0845525942 5303966.128772718 1047.3347494628908
431697.0791967588 5303966.123864999 1047.3347494628908
431697.07428903977 5303966.118509163 1047.3347494628908
431697.06986678793 5303966.112745972 1047.3347494628908
431697.06596365926 5303966.106619288 1047.3347494628908
431697.0626093589 5303966.100175737 1047.3347494628908
431697.0598294152 5303966.09346436 1047.3347494628908
431697.0576449852 5303966.086536232 1047.3347494628908
431697.0560726936 5303966.079444083 1047.3347494628908
431697.0551245065 5303966.072241887 1047.3347494628908
431697.0548076403 5303966.0649844585 1047.3347494628908
431697.0551245065 5303966.05772703 1047.3347494628908
431697.0560726936 5303966.050524834 1047.3347494628908
431697.0576449852 5303966.043432685 1047.3347494628908
431697.0598294152 5303966.036504557 1047.3347494628908
431697.0626093589 5303966.02979318 1047.3347494628908
431697.06596365926 5303966.023349629 1047.3347494628908
431697.06986678793 5303966.017222945 1047.3347494628908
431697.07428903977 5303966.011459754 1047.3347494628908
431697.0791967588 5303966.006103918 1047.3347494628908
431697.0845525942 5303966.001196199 1047.3347494628908
431697.0903157851 5303965.996773947 1047.3347494628908
431697.0964424698 5303965.992870819 1047.3347494628908
431697.1028860208 5303965.989516518 1047.3347494628908
431697.1095973986 5303965.986736574 1047.3347494628908
431697.1165255257 5303965.984552144 1047.3347494628908
431697.1236176748 5303965.982979853 1047.3347494628908
431697.13081987033 5303965.982031666 1047.3347494628908
431697.13807729934 5303965.981714799 1047.3347494628908
431697.1453347284 5303965.982031666 1047.3347494628908
431697.1525369239 5303965.982979853 1047.3347494628908
431697.159629073 5303965.984552144 1047.3347494628908
431697.1665572001 5303965.986736574 1047.3347494628908
431697.1732685779 5303965.989516518 1047.3347494628908
431697.1797121289 5303965.992870819 1047.3347494628908
431697.1858388136 5303965.996773947 1047.3347494628908
431697.19160200446 5303966.001196199 1047.3347494628908
431697.1969578399 5303966.006103918 1047.3347494628908
431697.2018655589 5303966.011459754 1047.3347494628908
431697.2062878108 5303966.017222945 1047.3347494628908
431697.2101909394 5303966.023349629 1047.3347494628908
431697.21354523976 5303966.02979318 1047.3347494628908
431697.21632518346 5303966.036504557 1047.3347494628908
431697.2185096136 5303966.043432685 1047.3347494628908
431697.22008190514 5303966.050524834 1047.3347494628908
431697.22103009216 5303966.05772703 1047.3347494628908
431650.42217898526 5303970.474371818 1047.7497885253908
431650.4216081626 5303970.487445806 1047.7497885253908
431650.419900039 5303970.500420293 1047.7497885253908
431650.4170676142 5303970.513196535 1047.7497885253908
431650.4131324447 5303970.525677298 1047.7497885253908
431650.4081244797 5303970.537767596 1047.7497885253908
431650.4020818325 5303970.549375413 1047.7497885253908
431650.3950504916 5303970.560412407 1047.7497885253908
431650.3870839696 5303970.570794581 1047.7497885253908
431650.3782428965 5303970.580442919 1047.7497885253908
431650.3685945583 5303970.589283993 1047.7497885253908
431650.3582123847 5303970.597250515 1047.7497885253908
431650.3471753902 5303970.604281855 1047.7497885253908
431650.33556757314 5303970.610324502 1047.7497885253908
431650.32347727584 5303970.615332468 1047.7497885253908
431650.31099651294 5303970.619267637 1047.7497885253908
431650.2982202704 5303970.622100062 1047.7497885253908
431650.28524578334 5303970.623808186 1047.7497885253908
431650.27217179525 5303970.624379008 1047.7497885253908
431650.2590978072 5303970.623808186 1047.7497885253908
431650.2461233201 5303970.622100062 1047.7497885253908
431650.2333470776 5303970.619267637 1047.7497885253908
431650.22086631466 5303970.615332468 1047.7497885253908
431650.20877601736 5303970.610324502 1047.7497885253908
431650.1971682003 5303970.604281855 1047.7497885253908
431650.1861312058 5303970.597250515 1047.7497885253908
431650.1757490322 5303970.589283993 1047.7497885253908
431650.166100694 5303970.580442919 1047.7497885253908
431650.15725962096 5303970.570794581 1047.7497885253908
431650.1492930989 5303970.560412407 1047.7497885253908
431650.142261758 5303970.549375413 1047.7497885253908
431650.13621911086 5303970.537767596 1047.7497885253908
431650.1312111458 5303970.525677298 1047.7497885253908
431650.1272759763 5303970.513196535 1047.7497885253908
431650.1244435515 5303970.500420293 1047.7497885253908
431650.1227354279 5303970.487445806 1047.7497885253908
431650.1221646053 5303970.474371818 1047.7497885253908
431650.1227354279 5303970.46129783 1047.7497885253908
431650.1244435515 5303970.448323343 1047.7497885253908
431650.1272759763 5303970.4355471 1047.7497885253908
431650.1312111458 5303970.423066338 1047.7497885253908
431650.13621911086 5303970.41097604 1047.7497885253908
431650.142261758 5303970.399368223 1047.7497885253908
431650.1492930989 5303970.388331229 1047.7497885253908
431650.15725962096 5303970.377949054 1047.7497885253908
431650.166100694 5303970.368300716 1047.7497885253908
431650.1757490322 5303970.359459643 1047.7497885253908
431650.1861312058 5303970.351493121 1047.7497885253908
431650.1971682003 5303970.344461781 1047.7497885253908
431650.20877601736 5303970.338419134 1047.7497885253908
431650.22086631466 5303970.333411168 1047.7497885253908
431650.2333470776 5303970.329475999 1047.7497885253908
431650.2461233201 5303970.326643574 1047.7497885253908
431650.2590978072 5303970.32493545 1047.7497885253908
431650.27217179525 5303970.324364628 1047.7497885253908
431650.28524578334 5303970.32493545 1047.7497885253908
431650.2982202704 5303970.326643574 1047.7497885253908
431650.31099651294 5303970.329475999 1047.7497885253908
431650.32347727584 5303970.333411168 1047.7497885253908
431650.33556757314 5303970.338419134 1047.7497885253908
431650.3471753902 5303970.344461781 1047.7497885253908
431650.3582123847 5303970.351493121 1047.7497885253908
431650.3685945583 5303970.359459643 1047.7497885253908
431650.3782428965 5303970.368300716 1047.7497885253908
431650.3870839696 5303970.377949054 1047.7497885253908
431650.3950504916 5303970.388331229 1047.7497885253908
431650.4020818325 5303970.399368223 1047.7497885253908
431650.4081244797 5303970.41097604 1047.7497885253908
431650.4131324447 5303970.423066338 1047.7497885253908
431650.4170676142 5303970.4355471 1047.7497885253908
431650.419900039 5303970.448323343 1047.7497885253908
431650.4216081626 5303970.46129783 1047.7497885253908
431699.76419948327 5304013.76948475 1052.919771435547
431699.7636752069 5304013.781492652 1052.919771435547
431699.7621063679 5304013.793409168 1052.919771435547
431699.7595049061 5304013.805143604 1052.919771435547
431699.7558906201 5304013.816606655 1052.919771435547
431699.7512910169 5304013.827711079 1052.919771435547
431699.7457411022 5304013.838372366 1052.919771435547
431699.7392831143 5304013.848509377 1052.919771435547
431699.7319662022 5304013.8580449615 1052.919771435547
431699.7238460522 5304013.866906551 1052.919771435547
431699.7149844634 5304013.875026701 1052.919771435547
431699.70544887794 5304013.882343613 1052.919771435547
431699.6953118674 5304013.888801601 1052.919771435547
431699.68465058046 5304013.894351515 1052.919771435547
431699.673546156 5304013.898951119 1052.919771435547
431699.6620831055 5304013.902565405 1052.919771435547
431699.65034866944 5304013.905166866 1052.919771435547
431699.6384321542 5304013.906735705 1052.919771435547
431699.62642425153 5304013.907259982 1052.919771435547
431699.61441634886 5304013.906735705 1052.919771435547
431699.6024998336 5304013.905166866 1052.919771435547
431699.5907653976 5304013.902565405 1052.919771435547
431699.57930234703 5304013.898951119 1052.919771435547
431699.5681979226 5304013.894351515 1052.919771435547
431699.55753663566 5304013.888801601 1052.919771435547
431699.5473996251 5304013.882343613 1052.919771435547
431699.53786403965 5304013.875026701 1052.919771435547
431699.5290024509 5304013.866906551 1052.919771435547
431699.52088230086 5304013.8580449615 1052.919771435547
431699.5135653888 5304013.848509377 1052.919771435547
431699.50710740086 5304013.838372366 1052.919771435547
431699.5015574861 5304013.827711079 1052.919771435547
431699.49695788295 5304013.816606655 1052.919771435547
431699.493343597 5304013.805143604 1052.919771435547
431699.4907421352 5304013.793409168 1052.919771435547
431699.48917329614 5304013.781492652 1052.919771435547
431699.4886490198 5304013.76948475 1052.919771435547
431699.48917329614 5304013.757476848 1052.919771435547
431699.4907421352 5304013.745560332 1052.919771435547
431699.493343597 5304013.733825896 1052.919771435547
431699.49695788295 5304013.722362845 1052.919771435547
431699.5015574861 5304013.711258421 1052.919771435547
431699.50710740086 5304013.700597134 1052.919771435547
431699.5135653888 5304013.690460123 1052.919771435547
431699.52088230086 5304013.6809245385 1052.919771435547
431699.5290024509 5304013.672062949 1052.919771435547
431699.53786403965 5304013.663942799 1052.919771435547
431699.5473996251 5304013.656625887 1052.919771435547
431699.55753663566 5304013.650167899 1052.919771435547
431699.5681979226 5304013.644617985 1052.919771435547
431699.57930234703 5304013.640018381 1052.919771435547
431699.5907653976 5304013.636404095 1052.919771435547
431699.6024998336 5304013.633802634 1052.919771435547
431699.61441634886 5304013.632233795 1052.919771435547
431699.62642425153 5304013.631709518 1052.919771435547
431699.6384321542 5304013.632233795 1052.919771435547
431699.65034866944 5304013.633802634 1052.919771435547
431699.6620831055 5304013.636404095 1052.919771435547
431699.673546156 5304013.640018381 1052.919771435547
431699.68465058046 5304013.644617985 1052.919771435547
431699.6953118674 5304013.650167899 1052.919771435547
431699.70544887794 5304013.656625887 1052.919771435547
431699.7149844634 5304013.663942799 1052.919771435547
431699.7238460522 5304013.672062949 1052.919771435547
431699.7319662022 5304013.6809245385 1052.919771435547
431699.7392831143 5304013.690460123 1052.919771435547
431699.7457411022 5304013.700597134 1052.919771435547
431699.7512910169 5304013.711258421 1052.919771435547
431699.7558906201 5304013.722362845 1052.919771435547
431699.7595049061 5304013.733825896 1052.919771435547
431699.7621063679 5304013.745560332 1052.919771435547
431699.7636752069 5304013.757476848 1052.919771435547
431684.3442027056 5304013.313742188 1053.422762158203
431684.3435004784 5304013.329825834 1053.422762158203
431684.3413991413 5304013.345787074 1053.422762158203
431684.3379146865 5304013.361504435 1053.422762158203
431684.3330736331 5304013.376858294 1053.422762158203
431684.3269128242 5304013.391731802 1053.422762158203
431684.3194791475 5304013.406011763 1053.422762158203
431684.3108291776 5304013.419589495 1053.422762158203
431684.301028746 5304013.432361667 1053.422762158203
431684.29015244 5304013.444231072 1053.422762158203
431684.2782830348 5304013.455107378 1053.422762158203
431684.2655108637 5304013.464907809 1053.422762158203
431684.2519331307 5304013.47355778 1053.422762158203
431684.23765317054 5304013.480991456 1053.422762158203
431684.2227796624 5304013.487152265 1053.422762158203
431684.2074258024 5304013.491993318 1053.422762158203
431684.1917084429 5304013.495477773 1053.422762158203
431684.1757472026 5304013.49757911 1053.422762158203
431684.1596635559 5304013.498281337 1053.422762158203
431684.1435799092 5304013.49757911 1053.422762158203
431684.1276186689 5304013.495477773 1053.422762158203
431684.1119013094 5304013.491993318 1053.422762158203
431684.0965474495 5304013.487152265 1053.422762158203
431684.0816739413 5304013.480991456 1053.422762158203
431684.0673939811 5304013.47355778 1053.422762158203
431684.0538162481 5304013.464907809 1053.422762158203
431684.041044077 5304013.455107378 1053.422762158203
431684.0291746718 5304013.444231072 1053.422762158203
431684.0182983658 5304013.432361667 1053.422762158203
431684.0084979342 5304013.419589495 1053.422762158203
431683.9998479643 5304013.406011763 1053.422762158203
431683.9924142876 5304013.391731802 1053.422762158203
431683.98625347874 5304013.376858294 1053.422762158203
431683.9814124253 5304013.361504435 1053.422762158203
431683.9779279706 5304013.345787074 1053.422762158203
431683.9758266335 5304013.329825834 1053.422762158203
431683.9751244063 5304013.313742188 1053.422762158203
431683.9758266335 5304013.297658541 1053.422762158203
431683.9779279706 5304013.281697301 1053.422762158203
431683.9814124253 5304013.265979941 1053.422762158203
431683.98625347874 5304013.250626082 1053.422762158203
431683.9924142876 5304013.235752573 1053.422762158203
431683.9998479643 5304013.221472613 1053.422762158203
431684.0084979342 5304013.20789488 1053.422762158203
431684.0182983658 5304013.195122709 1053.422762158203
431684.0291746718 5304013.183253304 1053.422762158203
431684.041044077 5304013.172376998 1053.422762158203
431684.0538162481 5304013.162576566 1053.422762158203
431684.0673939811 5304013.153926596 1053.422762158203
431684.0816739413 5304013.14649292 1053.422762158203
431684.0965474495 5304013.14033211 1053.422762158203
431684.1119013094 5304013.135491057 1053.422762158203
431684.1276186689 5304013.132006602 1053.422762158203
431684.1435799092 5304013.129905266 1053.422762158203
431684.1596635559 5304013.129203038 1053.422762158203
431684.1757472026 5304013.129905266 1053.422762158203
431684.1917084429 5304013.132006602 1053.422762158203
431684.2074258024 5304013.135491057 1053.422762158203
431684.2227796624 5304013.14033211 1053.422762158203
431684.23765317054 5304013.14649292 1053.422762158203
431684.2519331307 5304013.153926596 1053.422762158203
431684.2655108637 5304013.162576566 1053.422762158203
431684.2782830348 5304013.172376998 1053.422762158203
431684.29015244 5304013.183253304 1053.422762158203
431684.301028746 5304013.195122709 1053.422762158203
431684.3108291776 5304013.20789488 1053.422762158203
431684.3194791475 5304013.221472613 1053.422762158203
431684.3269128242 5304013.235752573 1053.422762158203
431684.3330736331 5304013.250626082 1053.422762158203
431684.3379146865 5304013.265979941 1053.422762158203
431684.3413991413 5304013.281697301 1053.422762158203
431684.3435004784 5304013.297658541 1053.422762158203
431659.29791256384 5303979.400942867 1047.546785595703
431659.2976858037 5303979.406136529 1047.546785595703
431659.29700724897 5303979.411290663 1047.546785595703
431659.2958820639 5303979.416366045 1047.546785595703
431659.2943188117 5303979.421324047 1047.546785595703
431659.2923293899 5303979.426126936 1047.546785595703
431659.2899289391 5303979.43073816 1047.546785595703
431659.28713572805 5303979.435122623 1047.546785595703
431659.28397101496 5303979.439246957 1047.546785595703
431659.2804588851 5303979.443079774 1047.546785595703
431659.27662606793 5303979.446591904 1047.546785595703
431659.2725017335 5303979.449756618 1047.546785595703
431659.2681172705 5303979.452549828 1047.546785595703
431659.2635060473 5303979.45495028 1047.546785595703
431659.2587031582 5303979.456939701 1047.546785595703
431659.2537451559 5303979.458502953 1047.546785595703
431659.2486697739 5303979.459628139 1047.546785595703
431659.243515639 5303979.460306693 1047.546785595703
431659.23832197714 5303979.460533453 1047.546785595703
431659.2331283153 5303979.460306693 1047.546785595703
431659.2279741804 5303979.459628139 1047.546785595703
431659.2228987984 5303979.458502953 1047.546785595703
431659.2179407961 5303979.456939701 1047.546785595703
431659.213137907 5303979.45495028 1047.546785595703
431659.2085266838 5303979.452549828 1047.546785595703
431659.2041422208 5303979.449756618 1047.546785595703
431659.2000178864 5303979.446591904 1047.546785595703
431659.1961850692 5303979.443079774 1047.546785595703
431659.1926729393 5303979.439246957 1047.546785595703
431659.18950822623 5303979.435122623 1047.546785595703
431659.1867150152 5303979.43073816 1047.546785595703
431659.1843145644 5303979.426126936 1047.546785595703
431659.18232514255 5303979.421324047 1047.546785595703
431659.1807618904 5303979.416366045 1047.546785595703
431659.1796367053 5303979.411290663 1047.546785595703
431659.1789581506 5303979.406136529 1047.546785595703
431659.1787313905 5303979.400942867 1047.546785595703
431659.1789581506 5303979.395749205 1047.546785595703
431659.1796367053 5303979.39059507 1047.546785595703
431659.1807618904 5303979.385519688 1047.546785595703
431659.18232514255 5303979.380561686 1047.546785595703
431659.1843145644 5303979.375758797 1047.546785595703
431659.1867150152 5303979.371147573 1047.546785595703
431659.18950822623 5303979.36676311 1047.546785595703
431659.1926729393 5303979.362638776 1047.546785595703
431659.1961850692 5303979.358805959 1047.546785595703
431659.2000178864 5303979.355293829 1047.546785595703
431659.2041422208 5303979.352129116 1047.546785595703
431659.2085266838 5303979.349335905 1047.546785595703
431659.213137907 5303979.346935454 1047.546785595703
431659.2179407961 5303979.344946032 1047.546785595703
431659.2228987984 5303979.34338278 1047.546785595703
431659.2279741804 5303979.342257595 1047.546785595703
431659.2331283153 5303979.3415790405 1047.546785595703
431659.23832197714 5303979.34135228 1047.546785595703
431659.243515639 5303979.3415790405 1047.546785595703
431659.2486697739 5303979.342257595 1047.546785595703
431659.2537451559 5303979.34338278 1047.546785595703
431659.2587031582 5303979.344946032 1047.546785595703
431659.2635060473 5303979.346935454 1047.546785595703
431659.2681172705 5303979.349335905 1047.546785595703
431659.2725017335 5303979.352129116 1047.546785595703
431659.27662606793 5303979.355293829 1047.546785595703
431659.2804588851 5303979.358805959 1047.546785595703
431659.28397101496 5303979.362638776 1047.546785595703
431659.28713572805 5303979.36676311 1047.546785595703
431659.2899289391 5303979.371147573 1047.546785595703
431659.2923293899 5303979.375758797 1047.546785595703
431659.2943188117 5303979.380561686 1047.546785595703
431659.2958820639 5303979.385519688 1047.546785595703
431659.29700724897 5303979.39059507 1047.546785595703
431659.2976858037 5303979.395749205 1047.546785595703
431661.2927992504 5304043.901034884 1054.443758251953
431661.292301244 5304043.912441107 1054.443758251953
431661.2908110148 5304043.923760521 1054.443758251953
431661.28833990433 5304043.93490698 1054.443758251953
431661.28490671935 5304043.945795652 1054.443758251953
431661.2805375884 5304043.956343668 1054.443758251953
431661.2752657632 5304043.966470749 1054.443758251953
431661.2691313655 5304043.9760998245 1054.443758251953
431661.26218108187 5304043.985157611 1054.443758251953
431661.25446780806 5304043.9935751725 1054.443758251953
431661.2460502468 5304044.001288446 1054.443758251953
431661.23699246073 5304044.00823873 1054.443758251953
431661.2273633852 5304044.014373127 1054.443758251953
431661.2172363032 5304044.019644952 1054.443758251953
431661.206688288 5304044.024014084 1054.443758251953
431661.1957996163 5304044.027447268 1054.443758251953
431661.1846531575 5304044.029918379 1054.443758251953
431661.1733337429 5304044.031408608 1054.443758251953
431661.16192752 5304044.031906615 1054.443758251953
431661.1505212971 5304044.031408608 1054.443758251953
431661.1392018825 5304044.029918379 1054.443758251953
431661.1280554237 5304044.027447268 1054.443758251953
431661.117166752 5304044.024014084 1054.443758251953
431661.1066187368 5304044.019644952 1054.443758251953
431661.0964916548 5304044.014373127 1054.443758251953
431661.0868625793 5304044.00823873 1054.443758251953
431661.07780479325 5304044.001288446 1054.443758251953
431661.069387232 5304043.9935751725 1054.443758251953
431661.06167395815 5304043.985157611 1054.443758251953
431661.0547236745 5304043.9760998245 1054.443758251953
431661.0485892769 5304043.966470749 1054.443758251953
431661.0433174516 5304043.956343668 1054.443758251953
431661.0389483207 5304043.945795652 1054.443758251953
431661.0355151357 5304043.93490698 1054.443758251953
431661.0330440253 5304043.923760521 1054.443758251953
431661.031553796 5304043.912441107 1054.443758251953
431661.0310557896 5304043.901034884 1054.443758251953
431661.031553796 5304043.889628661 1054.443758251953
431661.0330440253 5304043.878309247 1054.443758251953
431661.0355151357 5304043.867162788 1054.443758251953
431661.0389483207 5304043.856274116 1054.443758251953
431661.0433174516 5304043.845726101 1054.443758251953
431661.0485892769 5304043.835599019 1054.443758251953
431661.0547236745 5304043.825969944 1054.443758251953
431661.06167395815 5304043.816912157 1054.443758251953
431661.069387232 5304043.808494596 1054.443758251953
431661.07780479325 5304043.800781323 1054.443758251953
431661.0868625793 5304043.793831038 1054.443758251953
431661.0964916548 5304043.787696641 1054.443758251953
431661.1066187368 5304043.782424816 1054.443758251953
431661.117166752 5304043.778055685 1054.443758251953
431661.1280554237 5304043.7746225 1054.443758251953
431661.1392018825 5304043.772151389 1054.443758251953
431661.1505212971 5304043.77066116 1054.443758251953
431661.16192752 5304043.770163153 1054.443758251953
431661.1733337429 5304043.77066116 1054.443758251953
431661.1846531575 5304043.772151389 1054.443758251953
431661.1957996163 5304043.7746225 1054.443758251953
431661.206688288 5304043.778055685 1054.443758251953
431661.2172363032 5304043.782424816 1054.443758251953
431661.2273633852 5304043.787696641 1054.443758251953
431661.23699246073 5304043.793831038 1054.443758251953
431661.2460502468 5304043.800781323 1054.443758251953
431661.25446780806 5304043.808494596 1054.443758251953
431661.26218108187 5304043.816912157 1054.443758251953
431661.2691313655 5304043.825969944 1054.443758251953
431661.2752657632 5304043.835599019 1054.443758251953
431661.2805375884 5304043.845726101 1054.443758251953
431661.28490671935 5304043.856274116 1054.443758251953
431661.28833990433 5304043.867162788 1054.443758251953
431661.2908110148 5304043.878309247 1054.443758251953
431661.292301244 5304043.889628661 1054.443758251953
431589.5907198429 5304020.567809109 1054.5617392089846
431589.5897911614 5304020.589079414 1054.5617392089846
431589.58701218455 5304020.610187838 1054.5617392089846
431589.5824040621 5304020.630973735 1054.5617392089846
431589.5760018647 5304020.651278911 1054.5617392089846
431589.5678543168 5304020.670948832 1054.5617392089846
431589.5580234263 5304020.689833797 1054.5617392089846
431589.5465840121 5304020.70779008 1054.5617392089846
431589.5336231352 5304020.724681024 1054.5617392089846
431589.5192394355 5304020.740378078 1054.5617392089846
431589.5035423818 5304020.754761778 1054.5617392089846
431589.4866514381 5304020.767722654 1054.5617392089846
431589.4686951547 5304020.779162069 1054.5617392089846
431589.4498101897 5304020.788992959 1054.5617392089846
431589.4301402692 5304020.797140507 1054.5617392089846
431589.409835093 5304020.803542704 1054.5617392089846
431589.3890491959 5304020.808150827 1054.5617392089846
431589.3679407711 5304020.810929803 1054.5617392089846
431589.3466704664 5304020.811858485 1054.5617392089846
431589.3254001617 5304020.810929803 1054.5617392089846
431589.3042917369 5304020.808150827 1054.5617392089846
431589.2835058398 5304020.803542704 1054.5617392089846
431589.26320066367 5304020.797140507 1054.5617392089846
431589.2435307431 5304020.788992959 1054.5617392089846
431589.2246457781 5304020.779162069 1054.5617392089846
431589.2066894947 5304020.767722654 1054.5617392089846
431589.18979855103 5304020.754761778 1054.5617392089846
431589.1741014973 5304020.740378078 1054.5617392089846
431589.15971779765 5304020.724681024 1054.5617392089846
431589.14675692073 5304020.70779008 1054.5617392089846
431589.13531750656 5304020.689833797 1054.5617392089846
431589.1254866161 5304020.670948832 1054.5617392089846
431589.11733906815 5304020.651278911 1054.5617392089846
431589.11093687074 5304020.630973735 1054.5617392089846
431589.1063287483 5304020.610187838 1054.5617392089846
431589.1035497714 5304020.589079414 1054.5617392089846
431589.1026210899 5304020.567809109 1054.5617392089846
431589.1035497714 5304020.546538804 1054.5617392089846
431589.1063287483 5304020.525430379 1054.5617392089846
431589.11093687074 5304020.504644482 1054.5617392089846
431589.11733906815 5304020.484339306 1054.5617392089846
431589.1254866161 5304020.464669385 1054.5617392089846
431589.13531750656 5304020.445784421 1054.5617392089846
431589.14675692073 5304020.427828137 1054.5617392089846
431589.15971779765 5304020.410937193 1054.5617392089846
431589.1741014973 5304020.395240139 1054.5617392089846
431589.18979855103 5304020.38085644 1054.5617392089846
431589.2066894947 5304020.367895563 1054.5617392089846
431589.2246457781 5304020.356456148 1054.5617392089846
431589.2435307431 5304020.346625258 1054.5617392089846
431589.26320066367 5304020.33847771 1054.5617392089846
431589.2835058398 5304020.332075513 1054.5617392089846
431589.3042917369 5304020.32746739 1054.5617392089846
431589.3254001617 5304020.324688414 1054.5617392089846
431589.3466704664 5304020.323759732 1054.5617392089846
431589.3679407711 5304020.324688414 1054.5617392089846
431589.3890491959 5304020.32746739 1054.5617392089846
431589.409835093 5304020.332075513 1054.5617392089846
431589.4301402692 5304020.33847771 1054.5617392089846
431589.4498101897 5304020.346625258 1054.5617392089846
431589.4686951547 5304020.356456148 1054.5617392089846
431589.4866514381 5304020.367895563 1054.5617392089846
431589.5035423818 5304020.38085644 1054.5617392089846
431589.5192394355 5304020.395240139 1054.5617392089846
431589.5336231352 5304020.410937193 1054.5617392089846
431589.5465840121 5304020.427828137 1054.5617392089846
431589.5580234263 5304020.445784421 1054.5617392089846
431589.5678543168 5304020.464669385 1054.5617392089846
431589.5760018647 5304020.484339306 1054.5617392089846
431589.5824040621 5304020.504644482 1054.5617392089846
431589.58701218455 5304020.525430379 1054.5617392089846
431589.5897911614 5304020.546538804 1054.5617392089846
431641.30568542087 5303989.041686491 1049.6647665527346
431641.30489103554 5303989.059880907 1049.6647665527346
431641.3025139253 5303989.077936852 1049.6647665527346
431641.29857218126 5303989.09571691 1049.6647665527346
431641.2930958026 5303989.113085764 1049.6647665527346
431641.2861264679 5303989.129911226 1049.6647665527346
431641.2777172179 5303989.146065245 1049.6647665527346
431641.26793205214 5303989.161424879 1049.6647665527346
431641.2568454417 5303989.175873231 1049.6647665527346
431641.24454176216 5303989.1893003415 1049.6647665527346
431641.2311146522 5303989.201604021 1049.6647665527346
431641.2166663 5303989.212690631 1049.6647665527346
431641.2013066665 5303989.222475797 1049.6647665527346
431641.1851526476 5303989.230885047 1049.6647665527346
431641.1683271852 5303989.237854382 1049.6647665527346
431641.1509583312 5303989.24333076 1049.6647665527346
431641.133178273 5303989.2472725045 1049.6647665527346
431641.1151223278 5303989.249649614 1049.6647665527346
431641.0969279121 5303989.250444 1049.6647665527346
431641.0787334964 5303989.249649614 1049.6647665527346
431641.0606775512 5303989.2472725045 1049.6647665527346
431641.042897493 5303989.24333076 1049.6647665527346
431641.02552863903 5303989.237854382 1049.6647665527346
431641.00870317663 5303989.230885047 1049.6647665527346
431640.9925491577 5303989.222475797 1049.6647665527346
431640.97718952416 5303989.212690631 1049.6647665527346
431640.962741172 5303989.201604021 1049.6647665527346
431640.949314062 5303989.1893003415 1049.6647665527346
431640.9370103825 5303989.175873231 1049.6647665527346
431640.925923772 5303989.161424879 1049.6647665527346
431640.9161386063 5303989.146065245 1049.6647665527346
431640.90772935626 5303989.129911226 1049.6647665527346
431640.9007600216 5303989.113085764 1049.6647665527346
431640.8952836429 5303989.09571691 1049.6647665527346
431640.8913418989 5303989.077936852 1049.6647665527346
431640.88896478864 5303989.059880907 1049.6647665527346
431640.8881704033 5303989.041686491 1049.6647665527346
431640.88896478864 5303989.023492076 1049.6647665527346
431640.8913418989 5303989.00543613 1049.6647665527346
431640.8952836429 5303988.987656072 1049.6647665527346
431640.9007600216 5303988.970287218 1049.6647665527346
431640.90772935626 5303988.953461756 1049.6647665527346
431640.9161386063 5303988.937307737 1049.6647665527346
431640.925923772 5303988.921948103 1049.6647665527346
431640.9370103825 5303988.907499751 1049.6647665527346
431640.949314062 5303988.894072641 1049.6647665527346
431640.962741172 5303988.881768961 1049.6647665527346
431640.97718952416 5303988.870682351 1049.6647665527346
431640.9925491577 5303988.860897185 1049.6647665527346
431641.00870317663 5303988.852487936 1049.6647665527346
431641.02552863903 5303988.8455186 1049.6647665527346
431641.042897493 5303988.840042222 1049.6647665527346
431641.0606775512 5303988.836100478 1049.6647665527346
431641.0787334964 5303988.833723368 1049.6647665527346
431641.0969279121 5303988.832928983 1049.6647665527346
431641.1151223278 5303988.833723368 1049.6647665527346
431641.133178273 5303988.836100478 1049.6647665527346
431641.1509583312 5303988.840042222 1049.6647665527346
431641.1683271852 5303988.8455186 1049.6647665527346
431641.1851526476 5303988.852487936 1049.6647665527346
431641.2013066665 5303988.860897185 1049.6647665527346
431641.2166663 5303988.870682351 1049.6647665527346
431641.2311146522 5303988.881768961 1049.6647665527346
431641.24454176216 5303988.894072641 1049.6647665527346
431641.2568454417 5303988.907499751 1049.6647665527346
431641.26793205214 5303988.921948103 1049.6647665527346
431641.2777172179 5303988.937307737 1049.6647665527346
431641.2861264679 5303988.953461756 1049.6647665527346
431641.2930958026 5303988.970287218 1049.6647665527346
431641.29857218126 5303988.987656072 1049.6647665527346
431641.3025139253 5303989.00543613 1049.6647665527346
431641.30489103554 5303989.023492076 1049.6647665527346
431660.3465085357 5303977.12334837 1047.4347860839846
431660.3462035421 5303977.130333873 1047.4347860839846
431660.3452908823 5303977.137266212 1047.4347860839846
431660.3437775023 5303977.144092628 1047.4347860839846
431660.3416749199 5303977.150761168 1047.4347860839846
431660.3389991369 5303977.15722108 1047.4347860839846
431660.3357705176 5303977.163423199 1047.4347860839846
431660.33201363386 5303977.169320325 1047.4347860839846
431660.32775707776 5303977.174867578 1047.4347860839846
431660.3230332443 5303977.180022737 1047.4347860839846
431660.3178780847 5303977.184746571 1047.4347860839846
431660.3123308328 5303977.189003127 1047.4347860839846
431660.30643370654 5303977.19276001 1047.4347860839846
431660.3002315867 5303977.19598863 1047.4347860839846
431660.293771675 5303977.198664413 1047.4347860839846
431660.2871031354 5303977.200766996 1047.4347860839846
431660.2802767195 5303977.202280375 1047.4347860839846
431660.2733443804 5303977.203193035 1047.4347860839846
431660.26635887736 5303977.203498028 1047.4347860839846
431660.2593733744 5303977.203193035 1047.4347860839846
431660.2524410352 5303977.202280375 1047.4347860839846
431660.24561461934 5303977.200766996 1047.4347860839846
431660.2389460797 5303977.198664413 1047.4347860839846
431660.232486168 5303977.19598863 1047.4347860839846
431660.22628404817 5303977.19276001 1047.4347860839846
431660.220386922 5303977.189003127 1047.4347860839846
431660.2148396701 5303977.184746571 1047.4347860839846
431660.2096845104 5303977.180022737 1047.4347860839846
431660.20496067696 5303977.174867578 1047.4347860839846
431660.20070412086 5303977.169320325 1047.4347860839846
431660.1969472371 5303977.163423199 1047.4347860839846
431660.1937186178 5303977.15722108 1047.4347860839846
431660.1910428348 5303977.150761168 1047.4347860839846
431660.1889402524 5303977.144092628 1047.4347860839846
431660.1874268725 5303977.137266212 1047.4347860839846
431660.18651421263 5303977.130333873 1047.4347860839846
431660.186209219 5303977.12334837 1047.4347860839846
431660.18651421263 5303977.116362867 1047.4347860839846
431660.1874268725 5303977.109430528 1047.4347860839846
431660.1889402524 5303977.102604113 1047.4347860839846
431660.1910428348 5303977.095935573 1047.4347860839846
431660.1937186178 5303977.089475661 1047.4347860839846
431660.1969472371 5303977.083273541 1047.4347860839846
431660.20070412086 5303977.077376415 1047.4347860839846
431660.20496067696 5303977.071829163 1047.4347860839846
431660.2096845104 5303977.066674003 1047.4347860839846
431660.2148396701 5303977.0619501695 1047.4347860839846
431660.220386922 5303977.057693614 1047.4347860839846
431660.22628404817 5303977.05393673 1047.4347860839846
431660.232486168 5303977.05070811 1047.4347860839846
431660.2389460797 5303977.048032328 1047.4347860839846
431660.24561461934 5303977.045929745 1047.4347860839846
431660.2524410352 5303977.044416365 1047.4347860839846
431660.2593733744 5303977.043503705 1047.4347860839846
431660.26635887736 5303977.043198712 1047.4347860839846
431660.2733443804 5303977.043503705 1047.4347860839846
431660.2802767195 5303977.044416365 1047.4347860839846
431660.2871031354 5303977.045929745 1047.4347860839846
431660.293771675 5303977.048032328 1047.4347860839846
431660.3002315867 5303977.05070811 1047.4347860839846
431660.30643370654 5303977.05393673 1047.4347860839846
431660.3123308328 5303977.057693614 1047.4347860839846
431660.3178780847 5303977.0619501695 1047.4347860839846
431660.3230332443 5303977.066674003 1047.4347860839846
431660.32775707776 5303977.071829163 1047.4347860839846
431660.33201363386 5303977.077376415 1047.4347860839846
431660.3357705176 5303977.083273541 1047.4347860839846
431660.3389991369 5303977.089475661 1047.4347860839846
431660.3416749199 5303977.095935573 1047.4347860839846
431660.3437775023 5303977.102604113 1047.4347860839846
431660.3452908823 5303977.109430528 1047.4347860839846
431660.3462035421 5303977.116362867 1047.4347860839846
431699.1698096093 5304010.341798339 1052.6257650878908
431699.1691162603 5304010.357678641 1052.6257650878908
431699.1670414903 5304010.373438084 1052.6257650878908
431699.16360108944 5304010.388956728 1052.6257650878908
431699.15882124135 5304010.40411647 1052.6257650878908
431699.1527383234 5304010.418801933 1052.6257650878908
431699.14539863047 5304010.432901352 1052.6257650878908
431699.136858022 5304010.446307422 1052.6257650878908
431699.127181497 5304010.458918115 1052.6257650878908
431699.1164426998 5304010.470637456 1052.6257650878908
431699.1047233592 5304010.481376253 1052.6257650878908
431699.0921126664 5304010.4910527775 1052.6257650878908
431699.0787065963 5304010.499593386 1052.6257650878908
431699.0646071772 5304010.506933079 1052.6257650878908
431699.0499217144 5304010.513015997 1052.6257650878908
431699.0347619729 5304010.517795845 1052.6257650878908
431699.0192433276 5304010.521236246 1052.6257650878908
431699.0034838848 5304010.523311016 1052.6257650878908
431698.98760358326 5304010.524004365 1052.6257650878908
431698.9717232817 5304010.523311016 1052.6257650878908
431698.9559638389 5304010.521236246 1052.6257650878908
431698.9404451936 5304010.517795845 1052.6257650878908
431698.9252854521 5304010.513015997 1052.6257650878908
431698.9105999893 5304010.506933079 1052.6257650878908
431698.89650057023 5304010.499593386 1052.6257650878908
431698.88309450017 5304010.4910527775 1052.6257650878908
431698.87048380735 5304010.481376253 1052.6257650878908
431698.8587644667 5304010.470637456 1052.6257650878908
431698.8480256695 5304010.458918115 1052.6257650878908
431698.83834914456 5304010.446307422 1052.6257650878908
431698.829808536 5304010.432901352 1052.6257650878908
431698.8224688431 5304010.418801933 1052.6257650878908
431698.8163859252 5304010.40411647 1052.6257650878908
431698.811606077 5304010.388956728 1052.6257650878908
431698.8081656762 5304010.373438084 1052.6257650878908
431698.8060909062 5304010.357678641 1052.6257650878908
431698.80539755727 5304010.341798339 1052.6257650878908
431698.8060909062 5304010.325918037 1052.6257650878908
431698.8081656762 5304010.3101585945 1052.6257650878908
431698.811606077 5304010.29463995 1052.6257650878908
431698.8163859252 5304010.279480208 1052.6257650878908
431698.8224688431 5304010.2647947455 1052.6257650878908
431698.829808536 5304010.250695326 1052.6257650878908
431698.83834914456 5304010.237289256 1052.6257650878908
431698.8480256695 5304010.224678563 1052.6257650878908
431698.8587644667 5304010.212959223 1052.6257650878908
431698.87048380735 5304010.202220425 1052.6257650878908
431698.88309450017 5304010.192543901 1052.6257650878908
431698.89650057023 5304010.184003292 1052.6257650878908
431698.9105999893 5304010.176663599 1052.6257650878908
431698.9252854521 5304010.170580681 1052.6257650878908
431698.9404451936 5304010.165800833 1052.6257650878908
431698.9559638389 5304010.162360432 1052.6257650878908
431698.9717232817 5304010.160285662 1052.6257650878908
431698.98760358326 5304010.159592313 1052.6257650878908
431699.0034838848 5304010.160285662 1052.6257650878908
431699.0192433276 5304010.162360432 1052.6257650878908
431699.0347619729 5304010.165800833 1052.6257650878908
431699.0499217144 5304010.170580681 1052.6257650878908
431699.0646071772 5304010.176663599 1052.6257650878908
431699.0787065963 5304010.184003292 1052.6257650878908
431699.0921126664 5304010.192543901 1052.6257650878908
431699.1047233592 5304010.202220425 1052.6257650878908
431699.1164426998 5304010.212959223 1052.6257650878908
431699.127181497 5304010.224678563 1052.6257650878908
431699.136858022 5304010.237289256 1052.6257650878908
431699.14539863047 5304010.250695326 1052.6257650878908
431699.1527383234 5304010.2647947455 1052.6257650878908
431699.15882124135 5304010.279480208 1052.6257650878908
431699.16360108944 5304010.29463995 1052.6257650878908
431699.1670414903 5304010.3101585945 1052.6257650878908
431699.1691162603 5304010.325918037 1052.6257650878908
431692.664143647 5304010.003864033 1053.4697592285158
431692.66347504815 5304010.019177466 1053.4697592285158
431692.6614743399 5304010.0343743535 1053.4697592285158
431692.658156749 5304010.049339038 1053.4697592285158
431692.6535475241 5304010.0639576325 1053.4697592285158
431692.6476817444 5304010.0781188775 1053.4697592285158
431692.640604052 5304010.091714998 1053.4697592285158
431692.6323683123 5304010.10464252 1053.4697592285158
431692.62303720426 5304010.116803057 1053.4697592285158
431692.61268174334 5304010.128104059 1053.4697592285158
431692.6013807408 5304010.13845952 1053.4697592285158
431692.5892202041 5304010.147790628 1053.4697592285158
431692.5762926823 5304010.156026368 1053.4697592285158
431692.5626965616 5304010.16310406 1053.4697592285158
431692.5485353167 5304010.16896984 1053.4697592285158
431692.5339167232 5304010.173579064 1053.4697592285158
431692.5189520374 5304010.176896656 1053.4697592285158
431692.50375514966 5304010.178897364 1053.4697592285158
431692.4884417175 5304010.179565962 1053.4697592285158
431692.4731282854 5304010.178897364 1053.4697592285158
431692.45793139766 5304010.176896656 1053.4697592285158
431692.4429667119 5304010.173579064 1053.4697592285158
431692.4283481184 5304010.16896984 1053.4697592285158
431692.4141868735 5304010.16310406 1053.4697592285158
431692.4005907528 5304010.156026368 1053.4697592285158
431692.3876632309 5304010.147790628 1053.4697592285158
431692.3755026942 5304010.13845952 1053.4697592285158
431692.3642016917 5304010.128104059 1053.4697592285158
431692.3538462308 5304010.116803057 1053.4697592285158
431692.3445151228 5304010.10464252 1053.4697592285158
431692.3362793831 5304010.091714998 1053.4697592285158
431692.3292016906 5304010.0781188775 1053.4697592285158
431692.3233359109 5304010.0639576325 1053.4697592285158
431692.31872668606 5304010.049339038 1053.4697592285158
431692.3154090952 5304010.0343743535 1053.4697592285158
431692.3134083869 5304010.019177466 1053.4697592285158
431692.312739788 5304010.003864033 1053.4697592285158
431692.3134083869 5304009.988550601 1053.4697592285158
431692.3154090952 5304009.973353713 1053.4697592285158
431692.31872668606 5304009.958389028 1053.4697592285158
431692.3233359109 5304009.943770434 1053.4697592285158
431692.3292016906 5304009.929609189 1053.4697592285158
431692.3362793831 5304009.9160130685 1053.4697592285158
431692.3445151228 5304009.903085547 1053.4697592285158
431692.3538462308 5304009.89092501 1053.4697592285158
431692.3642016917 5304009.879624007 1053.4697592285158
431692.3755026942 5304009.869268547 1053.4697592285158
431692.3876632309 5304009.859937439 1053.4697592285158
431692.4005907528 5304009.851701698 1053.4697592285158
431692.4141868735 5304009.844624006 1053.4697592285158
431692.4283481184 5304009.8387582265 1053.4697592285158
431692.4429667119 5304009.834149002 1053.4697592285158
431692.45793139766 5304009.83083141 1053.4697592285158
431692.4731282854 5304009.828830702 1053.4697592285158
431692.4884417175 5304009.828162104 1053.4697592285158
431692.50375514966 5304009.828830702 1053.4697592285158
431692.5189520374 5304009.83083141 1053.4697592285158
431692.5339167232 5304009.834149002 1053.4697592285158
431692.5485353167 5304009.8387582265 1053.4697592285158
431692.5626965616 5304009.844624006 1053.4697592285158
431692.5762926823 5304009.851701698 1053.4697592285158
431692.5892202041 5304009.859937439 1053.4697592285158
431692.6013807408 5304009.869268547 1053.4697592285158
431692.61268174334 5304009.879624007 1053.4697592285158
431692.62303720426 5304009.89092501 1053.4697592285158
431692.6323683123 5304009.903085547 1053.4697592285158
431692.640604052 5304009.9160130685 1053.4697592285158
431692.6476817444 5304009.929609189 1053.4697592285158
431692.6535475241 5304009.943770434 1053.4697592285158
431692.658156749 5304009.958389028 1053.4697592285158
431692.6614743399 5304009.973353713 1053.4697592285158
431692.66347504815 5304009.988550601 1053.4697592285158
431690.86590955633 5304004.484254442 1052.762789013672
431690.8652300984 5304004.499816587 1052.762789013672
431690.8631968957 5304004.515260295 1052.762789013672
431690.8598254221 5304004.53046803 1052.762789013672
431690.8551413366 5304004.545324051 1052.762789013672
431690.8491802879 5304004.559715295 1052.762789013672
431690.8419876432 5304004.573532238 1052.762789013672
431690.8336181428 5304004.586669722 1052.762789013672
431690.8241354837 5304004.599027763 1052.762789013672
431690.81361183466 5304004.610512311 1052.762789013672
431690.802127287 5304004.6210359605 1052.762789013672
431690.7897692451 5304004.630518619 1052.762789013672
431690.77663176105 5304004.63888812 1052.762789013672
431690.7628148191 5304004.646080764 1052.762789013672
431690.7484235744 5304004.652041813 1052.762789013672
431690.7335675532 5304004.656725898 1052.762789013672
431690.7183598187 5304004.660097372 1052.762789013672
431690.70291611087 5304004.662130575 1052.762789013672
431690.68735396577 5304004.662810033 1052.762789013672
431690.6717918207 5304004.662130575 1052.762789013672
431690.65634811285 5304004.660097372 1052.762789013672
431690.6411403783 5304004.656725898 1052.762789013672
431690.6262843571 5304004.652041813 1052.762789013672
431690.6118931125 5304004.646080764 1052.762789013672
431690.5980761705 5304004.63888812 1052.762789013672
431690.58493868646 5304004.630518619 1052.762789013672
431690.5725806445 5304004.6210359605 1052.762789013672
431690.5610960969 5304004.610512311 1052.762789013672
431690.5505724478 5304004.599027763 1052.762789013672
431690.5410897887 5304004.586669722 1052.762789013672
431690.5327202883 5304004.573532238 1052.762789013672
431690.5255276436 5304004.559715295 1052.762789013672
431690.5195665949 5304004.545324051 1052.762789013672
431690.5148825094 5304004.53046803 1052.762789013672
431690.5115110359 5304004.515260295 1052.762789013672
431690.5094778331 5304004.499816587 1052.762789013672
431690.5087983752 5304004.484254442 1052.762789013672
431690.5094778331 5304004.468692297 1052.762789013672
431690.5115110359 5304004.453248589 1052.762789013672
431690.5148825094 5304004.438040854 1052.762789013672
431690.5195665949 5304004.4231848335 1052.762789013672
431690.5255276436 5304004.408793589 1052.762789013672
431690.5327202883 5304004.394976647 1052.762789013672
431690.5410897887 5304004.381839163 1052.762789013672
431690.5505724478 5304004.369481121 1052.762789013672
431690.5610960969 5304004.357996574 1052.762789013672
431690.5725806445 5304004.347472924 1052.762789013672
431690.58493868646 5304004.337990265 1052.762789013672
431690.5980761705 5304004.329620765 1052.762789013672
431690.6118931125 5304004.32242812 1052.762789013672
431690.6262843571 5304004.316467071 1052.762789013672
431690.6411403783 5304004.311782986 1052.762789013672
431690.65634811285 5304004.3084115125 1052.762789013672
431690.6717918207 5304004.30637831 1052.762789013672
431690.68735396577 5304004.305698851 1052.762789013672
431690.70291611087 5304004.30637831 1052.762789013672
431690.7183598187 5304004.3084115125 1052.762789013672
431690.7335675532 5304004.311782986 1052.762789013672
431690.7484235744 5304004.316467071 1052.762789013672
431690.7628148191 5304004.32242812 1052.762789013672
431690.77663176105 5304004.329620765 1052.762789013672
431690.7897692451 5304004.337990265 1052.762789013672
431690.802127287 5304004.347472924 1052.762789013672
431690.81361183466 5304004.357996574 1052.762789013672
431690.8241354837 5304004.369481121 1052.762789013672
431690.8336181428 5304004.381839163 1052.762789013672
431690.8419876432 5304004.394976647 1052.762789013672
431690.8491802879 5304004.408793589 1052.762789013672
431690.8551413366 5304004.4231848335 1052.762789013672
431690.8598254221 5304004.438040854 1052.762789013672
431690.8631968957 5304004.453248589 1052.762789013672
431690.8652300984 5304004.468692297 1052.762789013672
431587.7347273842 5304020.835917294 1054.6857626464846
431587.7339749514 5304020.853150839 1054.6857626464846
431587.73172337934 5304020.870253227 1054.6857626464846
431587.727989804 5304020.8870942965 1054.6857626464846
431587.72280264006 5304020.903545879 1054.6857626464846
431587.71620136494 5304020.919482767 1054.6857626464846
431587.7082362184 5304020.934783671 1054.6857626464846
431587.6989678199 5304020.949332142 1054.6857626464846
431587.6884667077 5304020.963017458 1054.6857626464846
431587.6768128015 5304020.975735465 1054.6857626464846
431587.66409479466 5304020.987389371 1054.6857626464846
431587.6504094788 5304020.997890484 1054.6857626464846
431587.6358610074 5304021.007158882 1054.6857626464846
431587.6205601032 5304021.015124029 1054.6857626464846
431587.6046232153 5304021.021725304 1054.6857626464846
431587.5881716331 5304021.026912468 1054.6857626464846
431587.571330563 5304021.030646043 1054.6857626464846
431587.55422817566 5304021.032897615 1054.6857626464846
431587.53699463065 5304021.033650047 1054.6857626464846
431587.5197610856 5304021.032897615 1054.6857626464846
431587.5026586983 5304021.030646043 1054.6857626464846
431587.4858176282 5304021.026912468 1054.6857626464846
431587.469366046 5304021.021725304 1054.6857626464846
431587.4534291581 5304021.015124029 1054.6857626464846
431587.43812825385 5304021.007158882 1054.6857626464846
431587.42357978254 5304020.997890484 1054.6857626464846
431587.4098944666 5304020.987389371 1054.6857626464846
431587.3971764598 5304020.975735465 1054.6857626464846
431587.3855225536 5304020.963017458 1054.6857626464846
431587.3750214414 5304020.949332142 1054.6857626464846
431587.3657530429 5304020.934783671 1054.6857626464846
431587.3577878964 5304020.919482767 1054.6857626464846
431587.3511866213 5304020.903545879 1054.6857626464846
431587.3459994573 5304020.8870942965 1054.6857626464846
431587.342265882 5304020.870253227 1054.6857626464846
431587.3400143099 5304020.853150839 1054.6857626464846
431587.3392618771 5304020.835917294 1054.6857626464846
431587.3400143099 5304020.818683749 1054.6857626464846
431587.342265882 5304020.801581361 1054.6857626464846
431587.3459994573 5304020.784740292 1054.6857626464846
431587.3511866213 5304020.768288709 1054.6857626464846
431587.3577878964 5304020.752351821 1054.6857626464846
431587.3657530429 5304020.737050917 1054.6857626464846
431587.3750214414 5304020.722502446 1054.6857626464846
431587.3855225536 5304020.70881713 1054.6857626464846
431587.3971764598 5304020.696099123 1054.6857626464846
431587.4098944666 5304020.684445217 1054.6857626464846
431587.42357978254 5304020.673944104 1054.6857626464846
431587.43812825385 5304020.664675706 1054.6857626464846
431587.4534291581 5304020.65671056 1054.6857626464846
431587.469366046 5304020.650109285 1054.6857626464846
431587.4858176282 5304020.6449221205 1054.6857626464846
431587.5026586983 5304020.641188545 1054.6857626464846
431587.5197610856 5304020.638936973 1054.6857626464846
431587.53699463065 5304020.638184541 1054.6857626464846
431587.55422817566 5304020.638936973 1054.6857626464846
431587.571330563 5304020.641188545 1054.6857626464846
431587.5881716331 5304020.6449221205 1054.6857626464846
431587.6046232153 5304020.650109285 1054.6857626464846
431587.6205601032 5304020.65671056 1054.6857626464846
431587.6358610074 5304020.664675706 1054.6857626464846
431587.6504094788 5304020.673944104 1054.6857626464846
431587.66409479466 5304020.684445217 1054.6857626464846
431587.6768128015 5304020.696099123 1054.6857626464846
431587.6884667077 5304020.70881713 1054.6857626464846
431587.6989678199 5304020.722502446 1054.6857626464846
431587.7082362184 5304020.737050917 1054.6857626464846
431587.71620136494 5304020.752351821 1054.6857626464846
431587.72280264006 5304020.768288709 1054.6857626464846
431587.727989804 5304020.784740292 1054.6857626464846
431587.73172337934 5304020.801581361 1054.6857626464846
431587.7339749514 5304020.818683749 1054.6857626464846
431664.4124530323 5304024.52384302 1053.6677572753908
431664.4119223623 5304024.535997361 1053.6677572753908
431664.4103343911 5304024.5480592 1053.6677572753908
431664.407701204 5304024.55993674 1053.6677572753908
431664.4040428412 5304024.571539585 1053.6677572753908
431664.399387145 5304024.582779429 1053.6677572753908
431664.39376954816 5304024.5935707325 1053.6677572753908
431664.387232804 5304024.603831365 1053.6677572753908
431664.37982666097 5304024.613483239 1053.6677572753908
431664.3716074844 5304024.622452896 1053.6677572753908
431664.362637827 5304024.630672073 1053.6677572753908
431664.3529859535 5304024.638078216 1053.6677572753908
431664.3427253204 5304024.64461496 1053.6677572753908
431664.3319340173 5304024.650232556 1053.6677572753908
431664.3206941725 5304024.654888253 1053.6677572753908
431664.3090913281 5304024.658546615 1053.6677572753908
431664.2972137887 5304024.661179802 1053.6677572753908
431664.2851519496 5304024.6627677735 1053.6677572753908
431664.2729976085 5304024.663298444 1053.6677572753908
431664.2608432675 5304024.6627677735 1053.6677572753908
431664.2487814283 5304024.661179802 1053.6677572753908
431664.2369038889 5304024.658546615 1053.6677572753908
431664.2253010445 5304024.654888253 1053.6677572753908
431664.21406119975 5304024.650232556 1053.6677572753908
431664.2032698967 5304024.64461496 1053.6677572753908
431664.19300926354 5304024.638078216 1053.6677572753908
431664.18335739005 5304024.630672073 1053.6677572753908
431664.1743877327 5304024.622452896 1053.6677572753908
431664.1661685561 5304024.613483239 1053.6677572753908
431664.1587624131 5304024.603831365 1053.6677572753908
431664.1522256689 5304024.5935707325 1053.6677572753908
431664.146608072 5304024.582779429 1053.6677572753908
431664.1419523759 5304024.571539585 1053.6677572753908
431664.1382940131 5304024.55993674 1053.6677572753908
431664.135660826 5304024.5480592 1053.6677572753908
431664.1340728548 5304024.535997361 1053.6677572753908
431664.1335421848 5304024.52384302 1053.6677572753908
431664.1340728548 5304024.511688679 1053.6677572753908
431664.135660826 5304024.49962684 1053.6677572753908
431664.1382940131 5304024.487749301 1053.6677572753908
431664.1419523759 5304024.476146456 1053.6677572753908
431664.146608072 5304024.464906612 1053.6677572753908
431664.1522256689 5304024.454115308 1053.6677572753908
431664.1587624131 5304024.443854676 1053.6677572753908
431664.1661685561 5304024.434202801 1053.6677572753908
431664.1743877327 5304024.425233144 1053.6677572753908
431664.18335739005 5304024.417013967 1053.6677572753908
431664.19300926354 5304024.409607825 1053.6677572753908
431664.2032698967 5304024.40307108 1053.6677572753908
431664.21406119975 5304024.397453484 1053.6677572753908
431664.2253010445 5304024.392797788 1053.6677572753908
431664.2369038889 5304024.389139425 1053.6677572753908
431664.2487814283 5304024.386506238 1053.6677572753908
431664.2608432675 5304024.384918267 1053.6677572753908
431664.2729976085 5304024.3843875965 1053.6677572753908
431664.2851519496 5304024.384918267 1053.6677572753908
431664.2972137887 5304024.386506238 1053.6677572753908
431664.3090913281 5304024.389139425 1053.6677572753908
431664.3206941725 5304024.392797788 1053.6677572753908
431664.3319340173 5304024.397453484 1053.6677572753908
431664.3427253204 5304024.40307108 1053.6677572753908
431664.3529859535 5304024.409607825 1053.6677572753908
431664.362637827 5304024.417013967 1053.6677572753908
431664.3716074844 5304024.425233144 1053.6677572753908
431664.37982666097 5304024.434202801 1053.6677572753908
431664.387232804 5304024.443854676 1053.6677572753908
431664.39376954816 5304024.454115308 1053.6677572753908
431664.399387145 5304024.464906612 1053.6677572753908
431664.4040428412 5304024.476146456 1053.6677572753908
431664.407701204 5304024.487749301 1053.6677572753908
431664.4103343911 5304024.49962684 1053.6677572753908
431664.4119223623 5304024.511688679 1053.6677572753908
431695.823154648 5303951.49629318 1050.013765576172
431695.8224670594 5303951.512041546 1050.013765576172
431695.8204095268 5303951.527670059 1050.013765576172
431695.8169977089 5303951.543059775 1050.013765576172
431695.812257572 5303951.558093568 1050.013765576172
431695.80622519134 5303951.572657024 1050.013765576172
431695.79894647695 5303951.586639304 1050.013765576172
431695.7904768242 5303951.599933996 1050.013765576172
431695.7808806924 5303951.612439918 1050.013765576172
431695.77023111365 5303951.624061894 1050.013765576172
431695.758609138 5303951.634711472 1050.013765576172
431695.7461032154 5303951.644307605 1050.013765576172
431695.7328085237 5303951.652777257 1050.013765576172
431695.71882624336 5303951.660055972 1050.013765576172
431695.7042627881 5303951.666088352 1050.013765576172
431695.6892289946 5303951.67082849 1050.013765576172
431695.67383927904 5303951.674240307 1050.013765576172
431695.6582107664 5303951.67629784 1050.013765576172
431695.6424623993 5303951.676985429 1050.013765576172
431695.6267140322 5303951.67629784 1050.013765576172
431695.6110855196 5303951.674240307 1050.013765576172
431695.5956958041 5303951.67082849 1050.013765576172
431695.5806620105 5303951.666088352 1050.013765576172
431695.5660985553 5303951.660055972 1050.013765576172
431695.552116275 5303951.652777257 1050.013765576172
431695.53882158326 5303951.644307605 1050.013765576172
431695.5263156607 5303951.634711472 1050.013765576172
431695.514693685 5303951.624061894 1050.013765576172
431695.5040441063 5303951.612439918 1050.013765576172
431695.4944479744 5303951.599933996 1050.013765576172
431695.4859783217 5303951.586639304 1050.013765576172
431695.4786996073 5303951.572657024 1050.013765576172
431695.4726672266 5303951.558093568 1050.013765576172
431695.4679270897 5303951.543059775 1050.013765576172
431695.4645152719 5303951.527670059 1050.013765576172
431695.4624577392 5303951.512041546 1050.013765576172
431695.4617701506 5303951.49629318 1050.013765576172
431695.4624577392 5303951.480544813 1050.013765576172
431695.4645152719 5303951.4649163 1050.013765576172
431695.4679270897 5303951.449526585 1050.013765576172
431695.4726672266 5303951.434492791 1050.013765576172
431695.4786996073 5303951.419929336 1050.013765576172
431695.4859783217 5303951.405947056 1050.013765576172
431695.4944479744 5303951.392652364 1050.013765576172
431695.5040441063 5303951.380146441 1050.013765576172
431695.514693685 5303951.368524466 1050.013765576172
431695.5263156607 5303951.357874887 1050.013765576172
431695.53882158326 5303951.348278754 1050.013765576172
431695.552116275 5303951.339809102 1050.013765576172
431695.5660985553 5303951.332530388 1050.013765576172
431695.5806620105 5303951.326498007 1050.013765576172
431695.5956958041 5303951.32175787 1050.013765576172
431695.6110855196 5303951.318346052 1050.013765576172
431695.6267140322 5303951.31628852 1050.013765576172
431695.6424623993 5303951.315600931 1050.013765576172
431695.6582107664 5303951.31628852 1050.013765576172
431695.67383927904 5303951.318346052 1050.013765576172
431695.6892289946 5303951.32175787 1050.013765576172
431695.7042627881 5303951.326498007 1050.013765576172
431695.71882624336 5303951.332530388 1050.013765576172
431695.7328085237 5303951.339809102 1050.013765576172
431695.7461032154 5303951.348278754 1050.013765576172
431695.758609138 5303951.357874887 1050.013765576172
431695.77023111365 5303951.368524466 1050.013765576172
431695.7808806924 5303951.380146441 1050.013765576172
431695.7904768242 5303951.392652364 1050.013765576172
431695.79894647695 5303951.405947056 1050.013765576172
431695.80622519134 5303951.419929336 1050.013765576172
431695.812257572 5303951.434492791 1050.013765576172
431695.8169977089 5303951.449526585 1050.013765576172
431695.8204095268 5303951.4649163 1050.013765576172
431695.8224670594 5303951.480544813 1050.013765576172
431657.7851681652 5303977.937509157 1047.652742626953
431657.7842332117 5303977.9589231135 1047.652742626953
431657.78143546666 5303977.980174097 1047.652742626953
431657.7767962226 5303978.001100374 1047.652742626953
431657.77035078703 5303978.021542684 1047.652742626953
431657.7621482136 5303978.041345448 1047.652742626953
431657.7522509288 5303978.060357955 1047.652742626953
431657.740734257 5303978.078435509 1047.652742626953
431657.727685847 5303978.095440528 1047.652742626953
431657.7132050051 5303978.1112435935 1047.652742626953
431657.6974019392 5303978.125724436 1047.652742626953
431657.6803969202 5303978.138772846 1047.652742626953
431657.6623193666 5303978.150289518 1047.652742626953
431657.6433068594 5303978.160186802 1047.652742626953
431657.62350409536 5303978.168389376 1047.652742626953
431657.6030617854 5303978.174834811 1047.652742626953
431657.582135508 5303978.179474056 1047.652742626953
431657.5608845245 5303978.182271801 1047.652742626953
431657.5394705679 5303978.183206754 1047.652742626953
431657.5180566113 5303978.182271801 1047.652742626953
431657.49680562783 5303978.179474056 1047.652742626953
431657.4758793504 5303978.174834811 1047.652742626953
431657.4554370404 5303978.168389376 1047.652742626953
431657.4356342764 5303978.160186802 1047.652742626953
431657.4166217692 5303978.150289518 1047.652742626953
431657.3985442156 5303978.138772846 1047.652742626953
431657.3815391966 5303978.125724436 1047.652742626953
431657.3657361307 5303978.1112435935 1047.652742626953
431657.3512552888 5303978.095440528 1047.652742626953
431657.3382068788 5303978.078435509 1047.652742626953
431657.3266902069 5303978.060357955 1047.652742626953
431657.31679292215 5303978.041345448 1047.652742626953
431657.3085903488 5303978.021542684 1047.652742626953
431657.3021449132 5303978.001100374 1047.652742626953
431657.2975056691 5303977.980174097 1047.652742626953
431657.29470792407 5303977.9589231135 1047.652742626953
431657.29377297056 5303977.937509157 1047.652742626953
431657.29470792407 5303977.9160952 1047.652742626953
431657.2975056691 5303977.894844216 1047.652742626953
431657.3021449132 5303977.873917939 1047.652742626953
431657.3085903488 5303977.853475629 1047.652742626953
431657.31679292215 5303977.833672865 1047.652742626953
431657.3266902069 5303977.814660358 1047.652742626953
431657.3382068788 5303977.796582804 1047.652742626953
431657.3512552888 5303977.779577785 1047.652742626953
431657.3657361307 5303977.76377472 1047.652742626953
431657.3815391966 5303977.749293878 1047.652742626953
431657.3985442156 5303977.736245467 1047.652742626953
431657.4166217692 5303977.724728796 1047.652742626953
431657.4356342764 5303977.714831512 1047.652742626953
431657.4554370404 5303977.706628937 1047.652742626953
431657.4758793504 5303977.700183502 1047.652742626953
431657.49680562783 5303977.695544258 1047.652742626953
431657.5180566113 5303977.692746513 1047.652742626953
431657.5394705679 5303977.69181156 1047.652742626953
431657.5608845245 5303977.692746513 1047.652742626953
431657.582135508 5303977.695544258 1047.652742626953
431657.6030617854 5303977.700183502 1047.652742626953
431657.62350409536 5303977.706628937 1047.652742626953
431657.6433068594 5303977.714831512 1047.652742626953
431657.6623193666 5303977.724728796 1047.652742626953
431657.6803969202 5303977.736245467 1047.652742626953
431657.6974019392 5303977.749293878 1047.652742626953
431657.7132050051 5303977.76377472 1047.652742626953
431657.727685847 5303977.779577785 1047.652742626953
431657.740734257 5303977.796582804 1047.652742626953
431657.7522509288 5303977.814660358 1047.652742626953
431657.7621482136 5303977.833672865 1047.652742626953
431657.77035078703 5303977.853475629 1047.652742626953
431657.7767962226 5303977.873917939 1047.652742626953
431657.78143546666 5303977.894844216 1047.652742626953
431657.7842332117 5303977.9160952 1047.652742626953
431698.4366610263 5304037.116763699 1053.2037680175783
431698.4355768652 5304037.14159507 1053.2037680175783
431698.43233263306 5304037.16623746 1053.2037680175783
431698.4269530204 5304037.190503325 1053.2037680175783
431698.4194789693 5304037.214207986 1053.2037680175783
431698.4099673618 5304037.237171038 1053.2037680175783
431698.3984905871 5304037.259217718 1053.2037680175783
431698.3851359902 5304037.280180235 1053.2037680175783
431698.3700052078 5304037.299899056 1053.2037680175783
431698.3532133942 5304037.318224104 1053.2037680175783
431698.33488834527 5304037.335015918 1053.2037680175783
431698.3151695257 5304037.350146701 1053.2037680175783
431698.2942070076 5304037.363501297 1053.2037680175783
431698.2721603284 5304037.374978072 1053.2037680175783
431698.2491972767 5304037.38448968 1053.2037680175783
431698.2254926151 5304037.391963731 1053.2037680175783
431698.2012267504 5304037.397343343 1053.2037680175783
431698.1765843605 5304037.400587576 1053.2037680175783
431698.15175298887 5304037.4016717365 1053.2037680175783
431698.12692161725 5304037.400587576 1053.2037680175783
431698.10227922734 5304037.397343343 1053.2037680175783
431698.07801336265 5304037.391963731 1053.2037680175783
431698.0543087011 5304037.38448968 1053.2037680175783
431698.0313456493 5304037.374978072 1053.2037680175783
431698.0092989701 5304037.363501297 1053.2037680175783
431697.9883364521 5304037.350146701 1053.2037680175783
431697.96861763246 5304037.335015918 1053.2037680175783
431697.9502925836 5304037.318224104 1053.2037680175783
431697.93350077 5304037.299899056 1053.2037680175783
431697.9183699875 5304037.280180235 1053.2037680175783
431697.90501539066 5304037.259217718 1053.2037680175783
431697.8935386159 5304037.237171038 1053.2037680175783
431697.8840270084 5304037.214207986 1053.2037680175783
431697.8765529573 5304037.190503325 1053.2037680175783
431697.8711733447 5304037.16623746 1053.2037680175783
431697.8679291125 5304037.14159507 1053.2037680175783
431697.8668449514 5304037.116763699 1053.2037680175783
431697.8679291125 5304037.091932328 1053.2037680175783
431697.8711733447 5304037.067289937 1053.2037680175783
431697.8765529573 5304037.043024072 1053.2037680175783
431697.8840270084 5304037.019319411 1053.2037680175783
431697.8935386159 5304036.99635636 1053.2037680175783
431697.90501539066 5304036.97430968 1053.2037680175783
431697.9183699875 5304036.953347162 1053.2037680175783
431697.93350077 5304036.933628342 1053.2037680175783
431697.9502925836 5304036.915303294 1053.2037680175783
431697.96861763246 5304036.89851148 1053.2037680175783
431697.9883364521 5304036.883380697 1053.2037680175783
431698.0092989701 5304036.8700261 1053.2037680175783
431698.0313456493 5304036.858549326 1053.2037680175783
431698.0543087011 5304036.849037718 1053.2037680175783
431698.07801336265 5304036.841563667 1053.2037680175783
431698.10227922734 5304036.836184055 1053.2037680175783
431698.12692161725 5304036.832939822 1053.2037680175783
431698.15175298887 5304036.831855661 1053.2037680175783
431698.1765843605 5304036.832939822 1053.2037680175783
431698.2012267504 5304036.836184055 1053.2037680175783
431698.2254926151 5304036.841563667 1053.2037680175783
431698.2491972767 5304036.849037718 1053.2037680175783
431698.2721603284 5304036.858549326 1053.2037680175783
431698.2942070076 5304036.8700261 1053.2037680175783
431698.3151695257 5304036.883380697 1053.2037680175783
431698.33488834527 5304036.89851148 1053.2037680175783
431698.3532133942 5304036.915303294 1053.2037680175783
431698.3700052078 5304036.933628342 1053.2037680175783
431698.3851359902 5304036.953347162 1053.2037680175783
431698.3984905871 5304036.97430968 1053.2037680175783
431698.4099673618 5304036.99635636 1053.2037680175783
431698.4194789693 5304037.019319411 1053.2037680175783
431698.4269530204 5304037.043024072 1053.2037680175783
431698.43233263306 5304037.067289937 1053.2037680175783
431698.4355768652 5304037.091932328 1053.2037680175783
431646.3571385261 5303968.978613241 1047.6537802246096
431646.3563263006 5303968.997216264 1047.6537802246096
431646.3538958056 5303969.015677706 1047.6537802246096
431646.3498655386 5303969.033857065 1047.6537802246096
431646.3442661725 5303969.051615986 1047.6537802246096
431646.3371403216 5303969.068819311 1047.6537802246096
431646.3285422181 5303969.085336115 1047.6537802246096
431646.3185372988 5303969.101040692 1047.6537802246096
431646.3072017072 5303969.115813524 1047.6537802246096
431646.2946217138 5303969.129542177 1047.6537802246096
431646.2808930601 5303969.14212217 1047.6537802246096
431646.26612022944 5303969.153457762 1047.6537802246096
431646.2504156519 5303969.163462681 1047.6537802246096
431646.2338988489 5303969.172060785 1047.6537802246096
431646.2166955231 5303969.179186636 1047.6537802246096
431646.1989366025 5303969.184786001 1047.6537802246096
431646.1807572429 5303969.188816269 1047.6537802246096
431646.1622958004 5303969.191246764 1047.6537802246096
431646.14369277767 5303969.192058989 1047.6537802246096
431646.1250897549 5303969.191246764 1047.6537802246096
431646.1066283125 5303969.188816269 1047.6537802246096
431646.0884489529 5303969.184786001 1047.6537802246096
431646.0706900322 5303969.179186636 1047.6537802246096
431646.05348670646 5303969.172060785 1047.6537802246096
431646.03696990345 5303969.163462681 1047.6537802246096
431646.0212653259 5303969.153457762 1047.6537802246096
431646.0064924953 5303969.14212217 1047.6537802246096
431645.9927638415 5303969.129542177 1047.6537802246096
431645.9801838482 5303969.115813524 1047.6537802246096
431645.9688482565 5303969.101040692 1047.6537802246096
431645.9588433372 5303969.085336115 1047.6537802246096
431645.9502452337 5303969.068819311 1047.6537802246096
431645.9431193829 5303969.051615986 1047.6537802246096
431645.9375200168 5303969.033857065 1047.6537802246096
431645.9334897497 5303969.015677706 1047.6537802246096
431645.93105925474 5303968.997216264 1047.6537802246096
431645.9302470292 5303968.978613241 1047.6537802246096
431645.93105925474 5303968.9600102175 1047.6537802246096
431645.9334897497 5303968.941548775 1047.6537802246096
431645.9375200168 5303968.923369416 1047.6537802246096
431645.9431193829 5303968.905610495 1047.6537802246096
431645.9502452337 5303968.88840717 1047.6537802246096
431645.9588433372 5303968.871890366 1047.6537802246096
431645.9688482565 5303968.856185789 1047.6537802246096
431645.9801838482 5303968.841412958 1047.6537802246096
431645.9927638415 5303968.827684305 1047.6537802246096
431646.0064924953 5303968.815104311 1047.6537802246096
431646.0212653259 5303968.80376872 1047.6537802246096
431646.03696990345 5303968.7937638005 1047.6537802246096
431646.05348670646 5303968.785165696 1047.6537802246096
431646.0706900322 5303968.778039846 1047.6537802246096
431646.0884489529 5303968.77244048 1047.6537802246096
431646.1066283125 5303968.768410212 1047.6537802246096
431646.1250897549 5303968.7659797175 1047.6537802246096
431646.14369277767 5303968.765167492 1047.6537802246096
431646.1622958004 5303968.7659797175 1047.6537802246096
431646.1807572429 5303968.768410212 1047.6537802246096
431646.1989366025 5303968.77244048 1047.6537802246096
431646.2166955231 5303968.778039846 1047.6537802246096
431646.2338988489 5303968.785165696 1047.6537802246096
431646.2504156519 5303968.7937638005 1047.6537802246096
431646.26612022944 5303968.80376872 1047.6537802246096
431646.2808930601 5303968.815104311 1047.6537802246096
431646.2946217138 5303968.827684305 1047.6537802246096
431646.3072017072 5303968.841412958 1047.6537802246096
431646.3185372988 5303968.856185789 1047.6537802246096
431646.3285422181 5303968.871890366 1047.6537802246096
431646.3371403216 5303968.88840717 1047.6537802246096
431646.3442661725 5303968.905610495 1047.6537802246096
431646.3498655386 5303968.923369416 1047.6537802246096
431646.3538958056 5303968.941548775 1047.6537802246096
431646.3563263006 5303968.9600102175 1047.6537802246096
431701.8755873784 5304006.126094116 1052.0527670410158
431701.8746882224 5304006.146688174 1052.0527670410158
431701.8719975975 5304006.1671255 1052.0527670410158
431701.86753598094 5304006.187250552 1052.0527670410158
431701.8613373284 5304006.206910166 1052.0527670410158
431701.8534488152 5304006.225954721 1052.0527670410158
431701.8439304779 5304006.244239277 1052.0527670410158
431701.8328547568 5304006.261624677 1052.0527670410158
431701.8203059445 5304006.277978607 1052.0527670410158
431701.8063795454 5304006.293176605 1052.0527670410158
431701.7911815477 5304006.307103004 1052.0527670410158
431701.7748276173 5304006.319651816 1052.0527670410158
431701.75744221744 5304006.330727537 1052.0527670410158
431701.7391576616 5304006.340245875 1052.0527670410158
431701.7201131062 5304006.348134388 1052.0527670410158
431701.700453492 5304006.35433304 1052.0527670410158
431701.6803284402 5304006.358794657 1052.0527670410158
431701.6598911149 5304006.361485282 1052.0527670410158
431701.6392970564 5304006.362384438 1052.0527670410158
431701.6187029979 5304006.361485282 1052.0527670410158
431701.5982656726 5304006.358794657 1052.0527670410158
431701.5781406209 5304006.35433304 1052.0527670410158
431701.55848100665 5304006.348134388 1052.0527670410158
431701.5394364513 5304006.340245875 1052.0527670410158
431701.5211518954 5304006.330727537 1052.0527670410158
431701.5037664956 5304006.319651816 1052.0527670410158
431701.4874125652 5304006.307103004 1052.0527670410158
431701.4722145674 5304006.293176605 1052.0527670410158
431701.4582881683 5304006.277978607 1052.0527670410158
431701.4457393561 5304006.261624677 1052.0527670410158
431701.4346636349 5304006.244239277 1052.0527670410158
431701.4251452976 5304006.225954721 1052.0527670410158
431701.4172567845 5304006.206910166 1052.0527670410158
431701.4110581319 5304006.187250552 1052.0527670410158
431701.4065965153 5304006.1671255 1052.0527670410158
431701.4039058904 5304006.146688174 1052.0527670410158
431701.4030067344 5304006.126094116 1052.0527670410158
431701.4039058904 5304006.105500057 1052.0527670410158
431701.4065965153 5304006.085062732 1052.0527670410158
431701.4110581319 5304006.06493768 1052.0527670410158
431701.4172567845 5304006.045278066 1052.0527670410158
431701.4251452976 5304006.026233511 1052.0527670410158
431701.4346636349 5304006.007948955 1052.0527670410158
431701.4457393561 5304005.990563555 1052.0527670410158
431701.4582881683 5304005.974209624 1052.0527670410158
431701.4722145674 5304005.959011626 1052.0527670410158
431701.4874125652 5304005.945085228 1052.0527670410158
431701.5037664956 5304005.932536416 1052.0527670410158
431701.5211518954 5304005.921460695 1052.0527670410158
431701.5394364513 5304005.911942357 1052.0527670410158
431701.55848100665 5304005.904053844 1052.0527670410158
431701.5781406209 5304005.897855192 1052.0527670410158
431701.5982656726 5304005.893393575 1052.0527670410158
431701.6187029979 5304005.89070295 1052.0527670410158
431701.6392970564 5304005.889803794 1052.0527670410158
431701.6598911149 5304005.89070295 1052.0527670410158
431701.6803284402 5304005.893393575 1052.0527670410158
431701.700453492 5304005.897855192 1052.0527670410158
431701.7201131062 5304005.904053844 1052.0527670410158
431701.7391576616 5304005.911942357 1052.0527670410158
431701.75744221744 5304005.921460695 1052.0527670410158
431701.7748276173 5304005.932536416 1052.0527670410158
431701.7911815477 5304005.945085228 1052.0527670410158
431701.8063795454 5304005.959011626 1052.0527670410158
431701.8203059445 5304005.974209624 1052.0527670410158
431701.8328547568 5304005.990563555 1052.0527670410158
431701.8439304779 5304006.007948955 1052.0527670410158
431701.8534488152 5304006.026233511 1052.0527670410158
431701.8613373284 5304006.045278066 1052.0527670410158
431701.86753598094 5304006.06493768 1052.0527670410158
431701.8719975975 5304006.085062732 1052.0527670410158
431701.8746882224 5304006.105500057 1052.0527670410158
431676.7626662408 5304009.465385783 1052.284761669922
431676.7619146789 5304009.482599381 1052.284761669922
431676.75966571295 5304009.499681974 1052.284761669922
431676.755936459 5304009.516503551 1052.284761669922
431676.7507552989 5304009.532936092 1052.284761669922
431676.7441616645 5304009.548854534 1052.284761669922
431676.7362057371 5304009.564137728 1052.284761669922
431676.7269480664 5304009.57866936 1052.284761669922
431676.71645910863 5304009.592338836 1052.284761669922
431676.7048186912 5304009.605042122 1052.284761669922
431676.6921154048 5304009.61668254 1052.284761669922
431676.6784459289 5304009.627171498 1052.284761669922
431676.6639142967 5304009.636429168 1052.284761669922
431676.64863110246 5304009.644385096 1052.284761669922
431676.6327126607 5304009.65097873 1052.284761669922
431676.6162801203 5304009.65615989 1052.284761669922
431676.5994585428 5304009.659889144 1052.284761669922
431676.5823759505 5304009.66213811 1052.284761669922
431676.56516235246 5304009.662889672 1052.284761669922
431676.5479487544 5304009.66213811 1052.284761669922
431676.53086616215 5304009.659889144 1052.284761669922
431676.5140445847 5304009.65615989 1052.284761669922
431676.4976120443 5304009.65097873 1052.284761669922
431676.48169360246 5304009.644385096 1052.284761669922
431676.46641040826 5304009.636429168 1052.284761669922
431676.451878776 5304009.627171498 1052.284761669922
431676.43820930016 5304009.61668254 1052.284761669922
431676.4255060137 5304009.605042122 1052.284761669922
431676.4138655963 5304009.592338836 1052.284761669922
431676.40337663854 5304009.57866936 1052.284761669922
431676.3941189678 5304009.564137728 1052.284761669922
431676.3861630405 5304009.548854534 1052.284761669922
431676.379569406 5304009.532936092 1052.284761669922
431676.3743882459 5304009.516503551 1052.284761669922
431676.370658992 5304009.499681974 1052.284761669922
431676.368410026 5304009.482599381 1052.284761669922
431676.3676584641 5304009.465385783 1052.284761669922
431676.368410026 5304009.448172186 1052.284761669922
431676.370658992 5304009.431089593 1052.284761669922
431676.3743882459 5304009.414268016 1052.284761669922
431676.379569406 5304009.397835475 1052.284761669922
431676.3861630405 5304009.381917033 1052.284761669922
431676.3941189678 5304009.366633839 1052.284761669922
431676.40337663854 5304009.352102207 1052.284761669922
431676.4138655963 5304009.338432731 1052.284761669922
431676.4255060137 5304009.325729445 1052.284761669922
431676.43820930016 5304009.314089027 1052.284761669922
431676.451878776 5304009.303600069 1052.284761669922
431676.46641040826 5304009.294342399 1052.284761669922
431676.48169360246 5304009.286386471 1052.284761669922
431676.4976120443 5304009.279792837 1052.284761669922
431676.5140445847 5304009.274611677 1052.284761669922
431676.53086616215 5304009.270882423 1052.284761669922
431676.5479487544 5304009.268633457 1052.284761669922
431676.56516235246 5304009.267881895 1052.284761669922
431676.5823759505 5304009.268633457 1052.284761669922
431676.5994585428 5304009.270882423 1052.284761669922
431676.6162801203 5304009.274611677 1052.284761669922
431676.6327126607 5304009.279792837 1052.284761669922
431676.64863110246 5304009.286386471 1052.284761669922
431676.6639142967 5304009.294342399 1052.284761669922
431676.6784459289 5304009.303600069 1052.284761669922
431676.6921154048 5304009.314089027 1052.284761669922
431676.7048186912 5304009.325729445 1052.284761669922
431676.71645910863 5304009.338432731 1052.284761669922
431676.7269480664 5304009.352102207 1052.284761669922
431676.7362057371 5304009.366633839 1052.284761669922
431676.7441616645 5304009.381917033 1052.284761669922
431676.7507552989 5304009.397835475 1052.284761669922
431676.755936459 5304009.414268016 1052.284761669922
431676.75966571295 5304009.431089593 1052.284761669922
431676.7619146789 5304009.448172186 1052.284761669922
431696.5904212966 5304021.608388446 1053.168794873047
431696.5889878919 5304021.641218811 1053.168794873047
431696.5846985869 5304021.673799317 1053.168794873047
431696.5775860258 5304021.705882007 1053.168794873047
431696.5677043395 5304021.737222712 1053.168794873047
431696.5551287336 5304021.76758291 1053.168794873047
431696.539954916 5304021.796731543 1053.168794873047
431696.5222983687 5304021.82444677 1053.168794873047
431696.50229346857 5304021.850517664 1053.168794873047
431696.4800924651 5304021.874745808 1053.168794873047
431696.45586432127 5304021.896946811 1053.168794873047
431696.42979342793 5304021.916951711 1053.168794873047
431696.40207820025 5304021.934608258 1053.168794873047
431696.3729295679 5304021.949782076 1053.168794873047
431696.34256936953 5304021.962357682 1053.168794873047
431696.3112286646 5304021.972239369 1053.168794873047
431696.2791459748 5304021.979351929 1053.168794873047
431696.2465654688 5304021.983641234 1053.168794873047
431696.2137351039 5304021.985074639 1053.168794873047
431696.180904739 5304021.983641234 1053.168794873047
431696.148324233 5304021.979351929 1053.168794873047
431696.1162415432 5304021.972239369 1053.168794873047
431696.0849008383 5304021.962357682 1053.168794873047
431696.0545406399 5304021.949782076 1053.168794873047
431696.0253920076 5304021.934608258 1053.168794873047
431695.9976767799 5304021.916951711 1053.168794873047
431695.9716058865 5304021.896946811 1053.168794873047
431695.9473777427 5304021.874745808 1053.168794873047
431695.9251767392 5304021.850517664 1053.168794873047
431695.9051718391 5304021.82444677 1053.168794873047
431695.8875152918 5304021.796731543 1053.168794873047
431695.8723414742 5304021.76758291 1053.168794873047
431695.8597658683 5304021.737222712 1053.168794873047
431695.849884182 5304021.705882007 1053.168794873047
431695.8427716209 5304021.673799317 1053.168794873047
431695.8384823159 5304021.641218811 1053.168794873047
431695.8370489112 5304021.608388446 1053.168794873047
431695.8384823159 5304021.575558081 1053.168794873047
431695.8427716209 5304021.542977575 1053.168794873047
431695.849884182 5304021.510894885 1053.168794873047
431695.8597658683 5304021.479554181 1053.168794873047
431695.8723414742 5304021.449193982 1053.168794873047
431695.8875152918 5304021.42004535 1053.168794873047
431695.9051718391 5304021.392330122 1053.168794873047
431695.9251767392 5304021.366259228 1053.168794873047
431695.9473777427 5304021.342031085 1053.168794873047
431695.9716058865 5304021.319830081 1053.168794873047
431695.9976767799 5304021.299825181 1053.168794873047
431696.0253920076 5304021.282168634 1053.168794873047
431696.0545406399 5304021.266994816 1053.168794873047
431696.0849008383 5304021.25441921 1053.168794873047
431696.1162415432 5304021.244537524 1053.168794873047
431696.148324233 5304021.237424963 1053.168794873047
431696.180904739 5304021.233135658 1053.168794873047
431696.2137351039 5304021.231702253 1053.168794873047
431696.2465654688 5304021.233135658 1053.168794873047
431696.2791459748 5304021.237424963 1053.168794873047
431696.3112286646 5304021.244537524 1053.168794873047
431696.34256936953 5304021.25441921 1053.168794873047
431696.3729295679 5304021.266994816 1053.168794873047
431696.40207820025 5304021.282168634 1053.168794873047
431696.42979342793 5304021.299825181 1053.168794873047
431696.45586432127 5304021.319830081 1053.168794873047
431696.4800924651 5304021.342031085 1053.168794873047
431696.50229346857 5304021.366259228 1053.168794873047
431696.5222983687 5304021.392330122 1053.168794873047
431696.539954916 5304021.42004535 1053.168794873047
431696.5551287336 5304021.449193982 1053.168794873047
431696.5677043395 5304021.479554181 1053.168794873047
431696.5775860258 5304021.510894885 1053.168794873047
431696.5846985869 5304021.542977575 1053.168794873047
431696.5889878919 5304021.575558081 1053.168794873047
431590.5589400781 5304036.684588611 1056.859773876953
431590.5579904505 5304036.706338657 1056.859773876953
431590.5551487952 5304036.7279231725 1056.859773876953
431590.5504367388 5304036.749177885 1056.859773876953
431590.5438901428 5304036.769941036 1056.859773876953
431590.53555883095 5304036.790054602 1056.859773876953
431590.5255062094 5304036.809365508 1056.859773876953
431590.5138087848 5304036.827726787 1056.859773876953
431590.5005555814 5304036.844998698 1056.859773876953
431590.4858474644 5304036.861049791 1056.859773876953
431590.4697963711 5304036.875757908 1056.859773876953
431590.4525244602 5304036.889011111 1056.859773876953
431590.4341631815 5304036.900708536 1056.859773876953
431590.4148522752 5304036.910761157 1056.859773876953
431590.394738709 5304036.919092469 1056.859773876953
431590.37397555937 5304036.925639065 1056.859773876953
431590.3527208463 5304036.930351121 1056.859773876953
431590.3311363311 5304036.9331927765 1056.859773876953
431590.3093862849 5304036.934142404 1056.859773876953
431590.28763623873 5304036.9331927765 1056.859773876953
431590.2660517235 5304036.930351121 1056.859773876953
431590.2447970104 5304036.925639065 1056.859773876953
431590.2240338608 5304036.919092469 1056.859773876953
431590.20392029465 5304036.910761157 1056.859773876953
431590.1846093883 5304036.900708536 1056.859773876953
431590.1662481096 5304036.889011111 1056.859773876953
431590.1489761987 5304036.875757908 1056.859773876953
431590.1329251055 5304036.861049791 1056.859773876953
431590.1182169884 5304036.844998698 1056.859773876953
431590.104963785 5304036.827726787 1056.859773876953
431590.0932663604 5304036.809365508 1056.859773876953
431590.08321373886 5304036.790054602 1056.859773876953
431590.074882427 5304036.769941036 1056.859773876953
431590.0683358311 5304036.749177885 1056.859773876953
431590.0636237746 5304036.7279231725 1056.859773876953
431590.0607821193 5304036.706338657 1056.859773876953
431590.0598324917 5304036.684588611 1056.859773876953
431590.0607821193 5304036.662838565 1056.859773876953
431590.0636237746 5304036.64125405 1056.859773876953
431590.0683358311 5304036.619999337 1056.859773876953
431590.074882427 5304036.599236187 1056.859773876953
431590.08321373886 5304036.579122621 1056.859773876953
431590.0932663604 5304036.559811714 1056.859773876953
431590.104963785 5304036.541450435 1056.859773876953
431590.1182169884 5304036.5241785245 1056.859773876953
431590.1329251055 5304036.508127431 1056.859773876953
431590.1489761987 5304036.493419315 1056.859773876953
431590.1662481096 5304036.480166111 1056.859773876953
431590.1846093883 5304036.468468687 1056.859773876953
431590.20392029465 5304036.458416065 1056.859773876953
431590.2240338608 5304036.450084753 1056.859773876953
431590.2447970104 5304036.443538157 1056.859773876953
431590.2660517235 5304036.438826101 1056.859773876953
431590.28763623873 5304036.435984446 1056.859773876953
431590.3093862849 5304036.435034818 1056.859773876953
431590.3311363311 5304036.435984446 1056.859773876953
431590.3527208463 5304036.438826101 1056.859773876953
431590.37397555937 5304036.443538157 1056.859773876953
431590.394738709 5304036.450084753 1056.859773876953
431590.4148522752 5304036.458416065 1056.859773876953
431590.4341631815 5304036.468468687 1056.859773876953
431590.4525244602 5304036.480166111 1056.859773876953
431590.4697963711 5304036.493419315 1056.859773876953
431590.4858474644 5304036.508127431 1056.859773876953
431590.5005555814 5304036.5241785245 1056.859773876953
431590.5138087848 5304036.541450435 1056.859773876953
431590.5255062094 5304036.559811714 1056.859773876953
431590.53555883095 5304036.579122621 1056.859773876953
431590.5438901428 5304036.599236187 1056.859773876953
431590.5504367388 5304036.619999337 1056.859773876953
431590.5551487952 5304036.64125405 1056.859773876953
431590.5579904505 5304036.662838565 1056.859773876953
431650.788805717 5303973.990744337 1048.0097982910158
431650.78819183656 5303974.004804511 1048.0097982910158
431650.7863548673 5303974.018757679 1048.0097982910158
431650.7833087896 5303974.032497647 1048.0097982910158
431650.7790767858 5303974.045919848 1048.0097982910158
431650.7736910643 5303974.05892213 1048.0097982910158
431650.7671926136 5303974.071405537 1048.0097982910158
431650.75963089074 5303974.083275065 1048.0097982910158
431650.75106344506 5303974.094440377 1048.0097982910158
431650.74155548 5303974.1048165 1048.0097982910158
431650.73117935687 5303974.114324465 1048.0097982910158
431650.72001404426 5303974.122891911 1048.0097982910158
431650.7081445169 5303974.130453634 1048.0097982910158
431650.6956611092 5303974.1369520845 1048.0097982910158
431650.6826588273 5303974.142337807 1048.0097982910158
431650.6692366264 5303974.14656981 1048.0097982910158
431650.65549665765 5303974.149615888 1048.0097982910158
431650.64154349046 5303974.151452857 1048.0097982910158
431650.6274833169 5303974.152066737 1048.0097982910158
431650.6134231433 5303974.151452857 1048.0097982910158
431650.5994699761 5303974.149615888 1048.0097982910158
431650.5857300073 5303974.14656981 1048.0097982910158
431650.57230780646 5303974.142337807 1048.0097982910158
431650.55930552457 5303974.1369520845 1048.0097982910158
431650.5468221168 5303974.130453634 1048.0097982910158
431650.5349525895 5303974.122891911 1048.0097982910158
431650.5237872769 5303974.114324465 1048.0097982910158
431650.5134111538 5303974.1048165 1048.0097982910158
431650.5039031887 5303974.094440377 1048.0097982910158
431650.495335743 5303974.083275065 1048.0097982910158
431650.4877740202 5303974.071405537 1048.0097982910158
431650.4812755694 5303974.05892213 1048.0097982910158
431650.4758898479 5303974.045919848 1048.0097982910158
431650.4716578442 5303974.032497647 1048.0097982910158
431650.46861176647 5303974.018757679 1048.0097982910158
431650.4667747972 5303974.004804511 1048.0097982910158
431650.4661609167 5303973.990744337 1048.0097982910158
431650.4667747972 5303973.976684164 1048.0097982910158
431650.46861176647 5303973.962730996 1048.0097982910158
431650.4716578442 5303973.948991028 1048.0097982910158
431650.4758898479 5303973.935568827 1048.0097982910158
431650.4812755694 5303973.922566545 1048.0097982910158
431650.4877740202 5303973.910083137 1048.0097982910158
431650.495335743 5303973.89821361 1048.0097982910158
431650.5039031887 5303973.887048298 1048.0097982910158
431650.5134111538 5303973.876672175 1048.0097982910158
431650.5237872769 5303973.8671642095 1048.0097982910158
431650.5349525895 5303973.858596764 1048.0097982910158
431650.5468221168 5303973.851035041 1048.0097982910158
431650.55930552457 5303973.84453659 1048.0097982910158
431650.57230780646 5303973.839150868 1048.0097982910158
431650.5857300073 5303973.834918865 1048.0097982910158
431650.5994699761 5303973.831872787 1048.0097982910158
431650.6134231433 5303973.830035818 1048.0097982910158
431650.6274833169 5303973.8294219375 1048.0097982910158
431650.64154349046 5303973.830035818 1048.0097982910158
431650.65549665765 5303973.831872787 1048.0097982910158
431650.6692366264 5303973.834918865 1048.0097982910158
431650.6826588273 5303973.839150868 1048.0097982910158
431650.6956611092 5303973.84453659 1048.0097982910158
431650.7081445169 5303973.851035041 1048.0097982910158
431650.72001404426 5303973.858596764 1048.0097982910158
431650.73117935687 5303973.8671642095 1048.0097982910158
431650.74155548 5303973.876672175 1048.0097982910158
431650.75106344506 5303973.887048298 1048.0097982910158
431650.75963089074 5303973.89821361 1048.0097982910158
431650.7671926136 5303973.910083137 1048.0097982910158
431650.7736910643 5303973.922566545 1048.0097982910158
431650.7790767858 5303973.935568827 1048.0097982910158
431650.7833087896 5303973.948991028 1048.0097982910158
431650.7863548673 5303973.962730996 1048.0097982910158
431650.78819183656 5303973.976684164 1048.0097982910158
431653.2877461662 5303927.0528656375 1051.3077719238283
431653.2869329476 5303927.071491406 1051.3077719238283
431653.2844994808 5303927.089975422 1051.3077719238283
431653.28046428587 5303927.10817701 1051.3077719238283
431653.2748580732 5303927.125957645 1051.3077719238283
431653.2677235095 5303927.143182006 1051.3077719238283
431653.259114893 5303927.159719004 1051.3077719238283
431653.24909774045 5303927.175442784 1051.3077719238283
431653.2377482885 5303927.190233678 1051.3077719238283
431653.2251529133 5303927.203979118 1051.3077719238283
431653.2114074733 5303927.216574493 1051.3077719238283
431653.1966165796 5303927.227923945 1051.3077719238283
431653.18089279975 5303927.2379410975 1051.3077719238283
431653.1643558013 5303927.246549713 1051.3077719238283
431653.1471314407 5303927.253684278 1051.3077719238283
431653.1293508058 5303927.25929049 1051.3077719238283
431653.11114921793 5303927.263325685 1051.3077719238283
431653.0926652023 5303927.265759151 1051.3077719238283
431653.0740394332 5303927.26657237 1051.3077719238283
431653.05541366414 5303927.265759151 1051.3077719238283
431653.0369296485 5303927.263325685 1051.3077719238283
431653.0187280607 5303927.25929049 1051.3077719238283
431653.0009474257 5303927.253684278 1051.3077719238283
431652.9837230652 5303927.246549713 1051.3077719238283
431652.9671860667 5303927.2379410975 1051.3077719238283
431652.9514622869 5303927.227923945 1051.3077719238283
431652.9366713931 5303927.216574493 1051.3077719238283
431652.9229259531 5303927.203979118 1051.3077719238283
431652.9103305779 5303927.190233678 1051.3077719238283
431652.898981126 5303927.175442784 1051.3077719238283
431652.88896397344 5303927.159719004 1051.3077719238283
431652.8803553569 5303927.143182006 1051.3077719238283
431652.8732207932 5303927.125957645 1051.3077719238283
431652.86761458055 5303927.10817701 1051.3077719238283
431652.8635793857 5303927.089975422 1051.3077719238283
431652.8611459189 5303927.071491406 1051.3077719238283
431652.8603327002 5303927.0528656375 1051.3077719238283
431652.8611459189 5303927.034239869 1051.3077719238283
431652.8635793857 5303927.015755853 1051.3077719238283
431652.86761458055 5303926.997554265 1051.3077719238283
431652.8732207932 5303926.97977363 1051.3077719238283
431652.8803553569 5303926.962549269 1051.3077719238283
431652.88896397344 5303926.946012271 1051.3077719238283
431652.898981126 5303926.930288491 1051.3077719238283
431652.9103305779 5303926.915497597 1051.3077719238283
431652.9229259531 5303926.901752157 1051.3077719238283
431652.9366713931 5303926.889156782 1051.3077719238283
431652.9514622869 5303926.87780733 1051.3077719238283
431652.9671860667 5303926.867790177 1051.3077719238283
431652.9837230652 5303926.8591815615 1051.3077719238283
431653.0009474257 5303926.852046997 1051.3077719238283
431653.0187280607 5303926.846440785 1051.3077719238283
431653.0369296485 5303926.84240559 1051.3077719238283
431653.05541366414 5303926.839972124 1051.3077719238283
431653.0740394332 5303926.839158905 1051.3077719238283
431653.0926652023 5303926.839972124 1051.3077719238283
431653.11114921793 5303926.84240559 1051.3077719238283
431653.1293508058 5303926.846440785 1051.3077719238283
431653.1471314407 5303926.852046997 1051.3077719238283
431653.1643558013 5303926.8591815615 1051.3077719238283
431653.18089279975 5303926.867790177 1051.3077719238283
431653.1966165796 5303926.87780733 1051.3077719238283
431653.2114074733 5303926.889156782 1051.3077719238283
431653.2251529133 5303926.901752157 1051.3077719238283
431653.2377482885 5303926.915497597 1051.3077719238283
431653.24909774045 5303926.930288491 1051.3077719238283
431653.259114893 5303926.946012271 1051.3077719238283
431653.2677235095 5303926.962549269 1051.3077719238283
431653.2748580732 5303926.97977363 1051.3077719238283
431653.28046428587 5303926.997554265 1051.3077719238283
431653.2844994808 5303927.015755853 1051.3077719238283
431653.2869329476 5303927.034239869 1051.3077719238283
431710.638865872 5304038.897650243 1053.512789013672
431710.6379304036 5304038.91907599 1053.512789013672
431710.6351311181 5304038.940338674 1053.512789013672
431710.6304893197 5304038.9612764735 1053.512789013672
431710.6240403352 5304038.981730039 1053.512789013672
431710.6158332455 5304039.001543707 1053.512789013672
431710.6059305112 5304039.020566682 1053.512789013672
431710.5944074983 5304039.03865419 1053.512789013672
431710.5813519037 5304039.055668572 1053.512789013672
431710.5668630886 5304039.071480338 1053.512789013672
431710.55105132144 5304039.085969154 1053.512789013672
431710.5340369394 5304039.099024748 1053.512789013672
431710.5159494322 5304039.110547761 1053.512789013672
431710.4969264567 5304039.120450496 1053.512789013672
431710.4771127892 5304039.128657585 1053.512789013672
431710.45665922365 5304039.13510657 1053.512789013672
431710.43572142406 5304039.139748368 1053.512789013672
431710.41445873975 5304039.142547654 1053.512789013672
431710.39303299255 5304039.143483122 1053.512789013672
431710.37160724535 5304039.142547654 1053.512789013672
431710.350344561 5304039.139748368 1053.512789013672
431710.3294067615 5304039.13510657 1053.512789013672
431710.3089531959 5304039.128657585 1053.512789013672
431710.2891395284 5304039.120450496 1053.512789013672
431710.2701165529 5304039.110547761 1053.512789013672
431710.25202904566 5304039.099024748 1053.512789013672
431710.23501466366 5304039.085969154 1053.512789013672
431710.2192028965 5304039.071480338 1053.512789013672
431710.20471408137 5304039.055668572 1053.512789013672
431710.1916584869 5304039.03865419 1053.512789013672
431710.180135474 5304039.020566682 1053.512789013672
431710.1702327397 5304039.001543707 1053.512789013672
431710.16202564986 5304038.981730039 1053.512789013672
431710.1555766654 5304038.9612764735 1053.512789013672
431710.150934867 5304038.940338674 1053.512789013672
431710.1481355815 5304038.91907599 1053.512789013672
431710.1472001132 5304038.897650243 1053.512789013672
431710.1481355815 5304038.876224496 1053.512789013672
431710.150934867 5304038.854961812 1053.512789013672
431710.1555766654 5304038.834024012 1053.512789013672
431710.16202564986 5304038.813570446 1053.512789013672
431710.1702327397 5304038.793756778 1053.512789013672
431710.180135474 5304038.774733803 1053.512789013672
431710.1916584869 5304038.756646296 1053.512789013672
431710.20471408137 5304038.739631914 1053.512789013672
431710.2192028965 5304038.723820147 1053.512789013672
431710.23501466366 5304038.709331332 1053.512789013672
431710.25202904566 5304038.696275737 1053.512789013672
431710.2701165529 5304038.684752724 1053.512789013672
431710.2891395284 5304038.67484999 1053.512789013672
431710.3089531959 5304038.666642901 1053.512789013672
431710.3294067615 5304038.660193916 1053.512789013672
431710.350344561 5304038.655552117 1053.512789013672
431710.37160724535 5304038.652752832 1053.512789013672
431710.39303299255 5304038.651817364 1053.512789013672
431710.41445873975 5304038.652752832 1053.512789013672
431710.43572142406 5304038.655552117 1053.512789013672
431710.45665922365 5304038.660193916 1053.512789013672
431710.4771127892 5304038.666642901 1053.512789013672
431710.4969264567 5304038.67484999 1053.512789013672
431710.5159494322 5304038.684752724 1053.512789013672
431710.5340369394 5304038.696275737 1053.512789013672
431710.55105132144 5304038.709331332 1053.512789013672
431710.5668630886 5304038.723820147 1053.512789013672
431710.5813519037 5304038.739631914 1053.512789013672
431710.5944074983 5304038.756646296 1053.512789013672
431710.6059305112 5304038.774733803 1053.512789013672
431710.6158332455 5304038.793756778 1053.512789013672
431710.6240403352 5304038.813570446 1053.512789013672
431710.6304893197 5304038.834024012 1053.512789013672
431710.6351311181 5304038.854961812 1053.512789013672
431710.6379304036 5304038.876224496 1053.512789013672
431686.4276397026 5303960.783400146 1048.335787060547
431686.42680430814 5303960.802533825 1048.335787060547
431686.4243044826 5303960.821521885 1048.335787060547
431686.42015925125 5303960.840219815 1048.335787060547
431686.4144001617 5303960.858485314 1048.335787060547
431686.4070710441 5303960.876179369 1048.335787060547
431686.3982276775 5303960.893167318 1048.335787060547
431686.3879373653 5303960.909319873 1048.335787060547
431686.3762784229 5303960.924514103 1048.335787060547
431686.36333958193 5303960.9386343695 1048.335787060547
431686.3492193148 5303960.951573211 1048.335787060547
431686.3340250853 5303960.963232153 1048.335787060547
431686.3178725306 5303960.973522466 1048.335787060547
431686.3008845815 5303960.982365832 1048.335787060547
431686.2831905264 5303960.989694949 1048.335787060547
431686.2649250279 5303960.995454039 1048.335787060547
431686.24622709735 5303960.999599271 1048.335787060547
431686.2272390374 5303961.002099096 1048.335787060547
431686.2081053586 5303961.00293449 1048.335787060547
431686.1889716798 5303961.002099096 1048.335787060547
431686.1699836198 5303960.999599271 1048.335787060547
431686.1512856893 5303960.995454039 1048.335787060547
431686.1330201908 5303960.989694949 1048.335787060547
431686.1153261357 5303960.982365832 1048.335787060547
431686.09833818657 5303960.973522466 1048.335787060547
431686.0821856319 5303960.963232153 1048.335787060547
431686.0669914024 5303960.951573211 1048.335787060547
431686.0528711352 5303960.9386343695 1048.335787060547
431686.0399322943 5303960.924514103 1048.335787060547
431686.0282733519 5303960.909319873 1048.335787060547
431686.01798303967 5303960.893167318 1048.335787060547
431686.0091396731 5303960.876179369 1048.335787060547
431686.00181055546 5303960.858485314 1048.335787060547
431685.9960514659 5303960.840219815 1048.335787060547
431685.9919062345 5303960.821521885 1048.335787060547
431685.989406409 5303960.802533825 1048.335787060547
431685.98857101455 5303960.783400146 1048.335787060547
431685.989406409 5303960.764266468 1048.335787060547
431685.9919062345 5303960.745278408 1048.335787060547
431685.9960514659 5303960.726580477 1048.335787060547
431686.00181055546 5303960.7083149785 1048.335787060547
431686.0091396731 5303960.690620923 1048.335787060547
431686.01798303967 5303960.673632975 1048.335787060547
431686.0282733519 5303960.65748042 1048.335787060547
431686.0399322943 5303960.64228619 1048.335787060547
431686.0528711352 5303960.628165923 1048.335787060547
431686.0669914024 5303960.615227082 1048.335787060547
431686.0821856319 5303960.60356814 1048.335787060547
431686.09833818657 5303960.593277827 1048.335787060547
431686.1153261357 5303960.584434461 1048.335787060547
431686.1330201908 5303960.577105343 1048.335787060547
431686.1512856893 5303960.571346254 1048.335787060547
431686.1699836198 5303960.567201022 1048.335787060547
431686.1889716798 5303960.564701197 1048.335787060547
431686.2081053586 5303960.563865802 1048.335787060547
431686.2272390374 5303960.564701197 1048.335787060547
431686.24622709735 5303960.567201022 1048.335787060547
431686.2649250279 5303960.571346254 1048.335787060547
431686.2831905264 5303960.577105343 1048.335787060547
431686.3008845815 5303960.584434461 1048.335787060547
431686.3178725306 5303960.593277827 1048.335787060547
431686.3340250853 5303960.60356814 1048.335787060547
431686.3492193148 5303960.615227082 1048.335787060547
431686.36333958193 5303960.628165923 1048.335787060547
431686.3762784229 5303960.64228619 1048.335787060547
431686.3879373653 5303960.65748042 1048.335787060547
431686.3982276775 5303960.673632975 1048.335787060547
431686.4070710441 5303960.690620923 1048.335787060547
431686.4144001617 5303960.7083149785 1048.335787060547
431686.42015925125 5303960.726580477 1048.335787060547
431686.4243044826 5303960.745278408 1048.335787060547
431686.42680430814 5303960.764266468 1048.335787060547
431679.0980429882 5304023.621688811 1053.6877768066408
431679.09723176376 5304023.640268905 1053.6877768066408
431679.0948042644 5304023.6587075945 1053.6877768066408
431679.0907789648 5304023.676864548 1053.6877768066408
431679.0851864998 5304023.6946015805 1053.6877768066408
431679.0780694317 5304023.711783703 1053.6877768066408
431679.0694819255 5304023.7282801485 1053.6877768066408
431679.0594893373 5304023.74396537 1053.6877768066408
431679.0481677168 5304023.758719993 1053.6877768066408
431679.0356032284 5304023.772431726 1053.6877768066408
431679.0218914954 5304023.784996214 1053.6877768066408
431679.00713687233 5304023.796317835 1053.6877768066408
431678.99145165086 5304023.806310423 1053.6877768066408
431678.9749552049 5304023.814897929 1053.6877768066408
431678.9577730825 5304023.822014998 1053.6877768066408
431678.9400360498 5304023.827607462 1053.6877768066408
431678.9218790965 5304023.831632762 1053.6877768066408
431678.9034404078 5304023.834060261 1053.6877768066408
431678.8848603135 5304023.834871486 1053.6877768066408
431678.8662802192 5304023.834060261 1053.6877768066408
431678.8478415305 5304023.831632762 1053.6877768066408
431678.8296845772 5304023.827607462 1053.6877768066408
431678.8119475445 5304023.822014998 1053.6877768066408
431678.79476542206 5304023.814897929 1053.6877768066408
431678.77826897614 5304023.806310423 1053.6877768066408
431678.76258375467 5304023.796317835 1053.6877768066408
431678.7478291316 5304023.784996214 1053.6877768066408
431678.73411739856 5304023.772431726 1053.6877768066408
431678.72155291017 5304023.758719993 1053.6877768066408
431678.7102312897 5304023.74396537 1053.6877768066408
431678.7002387016 5304023.7282801485 1053.6877768066408
431678.69165119535 5304023.711783703 1053.6877768066408
431678.6845341272 5304023.6946015805 1053.6877768066408
431678.6789416623 5304023.676864548 1053.6877768066408
431678.6749163626 5304023.6587075945 1053.6877768066408
431678.6724888632 5304023.640268905 1053.6877768066408
431678.6716776388 5304023.621688811 1053.6877768066408
431678.6724888632 5304023.603108717 1053.6877768066408
431678.6749163626 5304023.584670028 1053.6877768066408
431678.6789416623 5304023.566513075 1053.6877768066408
431678.6845341272 5304023.548776042 1053.6877768066408
431678.69165119535 5304023.53159392 1053.6877768066408
431678.7002387016 5304023.515097474 1053.6877768066408
431678.7102312897 5304023.499412253 1053.6877768066408
431678.72155291017 5304023.484657629 1053.6877768066408
431678.73411739856 5304023.470945897 1053.6877768066408
431678.7478291316 5304023.458381408 1053.6877768066408
431678.76258375467 5304023.447059787 1053.6877768066408
431678.77826897614 5304023.4370672 1053.6877768066408
431678.79476542206 5304023.428479693 1053.6877768066408
431678.8119475445 5304023.4213626245 1053.6877768066408
431678.8296845772 5304023.41577016 1053.6877768066408
431678.8478415305 5304023.41174486 1053.6877768066408
431678.8662802192 5304023.409317361 1053.6877768066408
431678.8848603135 5304023.408506136 1053.6877768066408
431678.9034404078 5304023.409317361 1053.6877768066408
431678.9218790965 5304023.41174486 1053.6877768066408
431678.9400360498 5304023.41577016 1053.6877768066408
431678.9577730825 5304023.4213626245 1053.6877768066408
431678.9749552049 5304023.428479693 1053.6877768066408
431678.99145165086 5304023.4370672 1053.6877768066408
431679.00713687233 5304023.447059787 1053.6877768066408
431679.0218914954 5304023.458381408 1053.6877768066408
431679.0356032284 5304023.470945897 1053.6877768066408
431679.0481677168 5304023.484657629 1053.6877768066408
431679.0594893373 5304023.499412253 1053.6877768066408
431679.0694819255 5304023.515097474 1053.6877768066408
431679.0780694317 5304023.53159392 1053.6877768066408
431679.0851864998 5304023.548776042 1053.6877768066408
431679.0907789648 5304023.566513075 1053.6877768066408
431679.0948042644 5304023.584670028 1053.6877768066408
431679.09723176376 5304023.603108717 1053.6877768066408
431688.8176475577 5303949.412869738 1050.2897665527346
431688.81702326017 5303949.427168502 1050.2897665527346
431688.815155119 5303949.441358443 1050.2897665527346
431688.81205735175 5303949.455331568 1050.2897665527346
431688.8077535344 5303949.468981532 1050.2897665527346
431688.8022764216 5303949.482204453 1050.2897665527346
431688.7956676974 5303949.494899694 1050.2897665527346
431688.7879776582 5303949.5069706375 1050.2897665527346
431688.7792648299 5303949.518325416 1050.2897665527346
431688.7695955223 5303949.528877614 1050.2897665527346
431688.7590433248 5303949.538546922 1050.2897665527346
431688.74768854585 5303949.54725975 1050.2897665527346
431688.7356176023 5303949.554949789 1050.2897665527346
431688.7229223612 5303949.561558513 1050.2897665527346
431688.7096994411 5303949.567035626 1050.2897665527346
431688.69604947633 5303949.571339443 1050.2897665527346
431688.6820763514 5303949.57443721 1050.2897665527346
431688.6678864103 5303949.576305352 1050.2897665527346
431688.6535876469 5303949.576929649 1050.2897665527346
431688.63928888354 5303949.576305352 1050.2897665527346
431688.6250989424 5303949.57443721 1050.2897665527346
431688.6111258175 5303949.571339443 1050.2897665527346
431688.5974758527 5303949.567035626 1050.2897665527346
431688.5842529326 5303949.561558513 1050.2897665527346
431688.5715576915 5303949.554949789 1050.2897665527346
431688.559486748 5303949.54725975 1050.2897665527346
431688.548131969 5303949.538546922 1050.2897665527346
431688.5375797715 5303949.528877614 1050.2897665527346
431688.5279104639 5303949.518325416 1050.2897665527346
431688.5191976356 5303949.5069706375 1050.2897665527346
431688.5115075964 5303949.494899694 1050.2897665527346
431688.5048988722 5303949.482204453 1050.2897665527346
431688.4994217594 5303949.468981532 1050.2897665527346
431688.4951179421 5303949.455331568 1050.2897665527346
431688.4920201748 5303949.441358443 1050.2897665527346
431688.4901520336 5303949.427168502 1050.2897665527346
431688.48952773615 5303949.412869738 1050.2897665527346
431688.4901520336 5303949.398570975 1050.2897665527346
431688.4920201748 5303949.3843810335 1050.2897665527346
431688.4951179421 5303949.370407909 1050.2897665527346
431688.4994217594 5303949.356757944 1050.2897665527346
431688.5048988722 5303949.343535024 1050.2897665527346
431688.5115075964 5303949.330839783 1050.2897665527346
431688.5191976356 5303949.318768839 1050.2897665527346
431688.5279104639 5303949.30741406 1050.2897665527346
431688.5375797715 5303949.296861863 1050.2897665527346
431688.548131969 5303949.287192555 1050.2897665527346
431688.559486748 5303949.278479727 1050.2897665527346
431688.5715576915 5303949.270789688 1050.2897665527346
431688.5842529326 5303949.264180964 1050.2897665527346
431688.5974758527 5303949.258703851 1050.2897665527346
431688.6111258175 5303949.2544000335 1050.2897665527346
431688.6250989424 5303949.2513022665 1050.2897665527346
431688.63928888354 5303949.249434125 1050.2897665527346
431688.6535876469 5303949.248809828 1050.2897665527346
431688.6678864103 5303949.249434125 1050.2897665527346
431688.6820763514 5303949.2513022665 1050.2897665527346
431688.69604947633 5303949.2544000335 1050.2897665527346
431688.7096994411 5303949.258703851 1050.2897665527346
431688.7229223612 5303949.264180964 1050.2897665527346
431688.7356176023 5303949.270789688 1050.2897665527346
431688.74768854585 5303949.278479727 1050.2897665527346
431688.7590433248 5303949.287192555 1050.2897665527346
431688.7695955223 5303949.296861863 1050.2897665527346
431688.7792648299 5303949.30741406 1050.2897665527346
431688.7879776582 5303949.318768839 1050.2897665527346
431688.7956676974 5303949.330839783 1050.2897665527346
431688.8022764216 5303949.343535024 1050.2897665527346
431688.8077535344 5303949.356757944 1050.2897665527346
431688.81205735175 5303949.370407909 1050.2897665527346
431688.815155119 5303949.3843810335 1050.2897665527346
431688.81702326017 5303949.398570975 1050.2897665527346
431698.91561899 5303995.247017725 1049.492769482422
431698.9149868669 5303995.261495726 1049.492769482422
431698.9130953082 5303995.27586354 1049.492769482422
431698.90995871 5303995.290011821 1049.492769482422
431698.90560094354 5303995.3038328905 1049.492769482422
431698.9000551741 5303995.317221562 1049.492769482422
431698.89336360845 5303995.33007594 1049.492769482422
431698.8855771733 5303995.342298195 1049.492769482422
431698.87675512827 5303995.353795308 1049.492769482422
431698.8669646143 5303995.364479779 1049.492769482422
431698.8562801432 5303995.374270293 1049.492769482422
431698.84478303016 5303995.383092338 1049.492769482422
431698.8325607753 5303995.390878773 1049.492769482422
431698.8197063972 5303995.397570339 1049.492769482422
431698.8063177255 5303995.403116109 1049.492769482422
431698.7924966561 5303995.407473875 1049.492769482422
431698.77834837575 5303995.410610473 1049.492769482422
431698.7639805613 5303995.412502032 1049.492769482422
431698.7495025605 5303995.413134155 1049.492769482422
431698.73502455966 5303995.412502032 1049.492769482422
431698.7206567452 5303995.410610473 1049.492769482422
431698.7065084648 5303995.407473875 1049.492769482422
431698.6926873954 5303995.403116109 1049.492769482422
431698.67929872376 5303995.397570339 1049.492769482422
431698.66644434567 5303995.390878773 1049.492769482422
431698.6542220908 5303995.383092338 1049.492769482422
431698.6427249778 5303995.374270293 1049.492769482422
431698.6320405066 5303995.364479779 1049.492769482422
431698.6222499927 5303995.353795308 1049.492769482422
431698.6134279476 5303995.342298195 1049.492769482422
431698.6056415125 5303995.33007594 1049.492769482422
431698.5989499468 5303995.317221562 1049.492769482422
431698.5934041774 5303995.3038328905 1049.492769482422
431698.589046411 5303995.290011821 1049.492769482422
431698.5859098128 5303995.27586354 1049.492769482422
431698.58401825407 5303995.261495726 1049.492769482422
431698.5833861309 5303995.247017725 1049.492769482422
431698.58401825407 5303995.232539725 1049.492769482422
431698.5859098128 5303995.21817191 1049.492769482422
431698.589046411 5303995.204023629 1049.492769482422
431698.5934041774 5303995.19020256 1049.492769482422
431698.5989499468 5303995.176813888 1049.492769482422
431698.6056415125 5303995.163959511 1049.492769482422
431698.6134279476 5303995.151737256 1049.492769482422
431698.6222499927 5303995.140240143 1049.492769482422
431698.6320405066 5303995.129555672 1049.492769482422
431698.6427249778 5303995.119765158 1049.492769482422
431698.6542220908 5303995.1109431125 1049.492769482422
431698.66644434567 5303995.103156677 1049.492769482422
431698.67929872376 5303995.096465112 1049.492769482422
431698.6926873954 5303995.090919342 1049.492769482422
431698.7065084648 5303995.086561576 1049.492769482422
431698.7206567452 5303995.083424978 1049.492769482422
431698.73502455966 5303995.081533419 1049.492769482422
431698.7495025605 5303995.080901296 1049.492769482422
431698.7639805613 5303995.081533419 1049.492769482422
431698.77834837575 5303995.083424978 1049.492769482422
431698.7924966561 5303995.086561576 1049.492769482422
431698.8063177255 5303995.090919342 1049.492769482422
431698.8197063972 5303995.096465112 1049.492769482422
431698.8325607753 5303995.103156677 1049.492769482422
431698.84478303016 5303995.1109431125 1049.492769482422
431698.8562801432 5303995.119765158 1049.492769482422
431698.8669646143 5303995.129555672 1049.492769482422
431698.87675512827 5303995.140240143 1049.492769482422
431698.8855771733 5303995.151737256 1049.492769482422
431698.89336360845 5303995.163959511 1049.492769482422
431698.9000551741 5303995.176813888 1049.492769482422
431698.90560094354 5303995.19020256 1049.492769482422
431698.90995871 5303995.204023629 1049.492769482422
431698.9130953082 5303995.21817191 1049.492769482422
431698.9149868669 5303995.232539725 1049.492769482422
431656.4071294992 5303934.0931084575 1051.3107626464846
431656.40633829264 5303934.111230067 1051.3107626464846
431656.4039706945 5303934.129213761 1051.3107626464846
431656.4000447237 5303934.14692267 1051.3107626464846
431656.3945902591 5303934.164222023 1051.3107626464846
431656.38764881255 5303934.180980156 1051.3107626464846
431656.3792732127 5303934.197069534 1051.3107626464846
431656.36952720286 5303934.212367705 1051.3107626464846
431656.358484956 5303934.226758242 1051.3107626464846
431656.3462305105 5303934.240131622 1051.3107626464846
431656.3328571298 5303934.252386068 1051.3107626464846
431656.3184665936 5303934.263428315 1051.3107626464846
431656.30316842254 5303934.273174324 1051.3107626464846
431656.2870790449 5303934.281549924 1051.3107626464846
431656.27032091055 5303934.288491371 1051.3107626464846
431656.2530215591 5303934.293945835 1051.3107626464846
431656.2353126489 5303934.297871806 1051.3107626464846
431656.2173289556 5303934.300239405 1051.3107626464846
431656.1992073459 5303934.301030611 1051.3107626464846
431656.1810857362 5303934.300239405 1051.3107626464846
431656.16310204286 5303934.297871806 1051.3107626464846
431656.1453931327 5303934.293945835 1051.3107626464846
431656.1280937813 5303934.288491371 1051.3107626464846
431656.1113356469 5303934.281549924 1051.3107626464846
431656.09524626925 5303934.273174324 1051.3107626464846
431656.07994809817 5303934.263428315 1051.3107626464846
431656.065557562 5303934.252386068 1051.3107626464846
431656.05218418135 5303934.240131622 1051.3107626464846
431656.03992973577 5303934.226758242 1051.3107626464846
431656.02888748894 5303934.212367705 1051.3107626464846
431656.0191414791 5303934.197069534 1051.3107626464846
431656.0107658792 5303934.180980156 1051.3107626464846
431656.00382443273 5303934.164222023 1051.3107626464846
431655.99836996815 5303934.14692267 1051.3107626464846
431655.9944439973 5303934.129213761 1051.3107626464846
431655.9920763992 5303934.111230067 1051.3107626464846
431655.9912851926 5303934.0931084575 1051.3107626464846
431655.9920763992 5303934.074986848 1051.3107626464846
431655.9944439973 5303934.057003154 1051.3107626464846
431655.99836996815 5303934.039294245 1051.3107626464846
431656.00382443273 5303934.0219948925 1051.3107626464846
431656.0107658792 5303934.005236759 1051.3107626464846
431656.0191414791 5303933.989147381 1051.3107626464846
431656.02888748894 5303933.97384921 1051.3107626464846
431656.03992973577 5303933.959458673 1051.3107626464846
431656.05218418135 5303933.946085293 1051.3107626464846
431656.065557562 5303933.933830847 1051.3107626464846
431656.07994809817 5303933.9227886 1051.3107626464846
431656.09524626925 5303933.913042591 1051.3107626464846
431656.1113356469 5303933.904666991 1051.3107626464846
431656.1280937813 5303933.897725544 1051.3107626464846
431656.1453931327 5303933.89227108 1051.3107626464846
431656.16310204286 5303933.888345109 1051.3107626464846
431656.1810857362 5303933.88597751 1051.3107626464846
431656.1992073459 5303933.885186304 1051.3107626464846
431656.2173289556 5303933.88597751 1051.3107626464846
431656.2353126489 5303933.888345109 1051.3107626464846
431656.2530215591 5303933.89227108 1051.3107626464846
431656.27032091055 5303933.897725544 1051.3107626464846
431656.2870790449 5303933.904666991 1051.3107626464846
431656.30316842254 5303933.913042591 1051.3107626464846
431656.3184665936 5303933.9227886 1051.3107626464846
431656.3328571298 5303933.933830847 1051.3107626464846
431656.3462305105 5303933.946085293 1051.3107626464846
431656.358484956 5303933.959458673 1051.3107626464846
431656.36952720286 5303933.97384921 1051.3107626464846
431656.3792732127 5303933.989147381 1051.3107626464846
431656.38764881255 5303934.005236759 1051.3107626464846
431656.3945902591 5303934.0219948925 1051.3107626464846
431656.4000447237 5303934.039294245 1051.3107626464846
431656.4039706945 5303934.057003154 1051.3107626464846
431656.40633829264 5303934.074986848 1051.3107626464846
431603.6319849997 5304021.3151225615 1054.0357992675783
431603.6317387032 5304021.320763676 1054.0357992675783
431603.6310016884 5304021.32636186 1054.0357992675783
431603.6297795645 5304021.331874505 1054.0357992675783
431603.6280816323 5304021.337259658 1054.0357992675783
431603.6259208144 5304021.3424763335 1054.0357992675783
431603.62331355567 5304021.347484831 1054.0357992675783
431603.62027969904 5304021.352247032 1054.0357992675783
431603.6168423341 5304021.356726693 1054.0357992675783
431603.61302762106 5304021.360889722 1054.0357992675783
431603.60886459233 5304021.364704435 1054.0357992675783
431603.60438493104 5304021.3681418 1054.0357992675783
431603.5996227301 5304021.371175657 1054.0357992675783
431603.5946142328 5304021.373782915 1054.0357992675783
431603.5893975567 5304021.375943733 1054.0357992675783
431603.584012404 5304021.377641666 1054.0357992675783
431603.5784997589 5304021.378863789 1054.0357992675783
431603.5729015758 5304021.379600804 1054.0357992675783
431603.5672604606 5304021.379847101 1054.0357992675783
431603.5616193453 5304021.379600804 1054.0357992675783
431603.5560211623 5304021.378863789 1054.0357992675783
431603.5505085172 5304021.377641666 1054.0357992675783
431603.5451233645 5304021.375943733 1054.0357992675783
431603.5399066884 5304021.373782915 1054.0357992675783
431603.5348981911 5304021.371175657 1054.0357992675783
431603.5301359901 5304021.3681418 1054.0357992675783
431603.5256563288 5304021.364704435 1054.0357992675783
431603.5214933001 5304021.360889722 1054.0357992675783
431603.5176785871 5304021.356726693 1054.0357992675783
431603.5142412221 5304021.352247032 1054.0357992675783
431603.5112073655 5304021.347484831 1054.0357992675783
431603.5086001068 5304021.3424763335 1054.0357992675783
431603.5064392889 5304021.337259658 1054.0357992675783
431603.5047413567 5304021.331874505 1054.0357992675783
431603.50351923273 5304021.32636186 1054.0357992675783
431603.5027822179 5304021.320763676 1054.0357992675783
431603.5025359215 5304021.3151225615 1054.0357992675783
431603.5027822179 5304021.309481447 1054.0357992675783
431603.50351923273 5304021.303883263 1054.0357992675783
431603.5047413567 5304021.298370618 1054.0357992675783
431603.5064392889 5304021.292985465 1054.0357992675783
431603.5086001068 5304021.28776879 1054.0357992675783
431603.5112073655 5304021.282760292 1054.0357992675783
431603.5142412221 5304021.277998091 1054.0357992675783
431603.5176785871 5304021.27351843 1054.0357992675783
431603.5214933001 5304021.269355401 1054.0357992675783
431603.5256563288 5304021.265540688 1054.0357992675783
431603.5301359901 5304021.262103323 1054.0357992675783
431603.5348981911 5304021.259069466 1054.0357992675783
431603.5399066884 5304021.256462208 1054.0357992675783
431603.5451233645 5304021.25430139 1054.0357992675783
431603.5505085172 5304021.252603457 1054.0357992675783
431603.5560211623 5304021.251381334 1054.0357992675783
431603.5616193453 5304021.250644319 1054.0357992675783
431603.5672604606 5304021.250398022 1054.0357992675783
431603.5729015758 5304021.250644319 1054.0357992675783
431603.5784997589 5304021.251381334 1054.0357992675783
431603.584012404 5304021.252603457 1054.0357992675783
431603.5893975567 5304021.25430139 1054.0357992675783
431603.5946142328 5304021.256462208 1054.0357992675783
431603.5996227301 5304021.259069466 1054.0357992675783
431603.60438493104 5304021.262103323 1054.0357992675783
431603.60886459233 5304021.265540688 1054.0357992675783
431603.61302762106 5304021.269355401 1054.0357992675783
431603.6168423341 5304021.27351843 1054.0357992675783
431603.62027969904 5304021.277998091 1054.0357992675783
431603.62331355567 5304021.282760292 1054.0357992675783
431603.6259208144 5304021.28776879 1054.0357992675783
431603.6280816323 5304021.292985465 1054.0357992675783
431603.6297795645 5304021.298370618 1054.0357992675783
431603.6310016884 5304021.303883263 1054.0357992675783
431603.6317387032 5304021.309481447 1054.0357992675783
431632.9343737146 5304009.839329394 1052.8207724121096
431632.933421193 5304009.8611457255 1052.8207724121096
431632.9305708773 5304009.882796022 1052.8207724121096
431632.9258444604 5304009.904115512 1052.8207724121096
431632.9192779129 5304009.924941939 1052.8207724121096
431632.9109212103 5304009.945116804 1052.8207724121096
431632.90083795215 5304009.964486563 1052.8207724121096
431632.8891048782 5304009.9829038 1052.8207724121096
431632.8758112841 5304010.000228349 1052.8207724121096
431632.8610583422 5304010.01632836 1052.8207724121096
431632.8449583313 5304010.031081302 1052.8207724121096
431632.8276337823 5304010.044374896 1052.8207724121096
431632.80921654525 5304010.05610797 1052.8207724121096
431632.7898467866 5304010.066191228 1052.8207724121096
431632.7696719219 5304010.074547931 1052.8207724121096
431632.748845494 5304010.081114478 1052.8207724121096
431632.7275260047 5304010.085840895 1052.8207724121096
431632.705875708 5304010.08869121 1052.8207724121096
431632.6840593759 5304010.089643733 1052.8207724121096
431632.6622430438 5304010.08869121 1052.8207724121096
431632.6405927472 5304010.085840895 1052.8207724121096
431632.6192732578 5304010.081114478 1052.8207724121096
431632.5984468299 5304010.074547931 1052.8207724121096
431632.5782719652 5304010.066191228 1052.8207724121096
431632.55890220654 5304010.05610797 1052.8207724121096
431632.5404849695 5304010.044374896 1052.8207724121096
431632.5231604205 5304010.031081302 1052.8207724121096
431632.5070604096 5304010.01632836 1052.8207724121096
431632.4923074677 5304010.000228349 1052.8207724121096
431632.4790138736 5304009.9829038 1052.8207724121096
431632.4672807997 5304009.964486563 1052.8207724121096
431632.4571975416 5304009.945116804 1052.8207724121096
431632.4488408389 5304009.924941939 1052.8207724121096
431632.4422742914 5304009.904115512 1052.8207724121096
431632.43754787446 5304009.882796022 1052.8207724121096
431632.4346975588 5304009.8611457255 1052.8207724121096
431632.4337450372 5304009.839329394 1052.8207724121096
431632.4346975588 5304009.817513062 1052.8207724121096
431632.43754787446 5304009.795862765 1052.8207724121096
431632.4422742914 5304009.774543275 1052.8207724121096
431632.4488408389 5304009.753716848 1052.8207724121096
431632.4571975416 5304009.733541983 1052.8207724121096
431632.4672807997 5304009.7141722245 1052.8207724121096
431632.4790138736 5304009.695754987 1052.8207724121096
431632.4923074677 5304009.678430438 1052.8207724121096
431632.5070604096 5304009.662330427 1052.8207724121096
431632.5231604205 5304009.647577485 1052.8207724121096
431632.5404849695 5304009.634283891 1052.8207724121096
431632.55890220654 5304009.622550817 1052.8207724121096
431632.5782719652 5304009.612467559 1052.8207724121096
431632.5984468299 5304009.604110857 1052.8207724121096
431632.6192732578 5304009.597544309 1052.8207724121096
431632.6405927472 5304009.592817892 1052.8207724121096
431632.6622430438 5304009.589967577 1052.8207724121096
431632.6840593759 5304009.589015055 1052.8207724121096
431632.705875708 5304009.589967577 1052.8207724121096
431632.7275260047 5304009.592817892 1052.8207724121096
431632.748845494 5304009.597544309 1052.8207724121096
431632.7696719219 5304009.604110857 1052.8207724121096
431632.7898467866 5304009.612467559 1052.8207724121096
431632.80921654525 5304009.622550817 1052.8207724121096
431632.8276337823 5304009.634283891 1052.8207724121096
431632.8449583313 5304009.647577485 1052.8207724121096
431632.8610583422 5304009.662330427 1052.8207724121096
431632.8758112841 5304009.678430438 1052.8207724121096
431632.8891048782 5304009.695754987 1052.8207724121096
431632.90083795215 5304009.7141722245 1052.8207724121096
431632.9109212103 5304009.733541983 1052.8207724121096
431632.9192779129 5304009.753716848 1052.8207724121096
431632.9258444604 5304009.774543275 1052.8207724121096
431632.9305708773 5304009.795862765 1052.8207724121096
431632.933421193 5304009.817513062 1052.8207724121096
431688.4196968426 5304019.506282324 1053.6367514160158
431688.418994784 5304019.522362109 1053.6367514160158
431688.4168939513 5304019.538319519 1053.6367514160158
431688.413410333 5304019.554033105 1053.6367514160158
431688.40857044177 5304019.569383279 1053.6367514160158
431688.4024111119 5304019.584253217 1053.6367514160158
431688.3949792196 5304019.598529749 1053.6367514160158
431688.38633132615 5304019.612104222 1053.6367514160158
431688.3765332473 5304019.624873327 1053.6367514160158
431688.36565955216 5304019.636739884 1053.6367514160158
431688.35379299626 5304019.6476135785 1053.6367514160158
431688.3410238912 5304019.657411657 1053.6367514160158
431688.3274494177 5304019.666059551 1053.6367514160158
431688.3131728855 5304019.673491444 1053.6367514160158
431688.2983029477 5304019.679650773 1053.6367514160158
431688.2829527736 5304019.684490664 1053.6367514160158
431688.2672391872 5304019.687974283 1053.6367514160158
431688.2512817784 5304019.690075115 1053.6367514160158
431688.23520199273 5304019.690777174 1053.6367514160158
431688.2191222071 5304019.690075115 1053.6367514160158
431688.2031647983 5304019.687974283 1053.6367514160158
431688.1874512119 5304019.684490664 1053.6367514160158
431688.17210103775 5304019.679650773 1053.6367514160158
431688.1572311 5304019.673491444 1053.6367514160158
431688.1429545678 5304019.666059551 1053.6367514160158
431688.12938009424 5304019.657411657 1053.6367514160158
431688.1166109892 5304019.6476135785 1053.6367514160158
431688.1047444333 5304019.636739884 1053.6367514160158
431688.0938707382 5304019.624873327 1053.6367514160158
431688.0840726593 5304019.612104222 1053.6367514160158
431688.0754247659 5304019.598529749 1053.6367514160158
431688.0679928736 5304019.584253217 1053.6367514160158
431688.0618335437 5304019.569383279 1053.6367514160158
431688.0569936524 5304019.554033105 1053.6367514160158
431688.05351003417 5304019.538319519 1053.6367514160158
431688.0514092015 5304019.522362109 1053.6367514160158
431688.05070714286 5304019.506282324 1053.6367514160158
431688.0514092015 5304019.490202539 1053.6367514160158
431688.05351003417 5304019.474245129 1053.6367514160158
431688.0569936524 5304019.458531543 1053.6367514160158
431688.0618335437 5304019.4431813685 1053.6367514160158
431688.0679928736 5304019.428311431 1053.6367514160158
431688.0754247659 5304019.414034899 1053.6367514160158
431688.0840726593 5304019.400460426 1053.6367514160158
431688.0938707382 5304019.387691321 1053.6367514160158
431688.1047444333 5304019.375824764 1053.6367514160158
431688.1166109892 5304019.3649510695 1053.6367514160158
431688.12938009424 5304019.355152991 1053.6367514160158
431688.1429545678 5304019.346505097 1053.6367514160158
431688.1572311 5304019.339073204 1053.6367514160158
431688.17210103775 5304019.332913875 1053.6367514160158
431688.1874512119 5304019.328073984 1053.6367514160158
431688.2031647983 5304019.324590365 1053.6367514160158
431688.2191222071 5304019.322489533 1053.6367514160158
431688.23520199273 5304019.321787474 1053.6367514160158
431688.2512817784 5304019.322489533 1053.6367514160158
431688.2672391872 5304019.324590365 1053.6367514160158
431688.2829527736 5304019.328073984 1053.6367514160158
431688.2983029477 5304019.332913875 1053.6367514160158
431688.3131728855 5304019.339073204 1053.6367514160158
431688.3274494177 5304019.346505097 1053.6367514160158
431688.3410238912 5304019.355152991 1053.6367514160158
431688.35379299626 5304019.3649510695 1053.6367514160158
431688.36565955216 5304019.375824764 1053.6367514160158
431688.3765332473 5304019.387691321 1053.6367514160158
431688.38633132615 5304019.400460426 1053.6367514160158
431688.3949792196 5304019.414034899 1053.6367514160158
431688.4024111119 5304019.428311431 1053.6367514160158
431688.40857044177 5304019.4431813685 1053.6367514160158
431688.413410333 5304019.458531543 1053.6367514160158
431688.4168939513 5304019.474245129 1053.6367514160158
431688.418994784 5304019.490202539 1053.6367514160158
431646.1982037558 5303986.825498822 1048.908785107422
431646.1976416822 5303986.838372422 1048.908785107422
431646.19595973927 5303986.851148048 1048.908785107422
431646.1931707277 5303986.863728466 1048.908785107422
431646.1892958732 5303986.876017935 1048.908785107422
431646.1843646661 5303986.887922921 1048.908785107422
431646.1784146357 5303986.899352823 1048.908785107422
431646.1714910654 5303986.910220652 1048.908785107422
431646.1636466477 5303986.920443696 1048.908785107422
431646.1549410834 5303986.929944153 1048.908785107422
431646.145440627 5303986.938649717 1048.908785107422
431646.1352175828 5303986.946494134 1048.908785107422
431646.1243497544 5303986.953417705 1048.908785107422
431646.1129198523 5303986.959367735 1048.908785107422
431646.1010148652 5303986.964298942 1048.908785107422
431646.0887253972 5303986.968173797 1048.908785107422
431646.07614497846 5303986.9709628085 1048.908785107422
431646.06336935365 5303986.972644751 1048.908785107422
431646.05049575295 5303986.973206825 1048.908785107422
431646.03762215225 5303986.972644751 1048.908785107422
431646.0248465274 5303986.9709628085 1048.908785107422
431646.0122661087 5303986.968173797 1048.908785107422
431645.9999766407 5303986.964298942 1048.908785107422
431645.9880716536 5303986.959367735 1048.908785107422
431645.97664175153 5303986.953417705 1048.908785107422
431645.9657739231 5303986.946494134 1048.908785107422
431645.9555508789 5303986.938649717 1048.908785107422
431645.9460504225 5303986.929944153 1048.908785107422
431645.9373448582 5303986.920443696 1048.908785107422
431645.9295004405 5303986.910220652 1048.908785107422
431645.9225768702 5303986.899352823 1048.908785107422
431645.9166268398 5303986.887922921 1048.908785107422
431645.9116956327 5303986.876017935 1048.908785107422
431645.9078207783 5303986.863728466 1048.908785107422
431645.9050317666 5303986.851148048 1048.908785107422
431645.90334982367 5303986.838372422 1048.908785107422
431645.9027877501 5303986.825498822 1048.908785107422
431645.90334982367 5303986.812625222 1048.908785107422
431645.9050317666 5303986.799849597 1048.908785107422
431645.9078207783 5303986.787269178 1048.908785107422
431645.9116956327 5303986.77497971 1048.908785107422
431645.9166268398 5303986.763074723 1048.908785107422
431645.9225768702 5303986.751644821 1048.908785107422
431645.9295004405 5303986.740776992 1048.908785107422
431645.9373448582 5303986.730553948 1048.908785107422
431645.9460504225 5303986.721053491 1048.908785107422
431645.9555508789 5303986.712347928 1048.908785107422
431645.9657739231 5303986.70450351 1048.908785107422
431645.97664175153 5303986.697579939 1048.908785107422
431645.9880716536 5303986.691629909 1048.908785107422
431645.9999766407 5303986.686698702 1048.908785107422
431646.0122661087 5303986.682823847 1048.908785107422
431646.0248465274 5303986.680034836 1048.908785107422
431646.03762215225 5303986.678352893 1048.908785107422
431646.05049575295 5303986.67779082 1048.908785107422
431646.06336935365 5303986.678352893 1048.908785107422
431646.07614497846 5303986.680034836 1048.908785107422
431646.0887253972 5303986.682823847 1048.908785107422
431646.1010148652 5303986.686698702 1048.908785107422
431646.1129198523 5303986.691629909 1048.908785107422
431646.1243497544 5303986.697579939 1048.908785107422
431646.1352175828 5303986.70450351 1048.908785107422
431646.145440627 5303986.712347928 1048.908785107422
431646.1549410834 5303986.721053491 1048.908785107422
431646.1636466477 5303986.730553948 1048.908785107422
431646.1714910654 5303986.740776992 1048.908785107422
431646.1784146357 5303986.751644821 1048.908785107422
431646.1843646661 5303986.763074723 1048.908785107422
431646.1892958732 5303986.77497971 1048.908785107422
431646.1931707277 5303986.787269178 1048.908785107422
431646.19595973927 5303986.799849597 1048.908785107422
431646.1976416822 5303986.812625222 1048.908785107422
431676.6541051067 5304035.996152782 1053.5517904785158
431676.65338456817 5304036.012655828 1053.5517904785158
431676.65122843615 5304036.029033277 1053.5517904785158
431676.64765312016 5304036.045160485 1053.5517904785158
431676.6426858305 5304036.060914715 1053.5517904785158
431676.63636437134 5304036.076176068 1053.5517904785158
431676.6287368527 5304036.0908283945 1053.5517904785158
431676.6198613247 5304036.104760183 1053.5517904785158
431676.6098053352 5304036.117865404 1053.5517904785158
431676.5986454167 5304036.130044318 1053.5517904785158
431676.5864665028 5304036.141204236 1053.5517904785158
431676.57336128224 5304036.151260225 1053.5517904785158
431676.55942949385 5304036.160135753 1053.5517904785158
431676.54477716686 5304036.167763272 1053.5517904785158
431676.5295158143 5304036.174084731 1053.5517904785158
431676.5137615844 5304036.179052021 1053.5517904785158
431676.4976343763 5304036.182627337 1053.5517904785158
431676.4812569277 5304036.184783469 1053.5517904785158
431676.464753881 5304036.185504008 1053.5517904785158
431676.4482508343 5304036.184783469 1053.5517904785158
431676.4318733857 5304036.182627337 1053.5517904785158
431676.4157461776 5304036.179052021 1053.5517904785158
431676.3999919476 5304036.174084731 1053.5517904785158
431676.3847305951 5304036.167763272 1053.5517904785158
431676.3700782681 5304036.160135753 1053.5517904785158
431676.3561464797 5304036.151260225 1053.5517904785158
431676.3430412592 5304036.141204236 1053.5517904785158
431676.3308623452 5304036.130044318 1053.5517904785158
431676.3197024267 5304036.117865404 1053.5517904785158
431676.3096464373 5304036.104760183 1053.5517904785158
431676.3007709092 5304036.0908283945 1053.5517904785158
431676.2931433906 5304036.076176068 1053.5517904785158
431676.2868219314 5304036.060914715 1053.5517904785158
431676.2818546418 5304036.045160485 1053.5517904785158
431676.2782793258 5304036.029033277 1053.5517904785158
431676.2761231938 5304036.012655828 1053.5517904785158
431676.2754026552 5304035.996152782 1053.5517904785158
431676.2761231938 5304035.979649736 1053.5517904785158
431676.2782793258 5304035.963272287 1053.5517904785158
431676.2818546418 5304035.947145078 1053.5517904785158
431676.2868219314 5304035.931390849 1053.5517904785158
431676.2931433906 5304035.916129496 1053.5517904785158
431676.3007709092 5304035.901477169 1053.5517904785158
431676.3096464373 5304035.887545381 1053.5517904785158
431676.3197024267 5304035.87444016 1053.5517904785158
431676.3308623452 5304035.862261246 1053.5517904785158
431676.3430412592 5304035.851101328 1053.5517904785158
431676.3561464797 5304035.841045339 1053.5517904785158
431676.3700782681 5304035.83216981 1053.5517904785158
431676.3847305951 5304035.824542291 1053.5517904785158
431676.3999919476 5304035.818220832 1053.5517904785158
431676.4157461776 5304035.813253542 1053.5517904785158
431676.4318733857 5304035.809678227 1053.5517904785158
431676.4482508343 5304035.807522095 1053.5517904785158
431676.464753881 5304035.806801556 1053.5517904785158
431676.4812569277 5304035.807522095 1053.5517904785158
431676.4976343763 5304035.809678227 1053.5517904785158
431676.5137615844 5304035.813253542 1053.5517904785158
431676.5295158143 5304035.818220832 1053.5517904785158
431676.54477716686 5304035.824542291 1053.5517904785158
431676.55942949385 5304035.83216981 1053.5517904785158
431676.57336128224 5304035.841045339 1053.5517904785158
431676.5864665028 5304035.851101328 1053.5517904785158
431676.5986454167 5304035.862261246 1053.5517904785158
431676.6098053352 5304035.87444016 1053.5517904785158
431676.6198613247 5304035.887545381 1053.5517904785158
431676.6287368527 5304035.901477169 1053.5517904785158
431676.63636437134 5304035.916129496 1053.5517904785158
431676.6426858305 5304035.931390849 1053.5517904785158
431676.64765312016 5304035.947145078 1053.5517904785158
431676.65122843615 5304035.963272287 1053.5517904785158
431676.65338456817 5304035.979649736 1053.5517904785158
431675.9671594361 5304032.673304571 1053.7917807128908
431675.9662187233 5304032.694850436 1053.7917807128908
431675.96340374433 5304032.716232324 1053.7917807128908
431675.9587359229 5304032.7372875055 1053.7917807128908
431675.9522507839 5304032.7578557385 1053.7917807128908
431675.9439976832 5304032.777780486 1053.7917807128908
431675.9340394319 5304032.796910109 1053.7917807128908
431675.9224518183 5304032.81509902 1053.7917807128908
431675.90932303097 5304032.832208788 1053.7917807128908
431675.8947529881 5304032.8481092 1053.7917807128908
431675.8788525765 5304032.862679242 1053.7917807128908
431675.86174280784 5304032.875808029 1053.7917807128908
431675.84355389775 5304032.887395644 1053.7917807128908
431675.82442427496 5304032.897353895 1053.7917807128908
431675.8044995273 5304032.905606995 1053.7917807128908
431675.7839312943 5304032.912092134 1053.7917807128908
431675.7628761124 5304032.916759956 1053.7917807128908
431675.74149422446 5304032.919574935 1053.7917807128908
431675.7199483595 5304032.920515647 1053.7917807128908
431675.6984024945 5304032.919574935 1053.7917807128908
431675.6770206065 5304032.916759956 1053.7917807128908
431675.6559654247 5304032.912092134 1053.7917807128908
431675.6353971916 5304032.905606995 1053.7917807128908
431675.615472444 5304032.897353895 1053.7917807128908
431675.5963428212 5304032.887395644 1053.7917807128908
431675.5781539111 5304032.875808029 1053.7917807128908
431675.56104414247 5304032.862679242 1053.7917807128908
431675.5451437308 5304032.8481092 1053.7917807128908
431675.530573688 5304032.832208788 1053.7917807128908
431675.5174449007 5304032.81509902 1053.7917807128908
431675.50585728703 5304032.796910109 1053.7917807128908
431675.4958990357 5304032.777780486 1053.7917807128908
431675.48764593503 5304032.7578557385 1053.7917807128908
431675.481160796 5304032.7372875055 1053.7917807128908
431675.4764929746 5304032.716232324 1053.7917807128908
431675.4736779957 5304032.694850436 1053.7917807128908
431675.47273728286 5304032.673304571 1053.7917807128908
431675.4736779957 5304032.651758706 1053.7917807128908
431675.4764929746 5304032.630376818 1053.7917807128908
431675.481160796 5304032.609321636 1053.7917807128908
431675.48764593503 5304032.588753403 1053.7917807128908
431675.4958990357 5304032.568828655 1053.7917807128908
431675.50585728703 5304032.549699033 1053.7917807128908
431675.5174449007 5304032.531510122 1053.7917807128908
431675.530573688 5304032.514400354 1053.7917807128908
431675.5451437308 5304032.498499942 1053.7917807128908
431675.56104414247 5304032.4839299 1053.7917807128908
431675.5781539111 5304032.470801112 1053.7917807128908
431675.5963428212 5304032.459213498 1053.7917807128908
431675.615472444 5304032.449255247 1053.7917807128908
431675.6353971916 5304032.441002146 1053.7917807128908
431675.6559654247 5304032.434517007 1053.7917807128908
431675.6770206065 5304032.429849186 1053.7917807128908
431675.6984024945 5304032.427034207 1053.7917807128908
431675.7199483595 5304032.426093495 1053.7917807128908
431675.74149422446 5304032.427034207 1053.7917807128908
431675.7628761124 5304032.429849186 1053.7917807128908
431675.7839312943 5304032.434517007 1053.7917807128908
431675.8044995273 5304032.441002146 1053.7917807128908
431675.82442427496 5304032.449255247 1053.7917807128908
431675.84355389775 5304032.459213498 1053.7917807128908
431675.86174280784 5304032.470801112 1053.7917807128908
431675.8788525765 5304032.4839299 1053.7917807128908
431675.8947529881 5304032.498499942 1053.7917807128908
431675.90932303097 5304032.514400354 1053.7917807128908
431675.9224518183 5304032.531510122 1053.7917807128908
431675.9340394319 5304032.549699033 1053.7917807128908
431675.9439976832 5304032.568828655 1053.7917807128908
431675.9522507839 5304032.588753403 1053.7917807128908
431675.9587359229 5304032.609321636 1053.7917807128908
431675.96340374433 5304032.630376818 1053.7917807128908
431675.9662187233 5304032.651758706 1053.7917807128908
431695.1701674823 5304037.379155912 1053.0537436035158
431695.1693399949 5304037.39810849 1053.0537436035158
431695.1668638304 5304037.416916827 1053.0537436035158
431695.1627578339 5304037.43543778 1053.0537436035158
431695.1570532545 5304037.4535303945 1053.0537436035158
431695.14979350753 5304037.471056974 1053.0537436035158
431695.141033844 5304037.48788413 1053.0537436035158
431695.1308409303 5304037.5038838005 1053.0537436035158
431695.1192923405 5304037.518934215 1053.0537436035158
431695.1064759666 5304037.532920834 1053.0537436035158
431695.0924893488 5304037.545737207 1053.0537436035158
431695.0774389336 5304037.557285797 1053.0537436035158
431695.0614392639 5304037.567478711 1053.0537436035158
431695.04461210687 5304037.576238374 1053.0537436035158
431695.02708552725 5304037.583498121 1053.0537436035158
431695.0089929129 5304037.589202701 1053.0537436035158
431694.9904719596 5304037.593308697 1053.0537436035158
431694.9716636229 5304037.595784862 1053.0537436035158
431694.9527110456 5304037.596612349 1053.0537436035158
431694.9337584684 5304037.595784862 1053.0537436035158
431694.9149501317 5304037.593308697 1053.0537436035158
431694.8964291784 5304037.589202701 1053.0537436035158
431694.878336564 5304037.583498121 1053.0537436035158
431694.8608099844 5304037.576238374 1053.0537436035158
431694.8439828273 5304037.567478711 1053.0537436035158
431694.82798315765 5304037.557285797 1053.0537436035158
431694.81293274247 5304037.545737207 1053.0537436035158
431694.7989461247 5304037.532920834 1053.0537436035158
431694.7861297507 5304037.518934215 1053.0537436035158
431694.774581161 5304037.5038838005 1053.0537436035158
431694.7643882473 5304037.48788413 1053.0537436035158
431694.7556285837 5304037.471056974 1053.0537436035158
431694.7483688368 5304037.4535303945 1053.0537436035158
431694.74266425736 5304037.43543778 1053.0537436035158
431694.7385582608 5304037.416916827 1053.0537436035158
431694.7360820964 5304037.39810849 1053.0537436035158
431694.73525460897 5304037.379155912 1053.0537436035158
431694.7360820964 5304037.360203335 1053.0537436035158
431694.7385582608 5304037.341394998 1053.0537436035158
431694.74266425736 5304037.322874045 1053.0537436035158
431694.7483688368 5304037.30478143 1053.0537436035158
431694.7556285837 5304037.287254851 1053.0537436035158
431694.7643882473 5304037.270427695 1053.0537436035158
431694.774581161 5304037.254428024 1053.0537436035158
431694.7861297507 5304037.239377609 1053.0537436035158
431694.7989461247 5304037.225390991 1053.0537436035158
431694.81293274247 5304037.212574618 1053.0537436035158
431694.82798315765 5304037.201026028 1053.0537436035158
431694.8439828273 5304037.190833114 1053.0537436035158
431694.8608099844 5304037.182073451 1053.0537436035158
431694.878336564 5304037.174813704 1053.0537436035158
431694.8964291784 5304037.169109124 1053.0537436035158
431694.9149501317 5304037.165003127 1053.0537436035158
431694.9337584684 5304037.162526963 1053.0537436035158
431694.9527110456 5304037.161699476 1053.0537436035158
431694.9716636229 5304037.162526963 1053.0537436035158
431694.9904719596 5304037.165003127 1053.0537436035158
431695.0089929129 5304037.169109124 1053.0537436035158
431695.02708552725 5304037.174813704 1053.0537436035158
431695.04461210687 5304037.182073451 1053.0537436035158
431695.0614392639 5304037.190833114 1053.0537436035158
431695.0774389336 5304037.201026028 1053.0537436035158
431695.0924893488 5304037.212574618 1053.0537436035158
431695.1064759666 5304037.225390991 1053.0537436035158
431695.1192923405 5304037.239377609 1053.0537436035158
431695.1308409303 5304037.254428024 1053.0537436035158
431695.141033844 5304037.270427695 1053.0537436035158
431695.14979350753 5304037.287254851 1053.0537436035158
431695.1570532545 5304037.30478143 1053.0537436035158
431695.1627578339 5304037.322874045 1053.0537436035158
431695.1668638304 5304037.341394998 1053.0537436035158
431695.1693399949 5304037.360203335 1053.0537436035158
431593.9443797105 5304023.980098278 1054.720796826172
431593.943693891 5304023.995806129 1054.720796826172
431593.9416416519 5304024.011394432 1054.720796826172
431593.9382386119 5304024.026744553 1054.720796826172
431593.9335106704 5304024.041739668 1054.720796826172
431593.92749380966 5304024.056265655 1054.720796826172
431593.9202338218 5304024.070211962 1054.720796826172
431593.9117859597 5304024.083472449 1054.720796826172
431593.9022145165 5304024.0959461965 1054.720796826172
431593.8915923369 5304024.107538272 1054.720796826172
431593.880000262 5304024.118160451 1054.720796826172
431593.86752651446 5304024.127731894 1054.720796826172
431593.8542660271 5304024.136179756 1054.720796826172
431593.84031972016 5304024.143439745 1054.720796826172
431593.8257937335 5304024.149456605 1054.720796826172
431593.8107986186 5304024.154184546 1054.720796826172
431593.7954484975 5304024.157587587 1054.720796826172
431593.77986019367 5304024.159639826 1054.720796826172
431593.7641523436 5304024.1603256455 1054.720796826172
431593.7484444936 5304024.159639826 1054.720796826172
431593.7328561898 5304024.157587587 1054.720796826172
431593.71750606864 5304024.154184546 1054.720796826172
431593.70251095376 5304024.149456605 1054.720796826172
431593.6879849671 5304024.143439745 1054.720796826172
431593.6740386602 5304024.136179756 1054.720796826172
431593.6607781728 5304024.127731894 1054.720796826172
431593.6483044253 5304024.118160451 1054.720796826172
431593.6367123503 5304024.107538272 1054.720796826172
431593.6260901707 5304024.0959461965 1054.720796826172
431593.6165187276 5304024.083472449 1054.720796826172
431593.6080708655 5304024.070211962 1054.720796826172
431593.6008108776 5304024.056265655 1054.720796826172
431593.59479401686 5304024.041739668 1054.720796826172
431593.5900660753 5304024.026744553 1054.720796826172
431593.5866630354 5304024.011394432 1054.720796826172
431593.5846107962 5304023.995806129 1054.720796826172
431593.5839249767 5304023.980098278 1054.720796826172
431593.5846107962 5304023.964390428 1054.720796826172
431593.5866630354 5304023.948802125 1054.720796826172
431593.5900660753 5304023.933452004 1054.720796826172
431593.59479401686 5304023.918456889 1054.720796826172
431593.6008108776 5304023.903930902 1054.720796826172
431593.6080708655 5304023.889984595 1054.720796826172
431593.6165187276 5304023.876724107 1054.720796826172
431593.6260901707 5304023.86425036 1054.720796826172
431593.6367123503 5304023.852658285 1054.720796826172
431593.6483044253 5304023.842036106 1054.720796826172
431593.6607781728 5304023.832464662 1054.720796826172
431593.6740386602 5304023.8240168 1054.720796826172
431593.6879849671 5304023.816756812 1054.720796826172
431593.70251095376 5304023.810739951 1054.720796826172
431593.71750606864 5304023.80601201 1054.720796826172
431593.7328561898 5304023.80260897 1054.720796826172
431593.7484444936 5304023.8005567305 1054.720796826172
431593.7641523436 5304023.799870911 1054.720796826172
431593.77986019367 5304023.8005567305 1054.720796826172
431593.7954484975 5304023.80260897 1054.720796826172
431593.8107986186 5304023.80601201 1054.720796826172
431593.8257937335 5304023.810739951 1054.720796826172
431593.84031972016 5304023.816756812 1054.720796826172
431593.8542660271 5304023.8240168 1054.720796826172
431593.86752651446 5304023.832464662 1054.720796826172
431593.880000262 5304023.842036106 1054.720796826172
431593.8915923369 5304023.852658285 1054.720796826172
431593.9022145165 5304023.86425036 1054.720796826172
431593.9117859597 5304023.876724107 1054.720796826172
431593.9202338218 5304023.889984595 1054.720796826172
431593.92749380966 5304023.903930902 1054.720796826172
431593.9335106704 5304023.918456889 1054.720796826172
431593.9382386119 5304023.933452004 1054.720796826172
431593.9416416519 5304023.948802125 1054.720796826172
431593.943693891 5304023.964390428 1054.720796826172
431675.2333766241 5304023.682719404 1054.012789013672
431675.2328390974 5304023.69503079 1054.012789013672
431675.2312306081 5304023.707248479 1054.012789013672
431675.2285633979 5304023.719279487 1054.012789013672
431675.2248577658 5304023.73103225 1054.012789013672
431675.22014191386 5304023.742417324 1054.012789013672
431675.21445173264 5304023.75334806 1054.012789013672
431675.2078305279 5304023.76374127 1054.012789013672
431675.2003286908 5304023.773517855 1054.012789013672
431675.192003315 5304023.782603408 1054.012789013672
431675.1829177617 5304023.790928784 1054.012789013672
431675.1731411773 5304023.798430621 1054.012789013672
431675.1627479676 5304023.805051825 1054.012789013672
431675.1518172312 5304023.810742007 1054.012789013672
431675.1404321576 5304023.815457858 1054.012789013672
431675.128679394 5304023.819163491 1054.012789013672
431675.1166483861 5304023.821830701 1054.012789013672
431675.1044306972 5304023.82343919 1054.012789013672
431675.0921193111 5304023.823976717 1054.012789013672
431675.079807925 5304023.82343919 1054.012789013672
431675.0675902361 5304023.821830701 1054.012789013672
431675.0555592282 5304023.819163491 1054.012789013672
431675.04380646464 5304023.815457858 1054.012789013672
431675.032421391 5304023.810742007 1054.012789013672
431675.0214906546 5304023.805051825 1054.012789013672
431675.01109744486 5304023.798430621 1054.012789013672
431675.0013208605 5304023.790928784 1054.012789013672
431674.9922353072 5304023.782603408 1054.012789013672
431674.9839099314 5304023.773517855 1054.012789013672
431674.9764080944 5304023.76374127 1054.012789013672
431674.9697868896 5304023.75334806 1054.012789013672
431674.96409670834 5304023.742417324 1054.012789013672
431674.9593808564 5304023.73103225 1054.012789013672
431674.9556752243 5304023.719279487 1054.012789013672
431674.95300801407 5304023.707248479 1054.012789013672
431674.9513995248 5304023.69503079 1054.012789013672
431674.9508619981 5304023.682719404 1054.012789013672
431674.9513995248 5304023.670408018 1054.012789013672
431674.95300801407 5304023.658190329 1054.012789013672
431674.9556752243 5304023.646159321 1054.012789013672
431674.9593808564 5304023.634406557 1054.012789013672
431674.96409670834 5304023.623021483 1054.012789013672
431674.9697868896 5304023.612090748 1054.012789013672
431674.9764080944 5304023.601697538 1054.012789013672
431674.9839099314 5304023.591920953 1054.012789013672
431674.9922353072 5304023.5828354 1054.012789013672
431675.0013208605 5304023.574510024 1054.012789013672
431675.01109744486 5304023.567008187 1054.012789013672
431675.0214906546 5304023.560386983 1054.012789013672
431675.032421391 5304023.554696801 1054.012789013672
431675.04380646464 5304023.54998095 1054.012789013672
431675.0555592282 5304023.546275317 1054.012789013672
431675.0675902361 5304023.543608107 1054.012789013672
431675.079807925 5304023.541999618 1054.012789013672
431675.0921193111 5304023.541462091 1054.012789013672
431675.1044306972 5304023.541999618 1054.012789013672
431675.1166483861 5304023.543608107 1054.012789013672
431675.128679394 5304023.546275317 1054.012789013672
431675.1404321576 5304023.54998095 1054.012789013672
431675.1518172312 5304023.554696801 1054.012789013672
431675.1627479676 5304023.560386983 1054.012789013672
431675.1731411773 5304023.567008187 1054.012789013672
431675.1829177617 5304023.574510024 1054.012789013672
431675.192003315 5304023.5828354 1054.012789013672
431675.2003286908 5304023.591920953 1054.012789013672
431675.2078305279 5304023.601697538 1054.012789013672
431675.21445173264 5304023.612090748 1054.012789013672
431675.22014191386 5304023.623021483 1054.012789013672
431675.2248577658 5304023.634406557 1054.012789013672
431675.2285633979 5304023.646159321 1054.012789013672
431675.2312306081 5304023.658190329 1054.012789013672
431675.2328390974 5304023.670408018 1054.012789013672
431677.4015948047 5304020.971302506 1053.6747763183596
431677.4007709268 5304020.990172413 1053.6747763183596
431677.3983055632 5304021.008898709 1053.6747763183596
431677.3942174768 5304021.0273388745 1053.6747763183596
431677.3885377805 5304021.04535257 1053.6747763183596
431677.3813097 5304021.062802699 1053.6747763183596
431677.37258824566 5304021.079556458 1053.6747763183596
431677.3624397928 5304021.095486338 1053.6747763183596
431677.3509415773 5304021.110471104 1053.6747763183596
431677.33818110765 5304021.124396713 1053.6747763183596
431677.32425549865 5304021.137157183 1053.6747763183596
431677.3092707325 5304021.148655398 1053.6747763183596
431677.2933408525 5304021.158803851 1053.6747763183596
431677.2765870945 5304021.167525305 1053.6747763183596
431677.2591369648 5304021.174753386 1053.6747763183596
431677.24112326937 5304021.180433082 1053.6747763183596
431677.2226831033 5304021.1845211685 1053.6747763183596
431677.2039568075 5304021.186986532 1053.6747763183596
431677.18508690025 5304021.18781041 1053.6747763183596
431677.166216993 5304021.186986532 1053.6747763183596
431677.1474906972 5304021.1845211685 1053.6747763183596
431677.12905053113 5304021.180433082 1053.6747763183596
431677.11103683576 5304021.174753386 1053.6747763183596
431677.093586706 5304021.167525305 1053.6747763183596
431677.076832948 5304021.158803851 1053.6747763183596
431677.060903068 5304021.148655398 1053.6747763183596
431677.04591830185 5304021.137157183 1053.6747763183596
431677.0319926929 5304021.124396713 1053.6747763183596
431677.0192322232 5304021.110471104 1053.6747763183596
431677.0077340077 5304021.095486338 1053.6747763183596
431676.9975855549 5304021.079556458 1053.6747763183596
431676.9888641005 5304021.062802699 1053.6747763183596
431676.98163602006 5304021.04535257 1053.6747763183596
431676.9759563237 5304021.0273388745 1053.6747763183596
431676.97186823736 5304021.008898709 1053.6747763183596
431676.9694028737 5304020.990172413 1053.6747763183596
431676.9685789958 5304020.971302506 1053.6747763183596
431676.9694028737 5304020.952432598 1053.6747763183596
431676.97186823736 5304020.933706302 1053.6747763183596
431676.9759563237 5304020.915266137 1053.6747763183596
431676.98163602006 5304020.897252441 1053.6747763183596
431676.9888641005 5304020.879802312 1053.6747763183596
431676.9975855549 5304020.8630485535 1053.6747763183596
431677.0077340077 5304020.847118673 1053.6747763183596
431677.0192322232 5304020.832133907 1053.6747763183596
431677.0319926929 5304020.818208298 1053.6747763183596
431677.04591830185 5304020.805447828 1053.6747763183596
431677.060903068 5304020.793949613 1053.6747763183596
431677.076832948 5304020.78380116 1053.6747763183596
431677.093586706 5304020.775079706 1053.6747763183596
431677.11103683576 5304020.767851626 1053.6747763183596
431677.12905053113 5304020.762171929 1053.6747763183596
431677.1474906972 5304020.758083843 1053.6747763183596
431677.166216993 5304020.755618479 1053.6747763183596
431677.18508690025 5304020.754794601 1053.6747763183596
431677.2039568075 5304020.755618479 1053.6747763183596
431677.2226831033 5304020.758083843 1053.6747763183596
431677.24112326937 5304020.762171929 1053.6747763183596
431677.2591369648 5304020.767851626 1053.6747763183596
431677.2765870945 5304020.775079706 1053.6747763183596
431677.2933408525 5304020.78380116 1053.6747763183596
431677.3092707325 5304020.793949613 1053.6747763183596
431677.32425549865 5304020.805447828 1053.6747763183596
431677.33818110765 5304020.818208298 1053.6747763183596
431677.3509415773 5304020.832133907 1053.6747763183596
431677.3624397928 5304020.847118673 1053.6747763183596
431677.37258824566 5304020.8630485535 1053.6747763183596
431677.3813097 5304020.879802312 1053.6747763183596
431677.3885377805 5304020.897252441 1053.6747763183596
431677.3942174768 5304020.915266137 1053.6747763183596
431677.3983055632 5304020.933706302 1053.6747763183596
431677.4007709268 5304020.952432598 1053.6747763183596
431664.30534421885 5303989.844428304 1048.585787060547
431664.3045771784 5303989.861996418 1048.585787060547
431664.3022818947 5303989.879430829 1048.585787060547
431664.2984758362 5303989.896598849 1048.585787060547
431664.2931879694 5303989.91336982 1048.585787060547
431664.2864585381 5303989.929616105 1048.585787060547
431664.2783387573 5303989.945214058 1048.585787060547
431664.26889042347 5303989.960044972 1048.585787060547
431664.2581854441 5303989.973995972 1048.585787060547
431664.24630529067 5303989.986960885 1048.585787060547
431664.23334037815 5303989.998841038 1048.585787060547
431664.2193893775 5303990.009546017 1048.585787060547
431664.2045584642 5303990.018994352 1048.585787060547
431664.1889605104 5303990.027114132 1048.585787060547
431664.172714226 5303990.033843564 1048.585787060547
431664.1559432551 5303990.03913143 1048.585787060547
431664.1387752348 5303990.042937489 1048.585787060547
431664.1213408241 5303990.045232773 1048.585787060547
431664.1037727095 5303990.045999813 1048.585787060547
431664.0862045949 5303990.045232773 1048.585787060547
431664.0687701842 5303990.042937489 1048.585787060547
431664.05160216393 5303990.03913143 1048.585787060547
431664.034831193 5303990.033843564 1048.585787060547
431664.01858490857 5303990.027114132 1048.585787060547
431664.0029869548 5303990.018994352 1048.585787060547
431663.9881560415 5303990.009546017 1048.585787060547
431663.9742050408 5303989.998841038 1048.585787060547
431663.9612401283 5303989.986960885 1048.585787060547
431663.9493599749 5303989.973995972 1048.585787060547
431663.9386549955 5303989.960044972 1048.585787060547
431663.9292066617 5303989.945214058 1048.585787060547
431663.9210868809 5303989.929616105 1048.585787060547
431663.9143574496 5303989.91336982 1048.585787060547
431663.9090695828 5303989.896598849 1048.585787060547
431663.9052635242 5303989.879430829 1048.585787060547
431663.9029682406 5303989.861996418 1048.585787060547
431663.90220120014 5303989.844428304 1048.585787060547
431663.9029682406 5303989.826860189 1048.585787060547
431663.9052635242 5303989.809425779 1048.585787060547
431663.9090695828 5303989.792257758 1048.585787060547
431663.9143574496 5303989.775486787 1048.585787060547
431663.9210868809 5303989.759240503 1048.585787060547
431663.9292066617 5303989.743642549 1048.585787060547
431663.9386549955 5303989.728811636 1048.585787060547
431663.9493599749 5303989.714860635 1048.585787060547
431663.9612401283 5303989.701895722 1048.585787060547
431663.9742050408 5303989.690015569 1048.585787060547
431663.9881560415 5303989.67931059 1048.585787060547
431664.0029869548 5303989.669862255 1048.585787060547
431664.01858490857 5303989.661742475 1048.585787060547
431664.034831193 5303989.655013043 1048.585787060547
431664.05160216393 5303989.649725177 1048.585787060547
431664.0687701842 5303989.645919118 1048.585787060547
431664.0862045949 5303989.6436238345 1048.585787060547
431664.1037727095 5303989.642856794 1048.585787060547
431664.1213408241 5303989.6436238345 1048.585787060547
431664.1387752348 5303989.645919118 1048.585787060547
431664.1559432551 5303989.649725177 1048.585787060547
431664.172714226 5303989.655013043 1048.585787060547
431664.1889605104 5303989.661742475 1048.585787060547
431664.2045584642 5303989.669862255 1048.585787060547
431664.2193893775 5303989.67931059 1048.585787060547
431664.23334037815 5303989.690015569 1048.585787060547
431664.24630529067 5303989.701895722 1048.585787060547
431664.2581854441 5303989.714860635 1048.585787060547
431664.26889042347 5303989.728811636 1048.585787060547
431664.2783387573 5303989.743642549 1048.585787060547
431664.2864585381 5303989.759240503 1048.585787060547
431664.2931879694 5303989.775486787 1048.585787060547
431664.2984758362 5303989.792257758 1048.585787060547
431664.3022818947 5303989.809425779 1048.585787060547
431664.3045771784 5303989.826860189 1048.585787060547
431619.2278238861 5303978.128551279 1052.7077963378908
431619.2273403888 5303978.139625188 1052.7077963378908
431619.22589357663 5303978.150614817 1052.7077963378908
431619.2234944608 5303978.16143653 1052.7077963378908
431619.2201612998 5303978.172007966 1052.7077963378908
431619.2159194612 5303978.18224867 1052.7077963378908
431619.21080122783 5303978.1920807045 1052.7077963378908
431619.2048455527 5303978.201429242 1052.7077963378908
431619.1980977619 5303978.210223135 1052.7077963378908
431619.1906092103 5303978.218395454 1052.7077963378908
431619.1824368903 5303978.225884005 1052.7077963378908
431619.17364299815 5303978.232631797 1052.7077963378908
431619.1642944607 5303978.238587472 1052.7077963378908
431619.154462426 5303978.243705705 1052.7077963378908
431619.1442217217 5303978.247947544 1052.7077963378908
431619.1336502857 5303978.2512807045 1052.7077963378908
431619.1228285732 5303978.25367982 1052.7077963378908
431619.1118389439 5303978.255126633 1052.7077963378908
431619.1007650353 5303978.25561013 1052.7077963378908
431619.0896911268 5303978.255126633 1052.7077963378908
431619.0787014974 5303978.25367982 1052.7077963378908
431619.0678797849 5303978.2512807045 1052.7077963378908
431619.05730834894 5303978.247947544 1052.7077963378908
431619.0470676447 5303978.243705705 1052.7077963378908
431619.03723561 5303978.238587472 1052.7077963378908
431619.0278870725 5303978.232631797 1052.7077963378908
431619.0190931804 5303978.225884005 1052.7077963378908
431619.01092086034 5303978.218395454 1052.7077963378908
431619.00343230873 5303978.210223135 1052.7077963378908
431618.99668451794 5303978.201429242 1052.7077963378908
431618.9907288428 5303978.1920807045 1052.7077963378908
431618.9856106095 5303978.18224867 1052.7077963378908
431618.9813687708 5303978.172007966 1052.7077963378908
431618.9780356099 5303978.16143653 1052.7077963378908
431618.975636494 5303978.150614817 1052.7077963378908
431618.9741896818 5303978.139625188 1052.7077963378908
431618.9737061845 5303978.128551279 1052.7077963378908
431618.9741896818 5303978.11747737 1052.7077963378908
431618.975636494 5303978.106487742 1052.7077963378908
431618.9780356099 5303978.095666029 1052.7077963378908
431618.9813687708 5303978.0850945925 1052.7077963378908
431618.9856106095 5303978.074853889 1052.7077963378908
431618.9907288428 5303978.065021854 1052.7077963378908
431618.99668451794 5303978.055673316 1052.7077963378908
431619.00343230873 5303978.046879424 1052.7077963378908
431619.01092086034 5303978.0387071045 1052.7077963378908
431619.0190931804 5303978.031218553 1052.7077963378908
431619.0278870725 5303978.024470761 1052.7077963378908
431619.03723561 5303978.018515087 1052.7077963378908
431619.0470676447 5303978.013396854 1052.7077963378908
431619.05730834894 5303978.009155015 1052.7077963378908
431619.0678797849 5303978.005821854 1052.7077963378908
431619.0787014974 5303978.003422738 1052.7077963378908
431619.0896911268 5303978.001975926 1052.7077963378908
431619.1007650353 5303978.001492429 1052.7077963378908
431619.1118389439 5303978.001975926 1052.7077963378908
431619.1228285732 5303978.003422738 1052.7077963378908
431619.1336502857 5303978.005821854 1052.7077963378908
431619.1442217217 5303978.009155015 1052.7077963378908
431619.154462426 5303978.013396854 1052.7077963378908
431619.1642944607 5303978.018515087 1052.7077963378908
431619.17364299815 5303978.024470761 1052.7077963378908
431619.1824368903 5303978.031218553 1052.7077963378908
431619.1906092103 5303978.0387071045 1052.7077963378908
431619.1980977619 5303978.046879424 1052.7077963378908
431619.2048455527 5303978.055673316 1052.7077963378908
431619.21080122783 5303978.065021854 1052.7077963378908
431619.2159194612 5303978.074853889 1052.7077963378908
431619.2201612998 5303978.0850945925 1052.7077963378908
431619.2234944608 5303978.095666029 1052.7077963378908
431619.22589357663 5303978.106487742 1052.7077963378908
431619.2273403888 5303978.11747737 1052.7077963378908
431667.6104333137 5304023.588292434 1053.8707602050783
431667.60979155125 5304023.60299121 1053.8707602050783
431667.60787114815 5304023.61757812 1053.8707602050783
431667.60468671983 5304023.631942147 1053.8707602050783
431667.6002625017 5304023.645973975 1053.8707602050783
431667.5946321647 5304023.659566811 1053.8707602050783
431667.5878385591 5304023.672617206 1053.8707602050783
431667.5799333884 5304023.685025838 1053.8707602050783
431667.57097681565 5304023.696698272 1053.8707602050783
431667.56103700586 5304023.70754567 1053.8707602050783
431667.5501896069 5304023.71748548 1053.8707602050783
431667.5385171741 5304023.726442053 1053.8707602050783
431667.5261085416 5304023.734347223 1053.8707602050783
431667.5130581468 5304023.741140829 1053.8707602050783
431667.4994653108 5304023.746771166 1053.8707602050783
431667.4854334836 5304023.751195384 1053.8707602050783
431667.4710694556 5304023.754379813 1053.8707602050783
431667.4564825459 5304023.756300216 1053.8707602050783
431667.4417837696 5304023.756941978 1053.8707602050783
431667.4270849933 5304023.756300216 1053.8707602050783
431667.4124980836 5304023.754379813 1053.8707602050783
431667.3981340556 5304023.751195384 1053.8707602050783
431667.38410222833 5304023.746771166 1053.8707602050783
431667.3705093924 5304023.741140829 1053.8707602050783
431667.3574589975 5304023.734347223 1053.8707602050783
431667.3450503651 5304023.726442053 1053.8707602050783
431667.33337793226 5304023.71748548 1053.8707602050783
431667.3225305333 5304023.70754567 1053.8707602050783
431667.3125907235 5304023.696698272 1053.8707602050783
431667.3036341508 5304023.685025838 1053.8707602050783
431667.29572898 5304023.672617206 1053.8707602050783
431667.28893537447 5304023.659566811 1053.8707602050783
431667.2833050375 5304023.645973975 1053.8707602050783
431667.2788808193 5304023.631942147 1053.8707602050783
431667.275696391 5304023.61757812 1053.8707602050783
431667.2737759879 5304023.60299121 1053.8707602050783
431667.2731342255 5304023.588292434 1053.8707602050783
431667.2737759879 5304023.573593657 1053.8707602050783
431667.275696391 5304023.559006748 1053.8707602050783
431667.2788808193 5304023.54464272 1053.8707602050783
431667.2833050375 5304023.530610893 1053.8707602050783
431667.28893537447 5304023.5170180565 1053.8707602050783
431667.29572898 5304023.503967661 1053.8707602050783
431667.3036341508 5304023.49155903 1053.8707602050783
431667.3125907235 5304023.479886596 1053.8707602050783
431667.3225305333 5304023.469039198 1053.8707602050783
431667.33337793226 5304023.459099388 1053.8707602050783
431667.3450503651 5304023.450142815 1053.8707602050783
431667.3574589975 5304023.442237644 1053.8707602050783
431667.3705093924 5304023.435444038 1053.8707602050783
431667.38410222833 5304023.429813702 1053.8707602050783
431667.3981340556 5304023.425389484 1053.8707602050783
431667.4124980836 5304023.422205055 1053.8707602050783
431667.4270849933 5304023.420284652 1053.8707602050783
431667.4417837696 5304023.41964289 1053.8707602050783
431667.4564825459 5304023.420284652 1053.8707602050783
431667.4710694556 5304023.422205055 1053.8707602050783
431667.4854334836 5304023.425389484 1053.8707602050783
431667.4994653108 5304023.429813702 1053.8707602050783
431667.5130581468 5304023.435444038 1053.8707602050783
431667.5261085416 5304023.442237644 1053.8707602050783
431667.5385171741 5304023.450142815 1053.8707602050783
431667.5501896069 5304023.459099388 1053.8707602050783
431667.56103700586 5304023.469039198 1053.8707602050783
431667.57097681565 5304023.479886596 1053.8707602050783
431667.5799333884 5304023.49155903 1053.8707602050783
431667.5878385591 5304023.503967661 1053.8707602050783
431667.5946321647 5304023.5170180565 1053.8707602050783
431667.6002625017 5304023.530610893 1053.8707602050783
431667.60468671983 5304023.54464272 1053.8707602050783
431667.60787114815 5304023.559006748 1053.8707602050783
431667.60979155125 5304023.573593657 1053.8707602050783
431691.0744239281 5304020.803283059 1053.408785107422
431691.0736969248 5304020.81993417 1053.408785107422
431691.0715214482 5304020.836458555 1053.408785107422
431691.0679140547 5304020.852730456 1053.408785107422
431691.062902199 5304020.868626032 1053.408785107422
431691.0565240241 5304020.884024308 1053.408785107422
431691.0488280719 5304020.898808095 1053.408785107422
431691.0398729133 5304020.912864878 1053.408785107422
431691.0297267023 5304020.9260876775 1053.408785107422
431691.0184666578 5304020.93837586 1053.408785107422
431691.0061784755 5304020.949635904 1053.408785107422
431690.99295567593 5304020.959782115 1053.408785107422
431690.9788988925 5304020.968737274 1053.408785107422
431690.9641151059 5304020.976433226 1053.408785107422
431690.9487168297 5304020.982811401 1053.408785107422
431690.932821254 5304020.987823257 1053.408785107422
431690.9165493537 5304020.99143065 1053.408785107422
431690.9000249679 5304020.993606127 1053.408785107422
431690.883373857 5304020.99433313 1053.408785107422
431690.86672274617 5304020.993606127 1053.408785107422
431690.85019836033 5304020.99143065 1053.408785107422
431690.83392646007 5304020.987823257 1053.408785107422
431690.8180308843 5304020.982811401 1053.408785107422
431690.8026326081 5304020.976433226 1053.408785107422
431690.7878488215 5304020.968737274 1053.408785107422
431690.7737920381 5304020.959782115 1053.408785107422
431690.7605692385 5304020.949635904 1053.408785107422
431690.7482810562 5304020.93837586 1053.408785107422
431690.7370210117 5304020.9260876775 1053.408785107422
431690.7268748008 5304020.912864878 1053.408785107422
431690.7179196421 5304020.898808095 1053.408785107422
431690.7102236899 5304020.884024308 1053.408785107422
431690.70384551503 5304020.868626032 1053.408785107422
431690.6988336593 5304020.852730456 1053.408785107422
431690.6952262658 5304020.836458555 1053.408785107422
431690.6930507892 5304020.81993417 1053.408785107422
431690.692323786 5304020.803283059 1053.408785107422
431690.6930507892 5304020.786631948 1053.408785107422
431690.6952262658 5304020.770107563 1053.408785107422
431690.6988336593 5304020.753835662 1053.408785107422
431690.70384551503 5304020.737940086 1053.408785107422
431690.7102236899 5304020.72254181 1053.408785107422
431690.7179196421 5304020.707758023 1053.408785107422
431690.7268748008 5304020.69370124 1053.408785107422
431690.7370210117 5304020.680478441 1053.408785107422
431690.7482810562 5304020.668190259 1053.408785107422
431690.7605692385 5304020.656930214 1053.408785107422
431690.7737920381 5304020.646784003 1053.408785107422
431690.7878488215 5304020.637828844 1053.408785107422
431690.8026326081 5304020.630132892 1053.408785107422
431690.8180308843 5304020.623754717 1053.408785107422
431690.83392646007 5304020.618742861 1053.408785107422
431690.85019836033 5304020.615135468 1053.408785107422
431690.86672274617 5304020.612959991 1053.408785107422
431690.883373857 5304020.612232988 1053.408785107422
431690.9000249679 5304020.612959991 1053.408785107422
431690.9165493537 5304020.615135468 1053.408785107422
431690.932821254 5304020.618742861 1053.408785107422
431690.9487168297 5304020.623754717 1053.408785107422
431690.9641151059 5304020.630132892 1053.408785107422
431690.9788988925 5304020.637828844 1053.408785107422
431690.99295567593 5304020.646784003 1053.408785107422
431691.0061784755 5304020.656930214 1053.408785107422
431691.0184666578 5304020.668190259 1053.408785107422
431691.0297267023 5304020.680478441 1053.408785107422
431691.0398729133 5304020.69370124 1053.408785107422
431691.0488280719 5304020.707758023 1053.408785107422
431691.0565240241 5304020.72254181 1053.408785107422
431691.062902199 5304020.737940086 1053.408785107422
431691.0679140547 5304020.753835662 1053.408785107422
431691.0715214482 5304020.770107563 1053.408785107422
431691.0736969248 5304020.786631948 1053.408785107422
431656.7627715156 5303980.424137004 1047.4907553222658
431656.7622107532 5303980.436980575 1047.4907553222658
431656.7605327335 5303980.4497264 1047.4907553222658
431656.7577502275 5303980.462277473 1047.4907553222658
431656.7538844116 5303980.474538275 1047.4907553222658
431656.748964707 5303980.486415492 1047.4907553222658
431656.7430285557 5303980.497818734 1047.4907553222658
431656.73612113536 5303980.508661212 1047.4907553222658
431656.7282950155 5303980.518860409 1047.4907553222658
431656.7196097578 5303980.528338704 1047.4907553222658
431656.7101314623 5303980.5370239625 1047.4907553222658
431656.69993226434 5303980.544850082 1047.4907553222658
431656.6890897862 5303980.551757502 1047.4907553222658
431656.6776865456 5303980.557693654 1047.4907553222658
431656.66580932814 5303980.562613359 1047.4907553222658
431656.6535485265 5303980.566479174 1047.4907553222658
431656.6409974529 5303980.56926168 1047.4907553222658
431656.6282516285 5303980.5709397 1047.4907553222658
431656.6154080568 5303980.571500463 1047.4907553222658
431656.6025644851 5303980.5709397 1047.4907553222658
431656.5898186608 5303980.56926168 1047.4907553222658
431656.5772675871 5303980.566479174 1047.4907553222658
431656.5650067855 5303980.562613359 1047.4907553222658
431656.55312956806 5303980.557693654 1047.4907553222658
431656.5417263274 5303980.551757502 1047.4907553222658
431656.5308838493 5303980.544850082 1047.4907553222658
431656.5206846514 5303980.5370239625 1047.4907553222658
431656.5112063558 5303980.528338704 1047.4907553222658
431656.5025210981 5303980.518860409 1047.4907553222658
431656.4946949783 5303980.508661212 1047.4907553222658
431656.48778755794 5303980.497818734 1047.4907553222658
431656.4818514066 5303980.486415492 1047.4907553222658
431656.47693170205 5303980.474538275 1047.4907553222658
431656.4730658861 5303980.462277473 1047.4907553222658
431656.4702833801 5303980.4497264 1047.4907553222658
431656.4686053605 5303980.436980575 1047.4907553222658
431656.46804459806 5303980.424137004 1047.4907553222658
431656.4686053605 5303980.411293432 1047.4907553222658
431656.4702833801 5303980.398547608 1047.4907553222658
431656.4730658861 5303980.385996535 1047.4907553222658
431656.47693170205 5303980.373735732 1047.4907553222658
431656.4818514066 5303980.361858515 1047.4907553222658
431656.48778755794 5303980.350455274 1047.4907553222658
431656.4946949783 5303980.339612796 1047.4907553222658
431656.5025210981 5303980.329413598 1047.4907553222658
431656.5112063558 5303980.319935303 1047.4907553222658
431656.5206846514 5303980.311250045 1047.4907553222658
431656.5308838493 5303980.303423925 1047.4907553222658
431656.5417263274 5303980.296516505 1047.4907553222658
431656.55312956806 5303980.290580354 1047.4907553222658
431656.5650067855 5303980.285660649 1047.4907553222658
431656.5772675871 5303980.281794833 1047.4907553222658
431656.5898186608 5303980.279012327 1047.4907553222658
431656.6025644851 5303980.277334307 1047.4907553222658
431656.6154080568 5303980.276773545 1047.4907553222658
431656.6282516285 5303980.277334307 1047.4907553222658
431656.6409974529 5303980.279012327 1047.4907553222658
431656.6535485265 5303980.281794833 1047.4907553222658
431656.66580932814 5303980.285660649 1047.4907553222658
431656.6776865456 5303980.290580354 1047.4907553222658
431656.6890897862 5303980.296516505 1047.4907553222658
431656.69993226434 5303980.303423925 1047.4907553222658
431656.7101314623 5303980.311250045 1047.4907553222658
431656.7196097578 5303980.319935303 1047.4907553222658
431656.7282950155 5303980.329413598 1047.4907553222658
431656.73612113536 5303980.339612796 1047.4907553222658
431656.7430285557 5303980.350455274 1047.4907553222658
431656.748964707 5303980.361858515 1047.4907553222658
431656.7538844116 5303980.373735732 1047.4907553222658
431656.7577502275 5303980.385996535 1047.4907553222658
431656.7605327335 5303980.398547608 1047.4907553222658
431656.7622107532 5303980.411293432 1047.4907553222658
431627.5104075463 5303994.83673059 1053.276766064453
431627.51003445423 5303994.845275804 1053.276766064453
431627.5089180173 5303994.853755984 1053.276766064453
431627.5070667325 5303994.862106591 1053.276766064453
431627.504494689 5303994.87026407 1053.276766064453
431627.50122146175 5303994.87816634 1053.276766064453
431627.4972719619 5303994.885753258 1053.276766064453
431627.4926762476 5303994.892967085 1053.276766064453
431627.4874692949 5303994.899752918 1053.276766064453
431627.481690732 5303994.906059112 1053.276766064453
431627.47538453713 5303994.911837676 1053.276766064453
431627.4685987043 5303994.917044628 1053.276766064453
431627.46138487785 5303994.921640343 1053.276766064453
431627.45379795926 5303994.925589843 1053.276766064453
431627.4458956896 5303994.92886307 1053.276766064453
431627.43773820985 5303994.931435113 1053.276766064453
431627.4293876034 5303994.933286398 1053.276766064453
431627.42090742354 5303994.934402835 1053.276766064453
431627.41236220935 5303994.934775927 1053.276766064453
431627.4038169952 5303994.934402835 1053.276766064453
431627.3953368153 5303994.933286398 1053.276766064453
431627.3869862089 5303994.931435113 1053.276766064453
431627.3788287292 5303994.92886307 1053.276766064453
431627.3709264594 5303994.925589843 1053.276766064453
431627.3633395408 5303994.921640343 1053.276766064453
431627.3561257144 5303994.917044628 1053.276766064453
431627.3493398816 5303994.911837676 1053.276766064453
431627.3430336867 5303994.906059112 1053.276766064453
431627.33725512377 5303994.899752918 1053.276766064453
431627.3320481712 5303994.892967085 1053.276766064453
431627.3274524568 5303994.885753258 1053.276766064453
431627.32350295695 5303994.87816634 1053.276766064453
431627.3202297297 5303994.87026407 1053.276766064453
431627.3176576862 5303994.862106591 1053.276766064453
431627.31580640137 5303994.853755984 1053.276766064453
431627.31468996446 5303994.845275804 1053.276766064453
431627.3143168724 5303994.83673059 1053.276766064453
431627.31468996446 5303994.828185376 1053.276766064453
431627.31580640137 5303994.819705196 1053.276766064453
431627.3176576862 5303994.81135459 1053.276766064453
431627.3202297297 5303994.80319711 1053.276766064453
431627.32350295695 5303994.79529484 1053.276766064453
431627.3274524568 5303994.787707922 1053.276766064453
431627.3320481712 5303994.780494095 1053.276766064453
431627.33725512377 5303994.773708263 1053.276766064453
431627.3430336867 5303994.767402068 1053.276766064453
431627.3493398816 5303994.761623505 1053.276766064453
431627.3561257144 5303994.756416552 1053.276766064453
431627.3633395408 5303994.751820837 1053.276766064453
431627.3709264594 5303994.747871337 1053.276766064453
431627.3788287292 5303994.74459811 1053.276766064453
431627.3869862089 5303994.742026067 1053.276766064453
431627.3953368153 5303994.740174782 1053.276766064453
431627.4038169952 5303994.739058346 1053.276766064453
431627.41236220935 5303994.738685253 1053.276766064453
431627.42090742354 5303994.739058346 1053.276766064453
431627.4293876034 5303994.740174782 1053.276766064453
431627.43773820985 5303994.742026067 1053.276766064453
431627.4458956896 5303994.74459811 1053.276766064453
431627.45379795926 5303994.747871337 1053.276766064453
431627.46138487785 5303994.751820837 1053.276766064453
431627.4685987043 5303994.756416552 1053.276766064453
431627.47538453713 5303994.761623505 1053.276766064453
431627.481690732 5303994.767402068 1053.276766064453
431627.4874692949 5303994.773708263 1053.276766064453
431627.4926762476 5303994.780494095 1053.276766064453
431627.4972719619 5303994.787707922 1053.276766064453
431627.50122146175 5303994.79529484 1053.276766064453
431627.504494689 5303994.80319711 1053.276766064453
431627.5070667325 5303994.81135459 1053.276766064453
431627.5089180173 5303994.819705196 1053.276766064453
431627.51003445423 5303994.828185376 1053.276766064453
431665.4947149685 5304020.065382961 1053.1197836425783
431665.493790134 5304020.086565154 1053.1197836425783
431665.491022669 5304020.107586137 1053.1197836425783
431665.4864336357 5304020.128285929 1053.1197836425783
431665.48005795927 5304020.148506991 1053.1197836425783
431665.47194416256 5304020.168095429 1053.1197836425783
431665.46215399646 5304020.186902164 1053.1197836425783
431665.45076197 5304020.204784063 1053.1197836425783
431665.4378547833 5304020.221605036 1053.1197836425783
431665.423530668 5304020.237237065 1053.1197836425783
431665.4078986392 5304020.25156118 1053.1197836425783
431665.3910776661 5304020.264468366 1053.1197836425783
431665.3731957665 5304020.275860393 1053.1197836425783
431665.3543890323 5304020.28565056 1053.1197836425783
431665.3348005943 5304020.293764356 1053.1197836425783
431665.3145795321 5304020.300140033 1053.1197836425783
431665.2938797404 5304020.304729066 1053.1197836425783
431665.27285875706 5304020.307496531 1053.1197836425783
431665.25167656445 5304020.308421365 1053.1197836425783
431665.2304943719 5304020.307496531 1053.1197836425783
431665.2094733885 5304020.304729066 1053.1197836425783
431665.1887735968 5304020.300140033 1053.1197836425783
431665.16855253465 5304020.293764356 1053.1197836425783
431665.1489640966 5304020.28565056 1053.1197836425783
431665.1301573624 5304020.275860393 1053.1197836425783
431665.1122754628 5304020.264468366 1053.1197836425783
431665.0954544897 5304020.25156118 1053.1197836425783
431665.0798224609 5304020.237237065 1053.1197836425783
431665.0654983456 5304020.221605036 1053.1197836425783
431665.05259115895 5304020.204784063 1053.1197836425783
431665.0411991325 5304020.186902164 1053.1197836425783
431665.0314089664 5304020.168095429 1053.1197836425783
431665.0232951696 5304020.148506991 1053.1197836425783
431665.0169194932 5304020.128285929 1053.1197836425783
431665.0123304599 5304020.107586137 1053.1197836425783
431665.0095629949 5304020.086565154 1053.1197836425783
431665.0086381604 5304020.065382961 1053.1197836425783
431665.0095629949 5304020.044200769 1053.1197836425783
431665.0123304599 5304020.023179785 1053.1197836425783
431665.0169194932 5304020.002479994 1053.1197836425783
431665.0232951696 5304019.982258932 1053.1197836425783
431665.0314089664 5304019.962670493 1053.1197836425783
431665.0411991325 5304019.943863759 1053.1197836425783
431665.05259115895 5304019.92598186 1053.1197836425783
431665.0654983456 5304019.909160886 1053.1197836425783
431665.0798224609 5304019.893528857 1053.1197836425783
431665.0954544897 5304019.879204743 1053.1197836425783
431665.1122754628 5304019.866297556 1053.1197836425783
431665.1301573624 5304019.854905529 1053.1197836425783
431665.1489640966 5304019.845115363 1053.1197836425783
431665.16855253465 5304019.837001567 1053.1197836425783
431665.1887735968 5304019.83062589 1053.1197836425783
431665.2094733885 5304019.8260368565 1053.1197836425783
431665.2304943719 5304019.823269391 1053.1197836425783
431665.25167656445 5304019.822344557 1053.1197836425783
431665.27285875706 5304019.823269391 1053.1197836425783
431665.2938797404 5304019.8260368565 1053.1197836425783
431665.3145795321 5304019.83062589 1053.1197836425783
431665.3348005943 5304019.837001567 1053.1197836425783
431665.3543890323 5304019.845115363 1053.1197836425783
431665.3731957665 5304019.854905529 1053.1197836425783
431665.3910776661 5304019.866297556 1053.1197836425783
431665.4078986392 5304019.879204743 1053.1197836425783
431665.423530668 5304019.893528857 1053.1197836425783
431665.4378547833 5304019.909160886 1053.1197836425783
431665.45076197 5304019.92598186 1053.1197836425783
431665.46215399646 5304019.943863759 1053.1197836425783
431665.47194416256 5304019.962670493 1053.1197836425783
431665.48005795927 5304019.982258932 1053.1197836425783
431665.4864336357 5304020.002479994 1053.1197836425783
431665.491022669 5304020.023179785 1053.1197836425783
431665.493790134 5304020.044200769 1053.1197836425783
431578.74879095313 5303997.218336894 1053.7187826660158
431578.7479639761 5303997.237277782 1053.7187826660158
431578.7454893389 5303997.256074517 1053.7187826660158
431578.74138587504 5303997.274584047 1053.7187826660158
431578.7356848143 5303997.292665501 1053.7187826660158
431578.7284295451 5303997.31018127 1053.7187826660158
431578.71967528464 5303997.326998048 1053.7187826660158
431578.70948865794 5303997.342987849 1053.7187826660158
431578.6979471915 5303997.358028981 1053.7187826660158
431578.6851387228 5303997.372006972 1053.7187826660158
431578.67116073193 5303997.3848154405 1053.7187826660158
431578.6561196 5303997.396356907 1053.7187826660158
431578.640129799 5303997.406543534 1053.7187826660158
431578.6233130211 5303997.415297794 1053.7187826660158
431578.605797252 5303997.422553063 1053.7187826660158
431578.5877157973 5303997.428254124 1053.7187826660158
431578.56920626777 5303997.432357588 1053.7187826660158
431578.55040953215 5303997.434832226 1053.7187826660158
431578.531468645 5303997.435659203 1053.7187826660158
431578.5125277578 5303997.434832226 1053.7187826660158
431578.4937310222 5303997.432357588 1053.7187826660158
431578.4752214927 5303997.428254124 1053.7187826660158
431578.457140038 5303997.422553063 1053.7187826660158
431578.43962426885 5303997.415297794 1053.7187826660158
431578.4228074909 5303997.406543534 1053.7187826660158
431578.40681769 5303997.396356907 1053.7187826660158
431578.391776558 5303997.3848154405 1053.7187826660158
431578.3777985672 5303997.372006972 1053.7187826660158
431578.36499009846 5303997.358028981 1053.7187826660158
431578.353448632 5303997.342987849 1053.7187826660158
431578.3432620053 5303997.326998048 1053.7187826660158
431578.3345077448 5303997.31018127 1053.7187826660158
431578.32725247566 5303997.292665501 1053.7187826660158
431578.3215514149 5303997.274584047 1053.7187826660158
431578.317447951 5303997.256074517 1053.7187826660158
431578.3149733138 5303997.237277782 1053.7187826660158
431578.3141463368 5303997.218336894 1053.7187826660158
431578.3149733138 5303997.199396007 1053.7187826660158
431578.317447951 5303997.180599271 1053.7187826660158
431578.3215514149 5303997.162089742 1053.7187826660158
431578.32725247566 5303997.144008287 1053.7187826660158
431578.3345077448 5303997.126492518 1053.7187826660158
431578.3432620053 5303997.10967574 1053.7187826660158
431578.353448632 5303997.093685939 1053.7187826660158
431578.36499009846 5303997.078644807 1053.7187826660158
431578.3777985672 5303997.064666816 1053.7187826660158
431578.391776558 5303997.051858348 1053.7187826660158
431578.40681769 5303997.040316882 1053.7187826660158
431578.4228074909 5303997.030130254 1053.7187826660158
431578.43962426885 5303997.021375994 1053.7187826660158
431578.457140038 5303997.014120725 1053.7187826660158
431578.4752214927 5303997.008419665 1053.7187826660158
431578.4937310222 5303997.0043162005 1053.7187826660158
431578.5125277578 5303997.001841563 1053.7187826660158
431578.531468645 5303997.001014586 1053.7187826660158
431578.55040953215 5303997.001841563 1053.7187826660158
431578.56920626777 5303997.0043162005 1053.7187826660158
431578.5877157973 5303997.008419665 1053.7187826660158
431578.605797252 5303997.014120725 1053.7187826660158
431578.6233130211 5303997.021375994 1053.7187826660158
431578.640129799 5303997.030130254 1053.7187826660158
431578.6561196 5303997.040316882 1053.7187826660158
431578.67116073193 5303997.051858348 1053.7187826660158
431578.6851387228 5303997.064666816 1053.7187826660158
431578.6979471915 5303997.078644807 1053.7187826660158
431578.70948865794 5303997.093685939 1053.7187826660158
431578.71967528464 5303997.10967574 1053.7187826660158
431578.7284295451 5303997.126492518 1053.7187826660158
431578.7356848143 5303997.144008287 1053.7187826660158
431578.74138587504 5303997.162089742 1053.7187826660158
431578.7454893389 5303997.180599271 1053.7187826660158
431578.7479639761 5303997.199396007 1053.7187826660158
431666.9311891394 5303997.470950449 1048.9687826660158
431666.9301000161 5303997.495895472 1048.9687826660158
431666.9268409353 5303997.5206506485 1048.9687826660158
431666.9214367005 5303997.545027577 1048.9687826660158
431666.9139284411 5303997.568840734 1048.9687826660158
431666.9043732996 5303997.591908885 1048.9687826660158
431666.8928439964 5303997.614056471 1048.9687826660158
431666.87942827627 5303997.635114933 1048.9687826660158
431666.8642282412 5303997.654924004 1048.9687826660158
431666.8473595725 5303997.673332926 1048.9687826660158
431666.8289506509 5303997.6902015945 1048.9687826660158
431666.8091415795 5303997.70540163 1048.9687826660158
431666.7880831173 5303997.71881735 1048.9687826660158
431666.76593553176 5303997.730346654 1048.9687826660158
431666.7428673795 5303997.739901795 1048.9687826660158
431666.7190542231 5303997.747410054 1048.9687826660158
431666.6946772951 5303997.752814289 1048.9687826660158
431666.6699221184 5303997.75607337 1048.9687826660158
431666.64497709513 5303997.757162493 1048.9687826660158
431666.62003207183 5303997.75607337 1048.9687826660158
431666.5952768952 5303997.752814289 1048.9687826660158
431666.5708999672 5303997.747410054 1048.9687826660158
431666.5470868108 5303997.739901795 1048.9687826660158
431666.5240186585 5303997.730346654 1048.9687826660158
431666.501871073 5303997.71881735 1048.9687826660158
431666.4808126108 5303997.70540163 1048.9687826660158
431666.4610035393 5303997.6902015945 1048.9687826660158
431666.4425946178 5303997.673332926 1048.9687826660158
431666.42572594906 5303997.654924004 1048.9687826660158
431666.410525914 5303997.635114933 1048.9687826660158
431666.3971101939 5303997.614056471 1048.9687826660158
431666.3855808907 5303997.591908885 1048.9687826660158
431666.37602574914 5303997.568840734 1048.9687826660158
431666.3685174898 5303997.545027577 1048.9687826660158
431666.36311325495 5303997.5206506485 1048.9687826660158
431666.3598541741 5303997.495895472 1048.9687826660158
431666.3587650509 5303997.470950449 1048.9687826660158
431666.3598541741 5303997.446005425 1048.9687826660158
431666.36311325495 5303997.421250249 1048.9687826660158
431666.3685174898 5303997.39687332 1048.9687826660158
431666.37602574914 5303997.373060164 1048.9687826660158
431666.3855808907 5303997.349992013 1048.9687826660158
431666.3971101939 5303997.327844427 1048.9687826660158
431666.410525914 5303997.306785964 1048.9687826660158
431666.42572594906 5303997.286976893 1048.9687826660158
431666.4425946178 5303997.268567972 1048.9687826660158
431666.4610035393 5303997.251699303 1048.9687826660158
431666.4808126108 5303997.236499268 1048.9687826660158
431666.501871073 5303997.223083547 1048.9687826660158
431666.5240186585 5303997.211554244 1048.9687826660158
431666.5470868108 5303997.201999103 1048.9687826660158
431666.5708999672 5303997.194490843 1048.9687826660158
431666.5952768952 5303997.189086609 1048.9687826660158
431666.62003207183 5303997.185827528 1048.9687826660158
431666.64497709513 5303997.184738405 1048.9687826660158
431666.6699221184 5303997.185827528 1048.9687826660158
431666.6946772951 5303997.189086609 1048.9687826660158
431666.7190542231 5303997.194490843 1048.9687826660158
431666.7428673795 5303997.201999103 1048.9687826660158
431666.76593553176 5303997.211554244 1048.9687826660158
431666.7880831173 5303997.223083547 1048.9687826660158
431666.8091415795 5303997.236499268 1048.9687826660158
431666.8289506509 5303997.251699303 1048.9687826660158
431666.8473595725 5303997.268567972 1048.9687826660158
431666.8642282412 5303997.286976893 1048.9687826660158
431666.87942827627 5303997.306785964 1048.9687826660158
431666.8928439964 5303997.327844427 1048.9687826660158
431666.9043732996 5303997.349992013 1048.9687826660158
431666.9139284411 5303997.373060164 1048.9687826660158
431666.9214367005 5303997.39687332 1048.9687826660158
431666.9268409353 5303997.421250249 1048.9687826660158
431666.9301000161 5303997.446005425 1048.9687826660158
431683.60329547385 5303998.000699799 1050.3227865722658
431683.60237521614 5303998.021777165 1050.3227865722658
431683.5996214468 5303998.042694121 1050.3227865722658
431683.5950551235 5303998.063291473 1050.3227865722658
431683.5887109989 5303998.083412466 1050.3227865722658
431683.5806373556 5303998.102903965 1050.3227865722658
431683.5708956388 5303998.121617629 1050.3227865722658
431683.5595599889 5303998.139411035 1050.3227865722658
431683.5467166771 5303998.156148765 1050.3227865722658
431683.5324634487 5303998.171703435 1050.3227865722658
431683.5169087793 5303998.185956663 1050.3227865722658
431683.5001710494 5303998.198799975 1050.3227865722658
431683.4823776432 5303998.210135625 1050.3227865722658
431683.4636639794 5303998.219877342 1050.3227865722658
431683.44417248014 5303998.227950985 1050.3227865722658
431683.4240514876 5303998.234295109 1050.3227865722658
431683.4034541345 5303998.238861432 1050.3227865722658
431683.38253717934 5303998.241615202 1050.3227865722658
431683.3614598127 5303998.24253546 1050.3227865722658
431683.340382446 5303998.241615202 1050.3227865722658
431683.3194654908 5303998.238861432 1050.3227865722658
431683.29886813776 5303998.234295109 1050.3227865722658
431683.2787471452 5303998.227950985 1050.3227865722658
431683.2592556459 5303998.219877342 1050.3227865722658
431683.2405419821 5303998.210135625 1050.3227865722658
431683.222748576 5303998.198799975 1050.3227865722658
431683.2060108461 5303998.185956663 1050.3227865722658
431683.1904561767 5303998.171703435 1050.3227865722658
431683.17620294826 5303998.156148765 1050.3227865722658
431683.1633596365 5303998.139411035 1050.3227865722658
431683.15202398656 5303998.121617629 1050.3227865722658
431683.1422822698 5303998.102903965 1050.3227865722658
431683.1342086264 5303998.083412466 1050.3227865722658
431683.12786450185 5303998.063291473 1050.3227865722658
431683.1232981786 5303998.042694121 1050.3227865722658
431683.1205444092 5303998.021777165 1050.3227865722658
431683.1196241515 5303998.000699799 1050.3227865722658
431683.1205444092 5303997.979622432 1050.3227865722658
431683.1232981786 5303997.9587054765 1050.3227865722658
431683.12786450185 5303997.938108124 1050.3227865722658
431683.1342086264 5303997.917987132 1050.3227865722658
431683.1422822698 5303997.898495632 1050.3227865722658
431683.15202398656 5303997.879781968 1050.3227865722658
431683.1633596365 5303997.861988562 1050.3227865722658
431683.17620294826 5303997.845250832 1050.3227865722658
431683.1904561767 5303997.829696163 1050.3227865722658
431683.2060108461 5303997.815442935 1050.3227865722658
431683.222748576 5303997.802599622 1050.3227865722658
431683.2405419821 5303997.791263972 1050.3227865722658
431683.2592556459 5303997.781522255 1050.3227865722658
431683.2787471452 5303997.773448613 1050.3227865722658
431683.29886813776 5303997.767104488 1050.3227865722658
431683.3194654908 5303997.762538165 1050.3227865722658
431683.340382446 5303997.759784395 1050.3227865722658
431683.3614598127 5303997.758864137 1050.3227865722658
431683.38253717934 5303997.759784395 1050.3227865722658
431683.4034541345 5303997.762538165 1050.3227865722658
431683.4240514876 5303997.767104488 1050.3227865722658
431683.44417248014 5303997.773448613 1050.3227865722658
431683.4636639794 5303997.781522255 1050.3227865722658
431683.4823776432 5303997.791263972 1050.3227865722658
431683.5001710494 5303997.802599622 1050.3227865722658
431683.5169087793 5303997.815442935 1050.3227865722658
431683.5324634487 5303997.829696163 1050.3227865722658
431683.5467166771 5303997.845250832 1050.3227865722658
431683.5595599889 5303997.861988562 1050.3227865722658
431683.5708956388 5303997.879781968 1050.3227865722658
431683.5806373556 5303997.898495632 1050.3227865722658
431683.5887109989 5303997.917987132 1050.3227865722658
431683.5950551235 5303997.938108124 1050.3227865722658
431683.5996214468 5303997.9587054765 1050.3227865722658
431683.60237521614 5303997.979622432 1050.3227865722658
431680.927154526 5303956.042215952 1048.7257406738283
431680.9267956691 5303956.050435126 1048.7257406738283
431680.9257218296 5303956.058591747 1048.7257406738283
431680.92394118 5303956.066623738 1048.7257406738283
431680.921467272 5303956.074469972 1048.7257406738283
431680.9183189338 5303956.0820707325 1048.7257406738283
431680.914520126 5303956.089368174 1048.7257406738283
431680.9100997599 5303956.096306759 1048.7257406738283
431680.905091477 5303956.102833681 1048.7257406738283
431680.8995333935 5303956.108899265 1048.7257406738283
431680.8934678097 5303956.114457348 1048.7257406738283
431680.8869408884 5303956.119465631 1048.7257406738283
431680.8800023034 5303956.123885997 1048.7257406738283
431680.8727048615 5303956.127684805 1048.7257406738283
431680.8651041007 5303956.130833143 1048.7257406738283
431680.8572578672 5303956.133307051 1048.7257406738283
431680.8492258759 5303956.135087701 1048.7257406738283
431680.8410692548 5303956.13616154 1048.7257406738283
431680.8328500808 5303956.136520397 1048.7257406738283
431680.8246309068 5303956.13616154 1048.7257406738283
431680.8164742857 5303956.135087701 1048.7257406738283
431680.8084422944 5303956.133307051 1048.7257406738283
431680.8005960609 5303956.130833143 1048.7257406738283
431680.7929953001 5303956.127684805 1048.7257406738283
431680.7856978582 5303956.123885997 1048.7257406738283
431680.7787592732 5303956.119465631 1048.7257406738283
431680.7722323519 5303956.114457348 1048.7257406738283
431680.7661667681 5303956.108899265 1048.7257406738283
431680.7606086846 5303956.102833681 1048.7257406738283
431680.7556004017 5303956.096306759 1048.7257406738283
431680.7511800356 5303956.089368174 1048.7257406738283
431680.7473812278 5303956.0820707325 1048.7257406738283
431680.7442328896 5303956.074469972 1048.7257406738283
431680.74175898166 5303956.066623738 1048.7257406738283
431680.739978332 5303956.058591747 1048.7257406738283
431680.7389044925 5303956.050435126 1048.7257406738283
431680.7385456356 5303956.042215952 1048.7257406738283
431680.7389044925 5303956.033996778 1048.7257406738283
431680.739978332 5303956.025840157 1048.7257406738283
431680.74175898166 5303956.017808165 1048.7257406738283
431680.7442328896 5303956.009961932 1048.7257406738283
431680.7473812278 5303956.002361171 1048.7257406738283
431680.7511800356 5303955.99506373 1048.7257406738283
431680.7556004017 5303955.9881251445 1048.7257406738283
431680.7606086846 5303955.981598223 1048.7257406738283
431680.7661667681 5303955.975532639 1048.7257406738283
431680.7722323519 5303955.969974555 1048.7257406738283
431680.7787592732 5303955.964966273 1048.7257406738283
431680.7856978582 5303955.960545907 1048.7257406738283
431680.7929953001 5303955.956747099 1048.7257406738283
431680.8005960609 5303955.95359876 1048.7257406738283
431680.8084422944 5303955.9511248525 1048.7257406738283
431680.8164742857 5303955.949344203 1048.7257406738283
431680.8246309068 5303955.948270364 1048.7257406738283
431680.8328500808 5303955.9479115065 1048.7257406738283
431680.8410692548 5303955.948270364 1048.7257406738283
431680.8492258759 5303955.949344203 1048.7257406738283
431680.8572578672 5303955.9511248525 1048.7257406738283
431680.8651041007 5303955.95359876 1048.7257406738283
431680.8727048615 5303955.956747099 1048.7257406738283
431680.8800023034 5303955.960545907 1048.7257406738283
431680.8869408884 5303955.964966273 1048.7257406738283
431680.8934678097 5303955.969974555 1048.7257406738283
431680.8995333935 5303955.975532639 1048.7257406738283
431680.905091477 5303955.981598223 1048.7257406738283
431680.9100997599 5303955.9881251445 1048.7257406738283
431680.914520126 5303955.99506373 1048.7257406738283
431680.9183189338 5303956.002361171 1048.7257406738283
431680.921467272 5303956.009961932 1048.7257406738283
431680.92394118 5303956.017808165 1048.7257406738283
431680.9257218296 5303956.025840157 1048.7257406738283
431680.9267956691 5303956.033996778 1048.7257406738283
431677.64136058016 5303948.092976221 1049.7467978027346
431677.6405624279 5303948.111256913 1049.7467978027346
431677.6381740456 5303948.129398478 1049.7467978027346
431677.6342136102 5303948.147262848 1049.7467978027346
431677.6287112631 5303948.164714064 1049.7467978027346
431677.6217088804 5303948.181619311 1049.7467978027346
431677.6132597544 5303948.19784993 1049.7467978027346
431677.60342818825 5303948.213282398 1049.7467978027346
431677.592289006 5303948.227799263 1049.7467978027346
431677.5799269836 5303948.241290043 1049.7467978027346
431677.5664362034 5303948.253652065 1049.7467978027346
431677.5519193384 5303948.264791247 1049.7467978027346
431677.5364868708 5303948.274622814 1049.7467978027346
431677.5202562509 5303948.28307194 1049.7467978027346
431677.5033510036 5303948.290074322 1049.7467978027346
431677.485899788 5303948.295576669 1049.7467978027346
431677.4680354184 5303948.2995371055 1049.7467978027346
431677.4498938535 5303948.301925488 1049.7467978027346
431677.4316131614 5303948.30272364 1049.7467978027346
431677.41333246935 5303948.301925488 1049.7467978027346
431677.3951909044 5303948.2995371055 1049.7467978027346
431677.3773265348 5303948.295576669 1049.7467978027346
431677.3598753192 5303948.290074322 1049.7467978027346
431677.3429700719 5303948.28307194 1049.7467978027346
431677.326739452 5303948.274622814 1049.7467978027346
431677.3113069844 5303948.264791247 1049.7467978027346
431677.2967901194 5303948.253652065 1049.7467978027346
431677.2832993392 5303948.241290043 1049.7467978027346
431677.2709373168 5303948.227799263 1049.7467978027346
431677.25979813456 5303948.213282398 1049.7467978027346
431677.2499665684 5303948.19784993 1049.7467978027346
431677.24151744245 5303948.181619311 1049.7467978027346
431677.2345150597 5303948.164714064 1049.7467978027346
431677.2290127126 5303948.147262848 1049.7467978027346
431677.2250522772 5303948.129398478 1049.7467978027346
431677.2226638949 5303948.111256913 1049.7467978027346
431677.2218657426 5303948.092976221 1049.7467978027346
431677.2226638949 5303948.0746955285 1049.7467978027346
431677.2250522772 5303948.056553964 1049.7467978027346
431677.2290127126 5303948.038689594 1049.7467978027346
431677.2345150597 5303948.021238378 1049.7467978027346
431677.24151744245 5303948.004333131 1049.7467978027346
431677.2499665684 5303947.988102512 1049.7467978027346
431677.25979813456 5303947.972670044 1049.7467978027346
431677.2709373168 5303947.958153179 1049.7467978027346
431677.2832993392 5303947.944662399 1049.7467978027346
431677.2967901194 5303947.932300377 1049.7467978027346
431677.3113069844 5303947.921161194 1049.7467978027346
431677.326739452 5303947.911329628 1049.7467978027346
431677.3429700719 5303947.902880502 1049.7467978027346
431677.3598753192 5303947.895878119 1049.7467978027346
431677.3773265348 5303947.8903757725 1049.7467978027346
431677.3951909044 5303947.886415336 1049.7467978027346
431677.41333246935 5303947.884026954 1049.7467978027346
431677.4316131614 5303947.883228802 1049.7467978027346
431677.4498938535 5303947.884026954 1049.7467978027346
431677.4680354184 5303947.886415336 1049.7467978027346
431677.485899788 5303947.8903757725 1049.7467978027346
431677.5033510036 5303947.895878119 1049.7467978027346
431677.5202562509 5303947.902880502 1049.7467978027346
431677.5364868708 5303947.911329628 1049.7467978027346
431677.5519193384 5303947.921161194 1049.7467978027346
431677.5664362034 5303947.932300377 1049.7467978027346
431677.5799269836 5303947.944662399 1049.7467978027346
431677.592289006 5303947.958153179 1049.7467978027346
431677.60342818825 5303947.972670044 1049.7467978027346
431677.6132597544 5303947.988102512 1049.7467978027346
431677.6217088804 5303948.004333131 1049.7467978027346
431677.6287112631 5303948.021238378 1049.7467978027346
431677.6342136102 5303948.038689594 1049.7467978027346
431677.6381740456 5303948.056553964 1049.7467978027346
431677.6405624279 5303948.0746955285 1049.7467978027346
431657.9902524898 5303950.246502067 1047.190767529297
431657.98998136976 5303950.2527117375 1047.190767529297
431657.989170073 5303950.258874148 1047.190767529297
431657.98782477394 5303950.2649424 1047.190767529297
431657.9859557112 5303950.27087031 1047.190767529297
431657.9835771093 5303950.276612762 1047.190767529297
431657.980707071 5303950.282126055 1047.190767529297
431657.9773674391 5303950.287368227 1047.190767529297
431657.97358363 5303950.292299383 1047.190767529297
431657.96938444086 5303950.296881994 1047.190767529297
431657.9648018301 5303950.301081182 1047.190767529297
431657.9598706741 5303950.304864992 1047.190767529297
431657.954628502 5303950.308204624 1047.190767529297
431657.94911520975 5303950.311074662 1047.190767529297
431657.94337275694 5303950.313453264 1047.190767529297
431657.9374448472 5303950.315322327 1047.190767529297
431657.9313765952 5303950.316667626 1047.190767529297
431657.92521418433 5303950.317478923 1047.190767529297
431657.91900451406 5303950.317750042 1047.190767529297
431657.9127948438 5303950.317478923 1047.190767529297
431657.9066324329 5303950.316667626 1047.190767529297
431657.900564181 5303950.315322327 1047.190767529297
431657.8946362712 5303950.313453264 1047.190767529297
431657.8888938184 5303950.311074662 1047.190767529297
431657.88338052615 5303950.308204624 1047.190767529297
431657.878138354 5303950.304864992 1047.190767529297
431657.873207198 5303950.301081182 1047.190767529297
431657.86862458725 5303950.296881994 1047.190767529297
431657.8644253981 5303950.292299383 1047.190767529297
431657.860641589 5303950.287368227 1047.190767529297
431657.8573019571 5303950.282126055 1047.190767529297
431657.8544319188 5303950.276612762 1047.190767529297
431657.85205331695 5303950.27087031 1047.190767529297
431657.8501842542 5303950.2649424 1047.190767529297
431657.8488389551 5303950.258874148 1047.190767529297
431657.8480276584 5303950.2527117375 1047.190767529297
431657.8477565383 5303950.246502067 1047.190767529297
431657.8480276584 5303950.240292396 1047.190767529297
431657.8488389551 5303950.234129986 1047.190767529297
431657.8501842542 5303950.228061734 1047.190767529297
431657.85205331695 5303950.222133824 1047.190767529297
431657.8544319188 5303950.216391372 1047.190767529297
431657.8573019571 5303950.210878079 1047.190767529297
431657.860641589 5303950.205635907 1047.190767529297
431657.8644253981 5303950.200704751 1047.190767529297
431657.86862458725 5303950.19612214 1047.190767529297
431657.873207198 5303950.191922952 1047.190767529297
431657.878138354 5303950.188139142 1047.190767529297
431657.88338052615 5303950.18479951 1047.190767529297
431657.8888938184 5303950.181929472 1047.190767529297
431657.8946362712 5303950.17955087 1047.190767529297
431657.900564181 5303950.177681807 1047.190767529297
431657.9066324329 5303950.176336508 1047.190767529297
431657.9127948438 5303950.175525211 1047.190767529297
431657.91900451406 5303950.175254092 1047.190767529297
431657.92521418433 5303950.175525211 1047.190767529297
431657.9313765952 5303950.176336508 1047.190767529297
431657.9374448472 5303950.177681807 1047.190767529297
431657.94337275694 5303950.17955087 1047.190767529297
431657.94911520975 5303950.181929472 1047.190767529297
431657.954628502 5303950.18479951 1047.190767529297
431657.9598706741 5303950.188139142 1047.190767529297
431657.9648018301 5303950.191922952 1047.190767529297
431657.96938444086 5303950.19612214 1047.190767529297
431657.97358363 5303950.200704751 1047.190767529297
431657.9773674391 5303950.205635907 1047.190767529297
431657.980707071 5303950.210878079 1047.190767529297
431657.9835771093 5303950.216391372 1047.190767529297
431657.9859557112 5303950.222133824 1047.190767529297
431657.98782477394 5303950.228061734 1047.190767529297
431657.989170073 5303950.234129986 1047.190767529297
431657.98998136976 5303950.240292396 1047.190767529297
431600.051870376 5303994.390149124 1051.1577475097658
431600.05148918496 5303994.3988798335 1051.1577475097658
431600.050348513 5303994.407544098 1051.1577475097658
431600.0484570413 5303994.416075975 1051.1577475097658
431600.0458291651 5303994.424410534 1051.1577475097658
431600.0424848841 5303994.432484342 1051.1577475097658
431600.0384496503 5303994.440235954 1051.1577475097658
431600.0337541743 5303994.447606375 1051.1577475097658
431600.0284341915 5303994.454539511 1051.1577475097658
431600.0225301902 5303994.460982598 1051.1577475097658
431600.01608710334 5303994.4668866 1051.1577475097658
431600.00915396673 5303994.472206582 1051.1577475097658
431600.0017835458 5303994.476902058 1051.1577475097658
431599.9940319338 5303994.480937293 1051.1577475097658
431599.98595812527 5303994.484281573 1051.1577475097658
431599.9776235668 5303994.48690945 1051.1577475097658
431599.9690916892 5303994.4888009215 1051.1577475097658
431599.9604274254 5303994.489941593 1051.1577475097658
431599.9516967156 5303994.4903227845 1051.1577475097658
431599.9429660058 5303994.489941593 1051.1577475097658
431599.934301742 5303994.4888009215 1051.1577475097658
431599.92576986447 5303994.48690945 1051.1577475097658
431599.917435306 5303994.484281573 1051.1577475097658
431599.9093614974 5303994.480937293 1051.1577475097658
431599.9016098854 5303994.476902058 1051.1577475097658
431599.8942394645 5303994.472206582 1051.1577475097658
431599.8873063279 5303994.4668866 1051.1577475097658
431599.880863241 5303994.460982598 1051.1577475097658
431599.8749592397 5303994.454539511 1051.1577475097658
431599.8696392569 5303994.447606375 1051.1577475097658
431599.86494378094 5303994.440235954 1051.1577475097658
431599.8609085471 5303994.432484342 1051.1577475097658
431599.8575642661 5303994.424410534 1051.1577475097658
431599.8549363899 5303994.416075975 1051.1577475097658
431599.8530449182 5303994.407544098 1051.1577475097658
431599.8519042463 5303994.3988798335 1051.1577475097658
431599.8515230552 5303994.390149124 1051.1577475097658
431599.8519042463 5303994.381418414 1051.1577475097658
431599.8530449182 5303994.37275415 1051.1577475097658
431599.8549363899 5303994.364222273 1051.1577475097658
431599.8575642661 5303994.355887714 1051.1577475097658
431599.8609085471 5303994.347813906 1051.1577475097658
431599.86494378094 5303994.340062294 1051.1577475097658
431599.8696392569 5303994.3326918725 1051.1577475097658
431599.8749592397 5303994.325758737 1051.1577475097658
431599.880863241 5303994.31931565 1051.1577475097658
431599.8873063279 5303994.313411648 1051.1577475097658
431599.8942394645 5303994.308091666 1051.1577475097658
431599.9016098854 5303994.30339619 1051.1577475097658
431599.9093614974 5303994.299360955 1051.1577475097658
431599.917435306 5303994.2960166745 1051.1577475097658
431599.92576986447 5303994.293388798 1051.1577475097658
431599.934301742 5303994.291497326 1051.1577475097658
431599.9429660058 5303994.290356655 1051.1577475097658
431599.9516967156 5303994.289975463 1051.1577475097658
431599.9604274254 5303994.290356655 1051.1577475097658
431599.9690916892 5303994.291497326 1051.1577475097658
431599.9776235668 5303994.293388798 1051.1577475097658
431599.98595812527 5303994.2960166745 1051.1577475097658
431599.9940319338 5303994.299360955 1051.1577475097658
431600.0017835458 5303994.30339619 1051.1577475097658
431600.00915396673 5303994.308091666 1051.1577475097658
431600.01608710334 5303994.313411648 1051.1577475097658
431600.0225301902 5303994.31931565 1051.1577475097658
431600.0284341915 5303994.325758737 1051.1577475097658
431600.0337541743 5303994.3326918725 1051.1577475097658
431600.0384496503 5303994.340062294 1051.1577475097658
431600.0424848841 5303994.347813906 1051.1577475097658
431600.0458291651 5303994.355887714 1051.1577475097658
431600.0484570413 5303994.364222273 1051.1577475097658
431600.050348513 5303994.37275415 1051.1577475097658
431600.05148918496 5303994.381418414 1051.1577475097658
431681.95041171374 5303960.787723264 1047.170747998047
431681.9495732879 5303960.806926374 1047.170747998047
431681.947064391 5303960.825983338 1047.170747998047
431681.9429041175 5303960.844749119 1047.170747998047
431681.93712412944 5303960.863080899 1047.170747998047
431681.9297684161 5303960.8808391625 1047.170747998047
431681.9208929589 5303960.897888756 1047.170747998047
431681.9105653053 5303960.914099925 1047.170747998047
431681.8988640552 5303960.929349292 1047.170747998047
431681.88587826205 5303960.943520798 1047.170747998047
431681.87170675554 5303960.956506591 1047.170747998047
431681.8564573895 5303960.968207842 1047.170747998047
431681.8402462207 5303960.978535495 1047.170747998047
431681.823196626 5303960.987410952 1047.170747998047
431681.8054383631 5303960.994766666 1047.170747998047
431681.7871065831 5303961.000546654 1047.170747998047
431681.7683408018 5303961.004706928 1047.170747998047
431681.7492838384 5303961.007215824 1047.170747998047
431681.7300807276 5303961.00805425 1047.170747998047
431681.7108776168 5303961.007215824 1047.170747998047
431681.6918206534 5303961.004706928 1047.170747998047
431681.67305487214 5303961.000546654 1047.170747998047
431681.65472309216 5303960.994766666 1047.170747998047
431681.6369648292 5303960.987410952 1047.170747998047
431681.6199152345 5303960.978535495 1047.170747998047
431681.6037040657 5303960.968207842 1047.170747998047
431681.58845469967 5303960.956506591 1047.170747998047
431681.5742831932 5303960.943520798 1047.170747998047
431681.5612974 5303960.929349292 1047.170747998047
431681.5495961499 5303960.914099925 1047.170747998047
431681.53926849633 5303960.897888756 1047.170747998047
431681.5303930391 5303960.8808391625 1047.170747998047
431681.52303732577 5303960.863080899 1047.170747998047
431681.51725733775 5303960.844749119 1047.170747998047
431681.5130970642 5303960.825983338 1047.170747998047
431681.51058816735 5303960.806926374 1047.170747998047
431681.5097497415 5303960.787723264 1047.170747998047
431681.51058816735 5303960.768520153 1047.170747998047
431681.5130970642 5303960.749463189 1047.170747998047
431681.51725733775 5303960.730697408 1047.170747998047
431681.52303732577 5303960.712365628 1047.170747998047
431681.5303930391 5303960.694607365 1047.170747998047
431681.53926849633 5303960.677557771 1047.170747998047
431681.5495961499 5303960.661346602 1047.170747998047
431681.5612974 5303960.646097235 1047.170747998047
431681.5742831932 5303960.631925729 1047.170747998047
431681.58845469967 5303960.618939936 1047.170747998047
431681.6037040657 5303960.607238686 1047.170747998047
431681.6199152345 5303960.596911033 1047.170747998047
431681.6369648292 5303960.588035575 1047.170747998047
431681.65472309216 5303960.580679862 1047.170747998047
431681.67305487214 5303960.574899874 1047.170747998047
431681.6918206534 5303960.5707396 1047.170747998047
431681.7108776168 5303960.568230704 1047.170747998047
431681.7300807276 5303960.5673922775 1047.170747998047
431681.7492838384 5303960.568230704 1047.170747998047
431681.7683408018 5303960.5707396 1047.170747998047
431681.7871065831 5303960.574899874 1047.170747998047
431681.8054383631 5303960.580679862 1047.170747998047
431681.823196626 5303960.588035575 1047.170747998047
431681.8402462207 5303960.596911033 1047.170747998047
431681.8564573895 5303960.607238686 1047.170747998047
431681.87170675554 5303960.618939936 1047.170747998047
431681.88587826205 5303960.631925729 1047.170747998047
431681.8988640552 5303960.646097235 1047.170747998047
431681.9105653053 5303960.661346602 1047.170747998047
431681.9208929589 5303960.677557771 1047.170747998047
431681.9297684161 5303960.694607365 1047.170747998047
431681.93712412944 5303960.712365628 1047.170747998047
431681.9429041175 5303960.730697408 1047.170747998047
431681.947064391 5303960.749463189 1047.170747998047
431681.9495732879 5303960.768520153 1047.170747998047
431660.2567363326 5303950.632647318 1047.3947470214846
431660.2564020157 5303950.640304434 1047.3947470214846
431660.2554016092 5303950.647903276 1047.3947470214846
431660.253742727 5303950.65538601 1047.3947470214846
431660.25143799407 5303950.662695689 1047.3947470214846
431660.2485049509 5303950.669776682 1047.3947470214846
431660.2449659195 5303950.676575097 1047.3947470214846
431660.2408478343 5303950.683039197 1047.3947470214846
431660.2361820363 5303950.689119783 1047.3947470214846
431660.231004035 5303950.694770579 1047.3947470214846
431660.22535323823 5303950.699948581 1047.3947470214846
431660.2192726519 5303950.7046143785 1047.3947470214846
431660.2128085529 5303950.708732464 1047.3947470214846
431660.206010137 5303950.712271496 1047.3947470214846
431660.1989291442 5303950.715204539 1047.3947470214846
431660.1916194652 5303950.717509272 1047.3947470214846
431660.18413673097 5303950.719168154 1047.3947470214846
431660.1765378897 5303950.720168561 1047.3947470214846
431660.1688807732 5303950.720502878 1047.3947470214846
431660.1612236567 5303950.720168561 1047.3947470214846
431660.1536248154 5303950.719168154 1047.3947470214846
431660.1461420812 5303950.717509272 1047.3947470214846
431660.1388324022 5303950.715204539 1047.3947470214846
431660.1317514094 5303950.712271496 1047.3947470214846
431660.1249529935 5303950.708732464 1047.3947470214846
431660.1184888945 5303950.7046143785 1047.3947470214846
431660.11240830814 5303950.699948581 1047.3947470214846
431660.1067575114 5303950.694770579 1047.3947470214846
431660.1015795101 5303950.689119783 1047.3947470214846
431660.0969137121 5303950.683039197 1047.3947470214846
431660.0927956269 5303950.676575097 1047.3947470214846
431660.08925659553 5303950.669776682 1047.3947470214846
431660.0863235523 5303950.662695689 1047.3947470214846
431660.0840188194 5303950.65538601 1047.3947470214846
431660.08235993714 5303950.647903276 1047.3947470214846
431660.0813595307 5303950.640304434 1047.3947470214846
431660.08102521376 5303950.632647318 1047.3947470214846
431660.0813595307 5303950.624990202 1047.3947470214846
431660.08235993714 5303950.61739136 1047.3947470214846
431660.0840188194 5303950.6099086255 1047.3947470214846
431660.0863235523 5303950.602598947 1047.3947470214846
431660.08925659553 5303950.595517954 1047.3947470214846
431660.0927956269 5303950.588719538 1047.3947470214846
431660.0969137121 5303950.582255439 1047.3947470214846
431660.1015795101 5303950.576174852 1047.3947470214846
431660.1067575114 5303950.570524056 1047.3947470214846
431660.11240830814 5303950.565346055 1047.3947470214846
431660.1184888945 5303950.560680257 1047.3947470214846
431660.1249529935 5303950.556562171 1047.3947470214846
431660.1317514094 5303950.55302314 1047.3947470214846
431660.1388324022 5303950.550090097 1047.3947470214846
431660.1461420812 5303950.547785364 1047.3947470214846
431660.1536248154 5303950.546126482 1047.3947470214846
431660.1612236567 5303950.545126075 1047.3947470214846
431660.1688807732 5303950.544791758 1047.3947470214846
431660.1765378897 5303950.545126075 1047.3947470214846
431660.18413673097 5303950.546126482 1047.3947470214846
431660.1916194652 5303950.547785364 1047.3947470214846
431660.1989291442 5303950.550090097 1047.3947470214846
431660.206010137 5303950.55302314 1047.3947470214846
431660.2128085529 5303950.556562171 1047.3947470214846
431660.2192726519 5303950.560680257 1047.3947470214846
431660.22535323823 5303950.565346055 1047.3947470214846
431660.231004035 5303950.570524056 1047.3947470214846
431660.2361820363 5303950.576174852 1047.3947470214846
431660.2408478343 5303950.582255439 1047.3947470214846
431660.2449659195 5303950.588719538 1047.3947470214846
431660.2485049509 5303950.595517954 1047.3947470214846
431660.25143799407 5303950.602598947 1047.3947470214846
431660.253742727 5303950.6099086255 1047.3947470214846
431660.2554016092 5303950.61739136 1047.3947470214846
431660.2564020157 5303950.624990202 1047.3947470214846
431672.25960345246 5304037.208275115 1054.106783154297
431672.2586428676 5304037.230276126 1054.106783154297
431672.2557684235 5304037.252109697 1054.106783154297
431672.25100199645 5304037.27360966 1054.106783154297
431672.2443798619 5304037.294612387 1054.106783154297
431672.2359524183 5304037.314958036 1054.106783154297
431672.2257838035 5304037.334491763 1054.106783154297
431672.2139514068 5304037.353064906 1054.106783154297
431672.20054528 5304037.37053611 1054.106783154297
431672.1856674517 5304037.386772411 1054.106783154297
431672.1694311512 5304037.401650239 1054.106783154297
431672.1519599466 5304037.415056366 1054.106783154297
431672.1333868042 5304037.426888763 1054.106783154297
431672.11385307694 5304037.437057378 1054.106783154297
431672.09350742825 5304037.445484821 1054.106783154297
431672.0725047008 5304037.452106955 1054.106783154297
431672.0510047379 5304037.456873382 1054.106783154297
431672.02917116747 5304037.459747827 1054.106783154297
431672.007170156 5304037.460708411 1054.106783154297
431671.9851691445 5304037.459747827 1054.106783154297
431671.9633355741 5304037.456873382 1054.106783154297
431671.9418356112 5304037.452106955 1054.106783154297
431671.9208328837 5304037.445484821 1054.106783154297
431671.9004872351 5304037.437057378 1054.106783154297
431671.8809535078 5304037.426888763 1054.106783154297
431671.8623803654 5304037.415056366 1054.106783154297
431671.8449091608 5304037.401650239 1054.106783154297
431671.8286728603 5304037.386772411 1054.106783154297
431671.813795032 5304037.37053611 1054.106783154297
431671.8003889052 5304037.353064906 1054.106783154297
431671.7885565085 5304037.334491763 1054.106783154297
431671.7783878937 5304037.314958036 1054.106783154297
431671.76996045007 5304037.294612387 1054.106783154297
431671.76333831553 5304037.27360966 1054.106783154297
431671.7585718885 5304037.252109697 1054.106783154297
431671.7556974444 5304037.230276126 1054.106783154297
431671.7547368595 5304037.208275115 1054.106783154297
431671.7556974444 5304037.186274104 1054.106783154297
431671.7585718885 5304037.164440533 1054.106783154297
431671.76333831553 5304037.142940571 1054.106783154297
431671.76996045007 5304037.121937843 1054.106783154297
431671.7783878937 5304037.101592194 1054.106783154297
431671.7885565085 5304037.082058467 1054.106783154297
431671.8003889052 5304037.063485324 1054.106783154297
431671.813795032 5304037.04601412 1054.106783154297
431671.8286728603 5304037.029777819 1054.106783154297
431671.8449091608 5304037.014899991 1054.106783154297
431671.8623803654 5304037.001493865 1054.106783154297
431671.8809535078 5304036.989661467 1054.106783154297
431671.9004872351 5304036.979492852 1054.106783154297
431671.9208328837 5304036.9710654095 1054.106783154297
431671.9418356112 5304036.964443275 1054.106783154297
431671.9633355741 5304036.959676848 1054.106783154297
431671.9851691445 5304036.956802404 1054.106783154297
431672.007170156 5304036.955841819 1054.106783154297
431672.02917116747 5304036.956802404 1054.106783154297
431672.0510047379 5304036.959676848 1054.106783154297
431672.0725047008 5304036.964443275 1054.106783154297
431672.09350742825 5304036.9710654095 1054.106783154297
431672.11385307694 5304036.979492852 1054.106783154297
431672.1333868042 5304036.989661467 1054.106783154297
431672.1519599466 5304037.001493865 1054.106783154297
431672.1694311512 5304037.014899991 1054.106783154297
431672.1856674517 5304037.029777819 1054.106783154297
431672.20054528 5304037.04601412 1054.106783154297
431672.2139514068 5304037.063485324 1054.106783154297
431672.2257838035 5304037.082058467 1054.106783154297
431672.2359524183 5304037.101592194 1054.106783154297
431672.2443798619 5304037.121937843 1054.106783154297
431672.25100199645 5304037.142940571 1054.106783154297
431672.2557684235 5304037.164440533 1054.106783154297
431672.2586428676 5304037.186274104 1054.106783154297
431674.71620172495 5304017.125254176 1053.273775341797
431674.7156465932 5304017.137968782 1053.273775341797
431674.7139854229 5304017.150586624 1053.273775341797
431674.7112308566 5304017.163011669 1053.273775341797
431674.7074038581 5304017.175149358 1053.273775341797
431674.70253355335 5304017.186907314 1053.273775341797
431674.69665700814 5304017.198196052 1053.273775341797
431674.6898189466 5304017.208929658 1053.273775341797
431674.6820714104 5304017.2190264445 1053.273775341797
431674.6734733632 5304017.228409566 1053.273775341797
431674.6640902411 5304017.237007613 1053.273775341797
431674.6539934554 5304017.24475515 1053.273775341797
431674.6432598488 5304017.251593211 1053.273775341797
431674.6319711105 5304017.2574697565 1053.273775341797
431674.6202131545 5304017.262340061 1053.273775341797
431674.6080754661 5304017.26616706 1053.273775341797
431674.5956504204 5304017.268921626 1053.273775341797
431674.58303257945 5304017.270582796 1053.273775341797
431674.5703179727 5304017.271137928 1053.273775341797
431674.5576033659 5304017.270582796 1053.273775341797
431674.54498552496 5304017.268921626 1053.273775341797
431674.5325604793 5304017.26616706 1053.273775341797
431674.5204227909 5304017.262340061 1053.273775341797
431674.5086648349 5304017.2574697565 1053.273775341797
431674.49737609655 5304017.251593211 1053.273775341797
431674.48664249 5304017.24475515 1053.273775341797
431674.4765457043 5304017.237007613 1053.273775341797
431674.4671625822 5304017.228409566 1053.273775341797
431674.45856453496 5304017.2190264445 1053.273775341797
431674.4508169988 5304017.208929658 1053.273775341797
431674.4439789372 5304017.198196052 1053.273775341797
431674.438102392 5304017.186907314 1053.273775341797
431674.4332320872 5304017.175149358 1053.273775341797
431674.4294050888 5304017.163011669 1053.273775341797
431674.42665052245 5304017.150586624 1053.273775341797
431674.4249893522 5304017.137968782 1053.273775341797
431674.4244342204 5304017.125254176 1053.273775341797
431674.4249893522 5304017.112539569 1053.273775341797
431674.42665052245 5304017.099921728 1053.273775341797
431674.4294050888 5304017.087496682 1053.273775341797
431674.4332320872 5304017.075358993 1053.273775341797
431674.438102392 5304017.0636010375 1053.273775341797
431674.4439789372 5304017.0523123 1053.273775341797
431674.4508169988 5304017.041578693 1053.273775341797
431674.45856453496 5304017.031481907 1053.273775341797
431674.4671625822 5304017.022098785 1053.273775341797
431674.4765457043 5304017.013500738 1053.273775341797
431674.48664249 5304017.005753201 1053.273775341797
431674.49737609655 5304016.9989151405 1053.273775341797
431674.5086648349 5304016.993038595 1053.273775341797
431674.5204227909 5304016.98816829 1053.273775341797
431674.5325604793 5304016.984341292 1053.273775341797
431674.54498552496 5304016.981586725 1053.273775341797
431674.5576033659 5304016.979925555 1053.273775341797
431674.5703179727 5304016.979370424 1053.273775341797
431674.58303257945 5304016.979925555 1053.273775341797
431674.5956504204 5304016.981586725 1053.273775341797
431674.6080754661 5304016.984341292 1053.273775341797
431674.6202131545 5304016.98816829 1053.273775341797
431674.6319711105 5304016.993038595 1053.273775341797
431674.6432598488 5304016.9989151405 1053.273775341797
431674.6539934554 5304017.005753201 1053.273775341797
431674.6640902411 5304017.013500738 1053.273775341797
431674.6734733632 5304017.022098785 1053.273775341797
431674.6820714104 5304017.031481907 1053.273775341797
431674.6898189466 5304017.041578693 1053.273775341797
431674.69665700814 5304017.0523123 1053.273775341797
431674.70253355335 5304017.0636010375 1053.273775341797
431674.7074038581 5304017.075358993 1053.273775341797
431674.7112308566 5304017.087496682 1053.273775341797
431674.7139854229 5304017.099921728 1053.273775341797
431674.7156465932 5304017.112539569 1053.273775341797
431655.8186272588 5303936.768807713 1050.493746044922
431655.8177902819 5303936.787977634 1050.493746044922
431655.81528572127 5303936.8070016615 1050.493746044922
431655.8111326381 5303936.825735009 1050.493746044922
431655.8053626397 5303936.844035106 1050.493746044922
431655.79801963945 5303936.861762676 1050.493746044922
431655.7891595219 5303936.878782804 1050.493746044922
431655.7788497179 5303936.894965955 1050.493746044922
431655.7671686914 5303936.910188965 1050.493746044922
431655.75420534186 5303936.924335978 1050.493746044922
431655.7400583284 5303936.937299328 1050.493746044922
431655.72483531816 5303936.948980355 1050.493746044922
431655.7086521676 5303936.959290158 1050.493746044922
431655.69163204014 5303936.968150276 1050.493746044922
431655.6739044693 5303936.9754932765 1050.493746044922
431655.65560437256 5303936.981263274 1050.493746044922
431655.63687102473 5303936.985416357 1050.493746044922
431655.6178469979 5303936.987920919 1050.493746044922
431655.5986770764 5303936.988757895 1050.493746044922
431655.5795071549 5303936.987920919 1050.493746044922
431655.56048312807 5303936.985416357 1050.493746044922
431655.5417497802 5303936.981263274 1050.493746044922
431655.5234496835 5303936.9754932765 1050.493746044922
431655.5057221127 5303936.968150276 1050.493746044922
431655.4887019852 5303936.959290158 1050.493746044922
431655.4725188346 5303936.948980355 1050.493746044922
431655.4572958244 5303936.937299328 1050.493746044922
431655.4431488109 5303936.924335978 1050.493746044922
431655.4301854614 5303936.910188965 1050.493746044922
431655.41850443487 5303936.894965955 1050.493746044922
431655.4081946309 5303936.878782804 1050.493746044922
431655.39933451335 5303936.861762676 1050.493746044922
431655.3919915131 5303936.844035106 1050.493746044922
431655.3862215147 5303936.825735009 1050.493746044922
431655.3820684315 5303936.8070016615 1050.493746044922
431655.3795638709 5303936.787977634 1050.493746044922
431655.3787268941 5303936.768807713 1050.493746044922
431655.3795638709 5303936.749637792 1050.493746044922
431655.3820684315 5303936.730613764 1050.493746044922
431655.3862215147 5303936.711880417 1050.493746044922
431655.3919915131 5303936.69358032 1050.493746044922
431655.39933451335 5303936.6758527495 1050.493746044922
431655.4081946309 5303936.658832622 1050.493746044922
431655.41850443487 5303936.642649471 1050.493746044922
431655.4301854614 5303936.627426461 1050.493746044922
431655.4431488109 5303936.613279448 1050.493746044922
431655.4572958244 5303936.600316098 1050.493746044922
431655.4725188346 5303936.588635071 1050.493746044922
431655.4887019852 5303936.578325268 1050.493746044922
431655.5057221127 5303936.56946515 1050.493746044922
431655.5234496835 5303936.562122149 1050.493746044922
431655.5417497802 5303936.556352152 1050.493746044922
431655.56048312807 5303936.5521990685 1050.493746044922
431655.5795071549 5303936.549694507 1050.493746044922
431655.5986770764 5303936.548857531 1050.493746044922
431655.6178469979 5303936.549694507 1050.493746044922
431655.63687102473 5303936.5521990685 1050.493746044922
431655.65560437256 5303936.556352152 1050.493746044922
431655.6739044693 5303936.562122149 1050.493746044922
431655.69163204014 5303936.56946515 1050.493746044922
431655.7086521676 5303936.578325268 1050.493746044922
431655.72483531816 5303936.588635071 1050.493746044922
431655.7400583284 5303936.600316098 1050.493746044922
431655.75420534186 5303936.613279448 1050.493746044922
431655.7671686914 5303936.627426461 1050.493746044922
431655.7788497179 5303936.642649471 1050.493746044922
431655.7891595219 5303936.658832622 1050.493746044922
431655.79801963945 5303936.6758527495 1050.493746044922
431655.8053626397 5303936.69358032 1050.493746044922
431655.8111326381 5303936.711880417 1050.493746044922
431655.81528572127 5303936.730613764 1050.493746044922
431655.8177902819 5303936.749637792 1050.493746044922
431695.8350686279 5304002.652997107 1050.7577841308596
431695.83430848166 5304002.670407319 1050.7577841308596
431695.832033828 5304002.68768503 1050.7577841308596
431695.8282619784 5304002.704698743 1050.7577841308596
431695.823021639 5304002.721318976 1050.7577841308596
431695.8163526919 5304002.737419239 1050.7577841308596
431695.8083058918 5304002.752876998 1050.7577841308596
431695.7989424797 5304002.767574611 1050.7577841308596
431695.7883337169 5304002.78140022 1050.7577841308596
431695.7765603424 5304002.794248603 1050.7577841308596
431695.7637119587 5304002.806021978 1050.7577841308596
431695.7498863498 5304002.816630741 1050.7577841308596
431695.735188737 5304002.825994153 1050.7577841308596
431695.7197309778 5304002.834040953 1050.7577841308596
431695.70363071526 5304002.8407099005 1050.7577841308596
431695.687010482 5304002.845950239 1050.7577841308596
431695.6699967681 5304002.849722089 1050.7577841308596
431695.65271905815 5304002.851996743 1050.7577841308596
431695.635308846 5304002.85275689 1050.7577841308596
431695.6178986339 5304002.851996743 1050.7577841308596
431695.6006209239 5304002.849722089 1050.7577841308596
431695.58360721 5304002.845950239 1050.7577841308596
431695.5669869768 5304002.8407099005 1050.7577841308596
431695.5508867143 5304002.834040953 1050.7577841308596
431695.5354289551 5304002.825994153 1050.7577841308596
431695.5207313422 5304002.816630741 1050.7577841308596
431695.5069057333 5304002.806021978 1050.7577841308596
431695.4940573496 5304002.794248603 1050.7577841308596
431695.4822839751 5304002.78140022 1050.7577841308596
431695.4716752123 5304002.767574611 1050.7577841308596
431695.4623118002 5304002.752876998 1050.7577841308596
431695.4542650001 5304002.737419239 1050.7577841308596
431695.447596053 5304002.721318976 1050.7577841308596
431695.4423557136 5304002.704698743 1050.7577841308596
431695.4385838641 5304002.68768503 1050.7577841308596
431695.4363092104 5304002.670407319 1050.7577841308596
431695.4355490641 5304002.652997107 1050.7577841308596
431695.4363092104 5304002.635586895 1050.7577841308596
431695.4385838641 5304002.618309185 1050.7577841308596
431695.4423557136 5304002.601295471 1050.7577841308596
431695.447596053 5304002.584675239 1050.7577841308596
431695.4542650001 5304002.568574975 1050.7577841308596
431695.4623118002 5304002.553117217 1050.7577841308596
431695.4716752123 5304002.538419603 1050.7577841308596
431695.4822839751 5304002.524593995 1050.7577841308596
431695.4940573496 5304002.511745611 1050.7577841308596
431695.5069057333 5304002.499972236 1050.7577841308596
431695.5207313422 5304002.489363474 1050.7577841308596
431695.5354289551 5304002.480000062 1050.7577841308596
431695.5508867143 5304002.471953262 1050.7577841308596
431695.5669869768 5304002.465284314 1050.7577841308596
431695.58360721 5304002.460043975 1050.7577841308596
431695.6006209239 5304002.456272125 1050.7577841308596
431695.6178986339 5304002.453997471 1050.7577841308596
431695.635308846 5304002.453237325 1050.7577841308596
431695.65271905815 5304002.453997471 1050.7577841308596
431695.6699967681 5304002.456272125 1050.7577841308596
431695.687010482 5304002.460043975 1050.7577841308596
431695.70363071526 5304002.465284314 1050.7577841308596
431695.7197309778 5304002.471953262 1050.7577841308596
431695.735188737 5304002.480000062 1050.7577841308596
431695.7498863498 5304002.489363474 1050.7577841308596
431695.7637119587 5304002.499972236 1050.7577841308596
431695.7765603424 5304002.511745611 1050.7577841308596
431695.7883337169 5304002.524593995 1050.7577841308596
431695.7989424797 5304002.538419603 1050.7577841308596
431695.8083058918 5304002.553117217 1050.7577841308596
431695.8163526919 5304002.568574975 1050.7577841308596
431695.823021639 5304002.584675239 1050.7577841308596
431695.8282619784 5304002.601295471 1050.7577841308596
431695.832033828 5304002.618309185 1050.7577841308596
431695.83430848166 5304002.635586895 1050.7577841308596
431650.0823011644 5303937.0987664815 1049.336763623047
431650.0809778665 5303937.129074987 1049.336763623047
431650.07701804384 5303937.159152826 1049.336763623047
431650.0704518331 5303937.188771089 1049.336763623047
431650.06132920703 5303937.217704362 1049.336763623047
431650.0497195944 5303937.245732446 1049.336763623047
431650.0357113514 5303937.272642031 1049.336763623047
431650.0194110891 5303937.298228318 1049.336763623047
431650.0009428624 5303937.322296579 1049.336763623047
431649.98044722574 5303937.344663641 1049.336763623047
431649.9580801632 5303937.365159279 1049.336763623047
431649.9340119016 5303937.383627505 1049.336763623047
431649.908425615 5303937.399927767 1049.336763623047
431649.88151603047 5303937.413936011 1049.336763623047
431649.8534879463 5303937.425545623 1049.336763623047
431649.8245546729 5303937.4346682485 1049.336763623047
431649.7949364102 5303937.44123446 1049.336763623047
431649.7648585709 5303937.445194283 1049.336763623047
431649.7345500656 5303937.44651758 1049.336763623047
431649.7042415603 5303937.445194283 1049.336763623047
431649.674163721 5303937.44123446 1049.336763623047
431649.6445454583 5303937.4346682485 1049.336763623047
431649.6156121849 5303937.425545623 1049.336763623047
431649.5875841007 5303937.413936011 1049.336763623047
431649.5606745162 5303937.399927767 1049.336763623047
431649.5350882296 5303937.383627505 1049.336763623047
431649.511019968 5303937.365159279 1049.336763623047
431649.4886529055 5303937.344663641 1049.336763623047
431649.4681572688 5303937.322296579 1049.336763623047
431649.4496890421 5303937.298228318 1049.336763623047
431649.4333887798 5303937.272642031 1049.336763623047
431649.4193805368 5303937.245732446 1049.336763623047
431649.40777092415 5303937.217704362 1049.336763623047
431649.3986482981 5303937.188771089 1049.336763623047
431649.39208208735 5303937.159152826 1049.336763623047
431649.3881222647 5303937.129074987 1049.336763623047
431649.3867989668 5303937.0987664815 1049.336763623047
431649.3881222647 5303937.068457976 1049.336763623047
431649.39208208735 5303937.038380137 1049.336763623047
431649.3986482981 5303937.008761874 1049.336763623047
431649.40777092415 5303936.979828601 1049.336763623047
431649.4193805368 5303936.951800517 1049.336763623047
431649.4333887798 5303936.924890932 1049.336763623047
431649.4496890421 5303936.899304645 1049.336763623047
431649.4681572688 5303936.875236384 1049.336763623047
431649.4886529055 5303936.852869322 1049.336763623047
431649.511019968 5303936.832373684 1049.336763623047
431649.5350882296 5303936.813905458 1049.336763623047
431649.5606745162 5303936.797605196 1049.336763623047
431649.5875841007 5303936.783596952 1049.336763623047
431649.6156121849 5303936.77198734 1049.336763623047
431649.6445454583 5303936.7628647145 1049.336763623047
431649.674163721 5303936.756298503 1049.336763623047
431649.7042415603 5303936.75233868 1049.336763623047
431649.7345500656 5303936.751015383 1049.336763623047
431649.7648585709 5303936.75233868 1049.336763623047
431649.7949364102 5303936.756298503 1049.336763623047
431649.8245546729 5303936.7628647145 1049.336763623047
431649.8534879463 5303936.77198734 1049.336763623047
431649.88151603047 5303936.783596952 1049.336763623047
431649.908425615 5303936.797605196 1049.336763623047
431649.9340119016 5303936.813905458 1049.336763623047
431649.9580801632 5303936.832373684 1049.336763623047
431649.98044722574 5303936.852869322 1049.336763623047
431650.0009428624 5303936.875236384 1049.336763623047
431650.0194110891 5303936.899304645 1049.336763623047
431650.0357113514 5303936.924890932 1049.336763623047
431650.0497195944 5303936.951800517 1049.336763623047
431650.06132920703 5303936.979828601 1049.336763623047
431650.0704518331 5303937.008761874 1049.336763623047
431650.07701804384 5303937.038380137 1049.336763623047
431650.0809778665 5303937.068457976 1049.336763623047
431642.0087382907 5304006.419228879 1051.128755810547
431642.00794908806 5304006.43730459 1051.128755810547
431642.00558748667 5304006.4552427335 1051.128755810547
431642.0016714596 5304006.47290679 1051.128755810547
431641.9962308102 5304006.490162325 1051.128755810547
431641.9893069451 5304006.506878015 1051.128755810547
431641.9809525592 5304006.522926641 1051.128755810547
431641.9712312342 5304006.538186064 1051.128755810547
431641.96021695546 5304006.552540151 1051.128755810547
431641.9479935482 5304006.56587966 1051.128755810547
431641.93465404 5304006.578103067 1051.128755810547
431641.9202999525 5304006.589117345 1051.128755810547
431641.9050405289 5304006.598838671 1051.128755810547
431641.8889919028 5304006.6071930565 1051.128755810547
431641.8722762138 5304006.614116922 1051.128755810547
431641.85502067854 5304006.619557572 1051.128755810547
431641.8373566219 5304006.623473599 1051.128755810547
431641.8194184781 5304006.6258352 1051.128755810547
431641.8013427672 5304006.626624403 1051.128755810547
431641.7832670563 5304006.6258352 1051.128755810547
431641.7653289125 5304006.623473599 1051.128755810547
431641.7476648559 5304006.619557572 1051.128755810547
431641.73040932056 5304006.614116922 1051.128755810547
431641.7136936316 5304006.6071930565 1051.128755810547
431641.6976450055 5304006.598838671 1051.128755810547
431641.682385582 5304006.589117345 1051.128755810547
431641.6680314944 5304006.578103067 1051.128755810547
431641.65469198616 5304006.56587966 1051.128755810547
431641.6424685789 5304006.552540151 1051.128755810547
431641.6314543002 5304006.538186064 1051.128755810547
431641.6217329752 5304006.522926641 1051.128755810547
431641.6133785893 5304006.506878015 1051.128755810547
431641.6064547242 5304006.490162325 1051.128755810547
431641.6010140748 5304006.47290679 1051.128755810547
431641.5970980477 5304006.4552427335 1051.128755810547
431641.5947364464 5304006.43730459 1051.128755810547
431641.5939472437 5304006.419228879 1051.128755810547
431641.5947364464 5304006.401153168 1051.128755810547
431641.5970980477 5304006.383215024 1051.128755810547
431641.6010140748 5304006.365550968 1051.128755810547
431641.6064547242 5304006.3482954325 1051.128755810547
431641.6133785893 5304006.331579743 1051.128755810547
431641.6217329752 5304006.315531117 1051.128755810547
431641.6314543002 5304006.300271694 1051.128755810547
431641.6424685789 5304006.285917606 1051.128755810547
431641.65469198616 5304006.272578098 1051.128755810547
431641.6680314944 5304006.26035469 1051.128755810547
431641.682385582 5304006.249340412 1051.128755810547
431641.6976450055 5304006.239619087 1051.128755810547
431641.7136936316 5304006.231264701 1051.128755810547
431641.73040932056 5304006.224340836 1051.128755810547
431641.7476648559 5304006.218900186 1051.128755810547
431641.7653289125 5304006.214984159 1051.128755810547
431641.7832670563 5304006.212622558 1051.128755810547
431641.8013427672 5304006.211833355 1051.128755810547
431641.8194184781 5304006.212622558 1051.128755810547
431641.8373566219 5304006.214984159 1051.128755810547
431641.85502067854 5304006.218900186 1051.128755810547
431641.8722762138 5304006.224340836 1051.128755810547
431641.8889919028 5304006.231264701 1051.128755810547
431641.9050405289 5304006.239619087 1051.128755810547
431641.9202999525 5304006.249340412 1051.128755810547
431641.93465404 5304006.26035469 1051.128755810547
431641.9479935482 5304006.272578098 1051.128755810547
431641.96021695546 5304006.285917606 1051.128755810547
431641.9712312342 5304006.300271694 1051.128755810547
431641.9809525592 5304006.315531117 1051.128755810547
431641.9893069451 5304006.331579743 1051.128755810547
431641.9962308102 5304006.3482954325 1051.128755810547
431642.0016714596 5304006.365550968 1051.128755810547
431642.00558748667 5304006.383215024 1051.128755810547
431642.00794908806 5304006.401153168 1051.128755810547
431615.8680281741 5303977.243932324 1051.7497885253908
431615.86727706576 5303977.261135534 1051.7497885253908
431615.8650294571 5303977.278207817 1051.7497885253908
431615.8613024537 5303977.295019243 1051.7497885253908
431615.8561244205 5303977.311441866 1051.7497885253908
431615.8495347653 5303977.327350701 1051.7497885253908
431615.8415836394 5303977.342624672 1051.7497885253908
431615.8323315557 5303977.357147533 1051.7497885253908
431615.82184892806 5303977.37080876 1051.7497885253908
431615.8102155357 5303977.3835043805 1051.7497885253908
431615.7975199157 5303977.395137773 1051.7497885253908
431615.7838586894 5303977.4056204 1051.7497885253908
431615.7693358271 5303977.414872484 1051.7497885253908
431615.7540618563 5303977.42282361 1051.7497885253908
431615.7381530214 5303977.429413265 1051.7497885253908
431615.7217303981 5303977.434591298 1051.7497885253908
431615.7049189725 5303977.438318302 1051.7497885253908
431615.68784668966 5303977.44056591 1051.7497885253908
431615.67064348 5303977.441317018 1051.7497885253908
431615.6534402704 5303977.44056591 1051.7497885253908
431615.6363679876 5303977.438318302 1051.7497885253908
431615.619556562 5303977.434591298 1051.7497885253908
431615.6031339387 5303977.429413265 1051.7497885253908
431615.58722510375 5303977.42282361 1051.7497885253908
431615.57195113297 5303977.414872484 1051.7497885253908
431615.5574282706 5303977.4056204 1051.7497885253908
431615.5437670443 5303977.395137773 1051.7497885253908
431615.5310714244 5303977.3835043805 1051.7497885253908
431615.519438032 5303977.37080876 1051.7497885253908
431615.50895540434 5303977.357147533 1051.7497885253908
431615.4997033206 5303977.342624672 1051.7497885253908
431615.4917521948 5303977.327350701 1051.7497885253908
431615.4851625395 5303977.311441866 1051.7497885253908
431615.4799845063 5303977.295019243 1051.7497885253908
431615.476257503 5303977.278207817 1051.7497885253908
431615.4740098943 5303977.261135534 1051.7497885253908
431615.473258786 5303977.243932324 1051.7497885253908
431615.4740098943 5303977.226729115 1051.7497885253908
431615.476257503 5303977.209656832 1051.7497885253908
431615.4799845063 5303977.192845406 1051.7497885253908
431615.4851625395 5303977.176422783 1051.7497885253908
431615.4917521948 5303977.160513948 1051.7497885253908
431615.4997033206 5303977.145239977 1051.7497885253908
431615.50895540434 5303977.130717116 1051.7497885253908
431615.519438032 5303977.117055889 1051.7497885253908
431615.5310714244 5303977.104360268 1051.7497885253908
431615.5437670443 5303977.092726876 1051.7497885253908
431615.5574282706 5303977.082244249 1051.7497885253908
431615.57195113297 5303977.072992165 1051.7497885253908
431615.58722510375 5303977.065041039 1051.7497885253908
431615.6031339387 5303977.058451384 1051.7497885253908
431615.619556562 5303977.053273351 1051.7497885253908
431615.6363679876 5303977.049546347 1051.7497885253908
431615.6534402704 5303977.047298739 1051.7497885253908
431615.67064348 5303977.046547631 1051.7497885253908
431615.68784668966 5303977.047298739 1051.7497885253908
431615.7049189725 5303977.049546347 1051.7497885253908
431615.7217303981 5303977.053273351 1051.7497885253908
431615.7381530214 5303977.058451384 1051.7497885253908
431615.7540618563 5303977.065041039 1051.7497885253908
431615.7693358271 5303977.072992165 1051.7497885253908
431615.7838586894 5303977.082244249 1051.7497885253908
431615.7975199157 5303977.092726876 1051.7497885253908
431615.8102155357 5303977.104360268 1051.7497885253908
431615.82184892806 5303977.117055889 1051.7497885253908
431615.8323315557 5303977.130717116 1051.7497885253908
431615.8415836394 5303977.145239977 1051.7497885253908
431615.8495347653 5303977.160513948 1051.7497885253908
431615.8561244205 5303977.176422783 1051.7497885253908
431615.8613024537 5303977.192845406 1051.7497885253908
431615.8650294571 5303977.209656832 1051.7497885253908
431615.86727706576 5303977.226729115 1051.7497885253908
431649.6966002264 5303931.818374936 1050.5847494628908
431649.6962614957 5303931.826133145 1050.5847494628908
431649.6952478813 5303931.833832311 1050.5847494628908
431649.69356709765 5303931.841413835 1050.5847494628908
431649.6912319365 5303931.84882002 1050.5847494628908
431649.6882601697 5303931.8559945 1050.5847494628908
431649.6846744143 5303931.862882672 1050.5847494628908
431649.68050196 5303931.869432113 1050.5847494628908
431649.6757745617 5303931.875592979 1050.5847494628908
431649.6705281978 5303931.88131838 1050.5847494628908
431649.6648027963 5303931.886564745 1050.5847494628908
431649.65864193096 5303931.891292143 1050.5847494628908
431649.6520924897 5303931.895464597 1050.5847494628908
431649.6452043176 5303931.899050352 1050.5847494628908
431649.6380298379 5303931.902022119 1050.5847494628908
431649.6306236527 5303931.904357281 1050.5847494628908
431649.6230421277 5303931.906038064 1050.5847494628908
431649.6153429626 5303931.907051678 1050.5847494628908
431649.6075847529 5303931.907390409 1050.5847494628908
431649.5998265432 5303931.907051678 1050.5847494628908
431649.59212737816 5303931.906038064 1050.5847494628908
431649.5845458531 5303931.904357281 1050.5847494628908
431649.5771396679 5303931.902022119 1050.5847494628908
431649.5699651882 5303931.899050352 1050.5847494628908
431649.56307701615 5303931.895464597 1050.5847494628908
431649.5565275749 5303931.891292143 1050.5847494628908
431649.5503667095 5303931.886564745 1050.5847494628908
431649.544641308 5303931.88131838 1050.5847494628908
431649.5393949441 5303931.875592979 1050.5847494628908
431649.5346675458 5303931.869432113 1050.5847494628908
431649.5304950915 5303931.862882672 1050.5847494628908
431649.5269093361 5303931.8559945 1050.5847494628908
431649.52393756935 5303931.84882002 1050.5847494628908
431649.52160240815 5303931.841413835 1050.5847494628908
431649.5199216245 5303931.833832311 1050.5847494628908
431649.51890801016 5303931.826133145 1050.5847494628908
431649.5185692794 5303931.818374936 1050.5847494628908
431649.51890801016 5303931.810616726 1050.5847494628908
431649.5199216245 5303931.802917561 1050.5847494628908
431649.52160240815 5303931.795336036 1050.5847494628908
431649.52393756935 5303931.787929851 1050.5847494628908
431649.5269093361 5303931.780755371 1050.5847494628908
431649.5304950915 5303931.773867199 1050.5847494628908
431649.5346675458 5303931.767317758 1050.5847494628908
431649.5393949441 5303931.761156892 1050.5847494628908
431649.544641308 5303931.755431491 1050.5847494628908
431649.5503667095 5303931.750185126 1050.5847494628908
431649.5565275749 5303931.745457728 1050.5847494628908
431649.56307701615 5303931.741285274 1050.5847494628908
431649.5699651882 5303931.737699519 1050.5847494628908
431649.5771396679 5303931.734727752 1050.5847494628908
431649.5845458531 5303931.732392591 1050.5847494628908
431649.59212737816 5303931.730711808 1050.5847494628908
431649.5998265432 5303931.729698193 1050.5847494628908
431649.6075847529 5303931.729359462 1050.5847494628908
431649.6153429626 5303931.729698193 1050.5847494628908
431649.6230421277 5303931.730711808 1050.5847494628908
431649.6306236527 5303931.732392591 1050.5847494628908
431649.6380298379 5303931.734727752 1050.5847494628908
431649.6452043176 5303931.737699519 1050.5847494628908
431649.6520924897 5303931.741285274 1050.5847494628908
431649.65864193096 5303931.745457728 1050.5847494628908
431649.6648027963 5303931.750185126 1050.5847494628908
431649.6705281978 5303931.755431491 1050.5847494628908
431649.6757745617 5303931.761156892 1050.5847494628908
431649.68050196 5303931.767317758 1050.5847494628908
431649.6846744143 5303931.773867199 1050.5847494628908
431649.6882601697 5303931.780755371 1050.5847494628908
431649.6912319365 5303931.787929851 1050.5847494628908
431649.69356709765 5303931.795336036 1050.5847494628908
431649.6952478813 5303931.802917561 1050.5847494628908
431649.6962614957 5303931.810616726 1050.5847494628908
431602.15440175263 5304023.167650266 1054.3087484863283
431602.1539097365 5304023.178919287 1054.3087484863283
431602.1524374326 5304023.190102546 1054.3087484863283
431602.14999604615 5304023.201114928 1054.3087484863283
431602.1466041575 5304023.211872625 1054.3087484863283
431602.142287581 5304023.2222937625 1054.3087484863283
431602.13707916834 5304023.232299031 1054.3087484863283
431602.1310185588 5304023.241812281 1054.3087484863283
431602.1241518771 5304023.250761116 1054.3087484863283
431602.1165313831 5304023.259077425 1054.3087484863283
431602.10821507307 5304023.26669792 1054.3087484863283
431602.0992662394 5304023.273564601 1054.3087484863283
431602.0897529879 5304023.279625211 1054.3087484863283
431602.07974772033 5304023.284833623 1054.3087484863283
431602.0693265828 5304023.2891502 1054.3087484863283
431602.0585688863 5304023.292542089 1054.3087484863283
431602.0475565036 5304023.294983476 1054.3087484863283
431602.0363732454 5304023.296455779 1054.3087484863283
431602.0251042232 5304023.296947795 1054.3087484863283
431602.013835201 5304023.296455779 1054.3087484863283
431602.0026519429 5304023.294983476 1054.3087484863283
431601.99163956015 5304023.292542089 1054.3087484863283
431601.9808818637 5304023.2891502 1054.3087484863283
431601.9704607261 5304023.284833623 1054.3087484863283
431601.96045545855 5304023.279625211 1054.3087484863283
431601.9509422071 5304023.273564601 1054.3087484863283
431601.9419933734 5304023.26669792 1054.3087484863283
431601.9336770634 5304023.259077425 1054.3087484863283
431601.9260565693 5304023.250761116 1054.3087484863283
431601.9191898877 5304023.241812281 1054.3087484863283
431601.9131292781 5304023.232299031 1054.3087484863283
431601.9079208655 5304023.2222937625 1054.3087484863283
431601.9036042889 5304023.211872625 1054.3087484863283
431601.9002124003 5304023.201114928 1054.3087484863283
431601.8977710138 5304023.190102546 1054.3087484863283
431601.89629871 5304023.178919287 1054.3087484863283
431601.8958066938 5304023.167650266 1054.3087484863283
431601.89629871 5304023.156381244 1054.3087484863283
431601.8977710138 5304023.145197986 1054.3087484863283
431601.9002124003 5304023.134185603 1054.3087484863283
431601.9036042889 5304023.123427906 1054.3087484863283
431601.9079208655 5304023.113006769 1054.3087484863283
431601.9131292781 5304023.1030015005 1054.3087484863283
431601.9191898877 5304023.09348825 1054.3087484863283
431601.9260565693 5304023.084539415 1054.3087484863283
431601.9336770634 5304023.076223106 1054.3087484863283
431601.9419933734 5304023.068602611 1054.3087484863283
431601.9509422071 5304023.06173593 1054.3087484863283
431601.96045545855 5304023.05567532 1054.3087484863283
431601.9704607261 5304023.050466908 1054.3087484863283
431601.9808818637 5304023.046150331 1054.3087484863283
431601.99163956015 5304023.042758442 1054.3087484863283
431602.0026519429 5304023.040317056 1054.3087484863283
431602.013835201 5304023.038844752 1054.3087484863283
431602.0251042232 5304023.038352736 1054.3087484863283
431602.0363732454 5304023.038844752 1054.3087484863283
431602.0475565036 5304023.040317056 1054.3087484863283
431602.0585688863 5304023.042758442 1054.3087484863283
431602.0693265828 5304023.046150331 1054.3087484863283
431602.07974772033 5304023.050466908 1054.3087484863283
431602.0897529879 5304023.05567532 1054.3087484863283
431602.0992662394 5304023.06173593 1054.3087484863283
431602.10821507307 5304023.068602611 1054.3087484863283
431602.1165313831 5304023.076223106 1054.3087484863283
431602.1241518771 5304023.084539415 1054.3087484863283
431602.1310185588 5304023.09348825 1054.3087484863283
431602.13707916834 5304023.1030015005 1054.3087484863283
431602.142287581 5304023.113006769 1054.3087484863283
431602.1466041575 5304023.123427906 1054.3087484863283
431602.14999604615 5304023.134185603 1054.3087484863283
431602.1524374326 5304023.145197986 1054.3087484863283
431602.1539097365 5304023.156381244 1054.3087484863283
431691.7808593848 5303948.80862814 1050.2997763183596
431691.7802641195 5303948.8222619565 1050.2997763183596
431691.778482854 5303948.835792011 1050.2997763183596
431691.77552914486 5303948.849115332 1050.2997763183596
431691.7714254715 5303948.862130521 1050.2997763183596
431691.7662030654 5303948.874738525 1050.2997763183596
431691.75990167225 5303948.886843388 1050.2997763183596
431691.75256924937 5303948.898352986 1050.2997763183596
431691.74426160095 5303948.909179725 1050.2997763183596
431691.7350419533 5303948.919241205 1050.2997763183596
431691.7249804733 5303948.928460852 1050.2997763183596
431691.7141537352 5303948.936768501 1050.2997763183596
431691.70264413673 5303948.944100924 1050.2997763183596
431691.690539273 5303948.950402317 1050.2997763183596
431691.6779312694 5303948.955624723 1050.2997763183596
431691.6649160804 5303948.9597283965 1050.2997763183596
431691.6515927593 5303948.962682106 1050.2997763183596
431691.6380627048 5303948.964463371 1050.2997763183596
431691.6244288887 5303948.965058636 1050.2997763183596
431691.61079507263 5303948.964463371 1050.2997763183596
431691.59726501815 5303948.962682106 1050.2997763183596
431691.5839416971 5303948.9597283965 1050.2997763183596
431691.57092650805 5303948.955624723 1050.2997763183596
431691.5583185044 5303948.950402317 1050.2997763183596
431691.5462136407 5303948.944100924 1050.2997763183596
431691.5347040423 5303948.936768501 1050.2997763183596
431691.5238773041 5303948.928460852 1050.2997763183596
431691.5138158242 5303948.919241205 1050.2997763183596
431691.5045961765 5303948.909179725 1050.2997763183596
431691.4962885281 5303948.898352986 1050.2997763183596
431691.4889561052 5303948.886843388 1050.2997763183596
431691.4826547121 5303948.874738525 1050.2997763183596
431691.4774323059 5303948.862130521 1050.2997763183596
431691.4733286326 5303948.849115332 1050.2997763183596
431691.4703749234 5303948.835792011 1050.2997763183596
431691.468593658 5303948.8222619565 1050.2997763183596
431691.4679983927 5303948.80862814 1050.2997763183596
431691.468593658 5303948.794994324 1050.2997763183596
431691.4703749234 5303948.781464269 1050.2997763183596
431691.4733286326 5303948.768140948 1050.2997763183596
431691.4774323059 5303948.755125759 1050.2997763183596
431691.4826547121 5303948.742517755 1050.2997763183596
431691.4889561052 5303948.730412892 1050.2997763183596
431691.4962885281 5303948.718903294 1050.2997763183596
431691.5045961765 5303948.708076555 1050.2997763183596
431691.5138158242 5303948.698015075 1050.2997763183596
431691.5238773041 5303948.688795428 1050.2997763183596
431691.5347040423 5303948.680487779 1050.2997763183596
431691.5462136407 5303948.673155356 1050.2997763183596
431691.5583185044 5303948.666853963 1050.2997763183596
431691.57092650805 5303948.661631557 1050.2997763183596
431691.5839416971 5303948.657527884 1050.2997763183596
431691.59726501815 5303948.654574174 1050.2997763183596
431691.61079507263 5303948.652792909 1050.2997763183596
431691.6244288887 5303948.652197644 1050.2997763183596
431691.6380627048 5303948.652792909 1050.2997763183596
431691.6515927593 5303948.654574174 1050.2997763183596
431691.6649160804 5303948.657527884 1050.2997763183596
431691.6779312694 5303948.661631557 1050.2997763183596
431691.690539273 5303948.666853963 1050.2997763183596
431691.70264413673 5303948.673155356 1050.2997763183596
431691.7141537352 5303948.680487779 1050.2997763183596
431691.7249804733 5303948.688795428 1050.2997763183596
431691.7350419533 5303948.698015075 1050.2997763183596
431691.74426160095 5303948.708076555 1050.2997763183596
431691.75256924937 5303948.718903294 1050.2997763183596
431691.75990167225 5303948.730412892 1050.2997763183596
431691.7662030654 5303948.742517755 1050.2997763183596
431691.7714254715 5303948.755125759 1050.2997763183596
431691.77552914486 5303948.768140948 1050.2997763183596
431691.778482854 5303948.781464269 1050.2997763183596
431691.7802641195 5303948.794994324 1050.2997763183596
431707.0667617772 5303982.723969948 1045.3767416503908
431707.066131953 5303982.738395294 1045.3767416503908
431707.06424727367 5303982.752710855 1045.3767416503908
431707.0611220828 5303982.76680768 1045.3767416503908
431707.0567801649 5303982.780578484 1045.3767416503908
431707.0512545647 5303982.793918463 1045.3767416503908
431707.04458733526 5303982.806726092 1045.3767416503908
431707.0368292183 5303982.818903896 1045.3767416503908
431707.02803925774 5303982.830359195 1045.3767416503908
431707.01828435046 5303982.841004808 1045.3767416503908
431707.0076387372 5303982.850759716 1045.3767416503908
431706.9961834376 5303982.859549677 1045.3767416503908
431706.9840056333 5303982.867307793 1045.3767416503908
431706.9711980047 5303982.873975023 1045.3767416503908
431706.95785802574 5303982.879500623 1045.3767416503908
431706.9440872216 5303982.883842541 1045.3767416503908
431706.9299903965 5303982.886967732 1045.3767416503908
431706.9156748357 5303982.888852411 1045.3767416503908
431706.9012494893 5303982.889482236 1045.3767416503908
431706.8868241429 5303982.888852411 1045.3767416503908
431706.8725085821 5303982.886967732 1045.3767416503908
431706.858411757 5303982.883842541 1045.3767416503908
431706.8446409528 5303982.879500623 1045.3767416503908
431706.8313009738 5303982.873975023 1045.3767416503908
431706.8184933453 5303982.867307793 1045.3767416503908
431706.806315541 5303982.859549677 1045.3767416503908
431706.79486024135 5303982.850759716 1045.3767416503908
431706.7842146281 5303982.841004808 1045.3767416503908
431706.7744597208 5303982.830359195 1045.3767416503908
431706.7656697602 5303982.818903896 1045.3767416503908
431706.7579116433 5303982.806726092 1045.3767416503908
431706.7512444139 5303982.793918463 1045.3767416503908
431706.7457188137 5303982.780578484 1045.3767416503908
431706.7413768958 5303982.76680768 1045.3767416503908
431706.7382517049 5303982.752710855 1045.3767416503908
431706.7363670256 5303982.738395294 1045.3767416503908
431706.73573720135 5303982.723969948 1045.3767416503908
431706.7363670256 5303982.709544601 1045.3767416503908
431706.7382517049 5303982.69522904 1045.3767416503908
431706.7413768958 5303982.681132215 1045.3767416503908
431706.7457188137 5303982.667361411 1045.3767416503908
431706.7512444139 5303982.654021432 1045.3767416503908
431706.7579116433 5303982.641213804 1045.3767416503908
431706.7656697602 5303982.629035999 1045.3767416503908
431706.7744597208 5303982.6175807 1045.3767416503908
431706.7842146281 5303982.606935087 1045.3767416503908
431706.79486024135 5303982.597180179 1045.3767416503908
431706.806315541 5303982.588390218 1045.3767416503908
431706.8184933453 5303982.580632102 1045.3767416503908
431706.8313009738 5303982.573964872 1045.3767416503908
431706.8446409528 5303982.568439272 1045.3767416503908
431706.858411757 5303982.564097354 1045.3767416503908
431706.8725085821 5303982.560972163 1045.3767416503908
431706.8868241429 5303982.559087484 1045.3767416503908
431706.9012494893 5303982.55845766 1045.3767416503908
431706.9156748357 5303982.559087484 1045.3767416503908
431706.9299903965 5303982.560972163 1045.3767416503908
431706.9440872216 5303982.564097354 1045.3767416503908
431706.95785802574 5303982.568439272 1045.3767416503908
431706.9711980047 5303982.573964872 1045.3767416503908
431706.9840056333 5303982.580632102 1045.3767416503908
431706.9961834376 5303982.588390218 1045.3767416503908
431707.0076387372 5303982.597180179 1045.3767416503908
431707.01828435046 5303982.606935087 1045.3767416503908
431707.02803925774 5303982.6175807 1045.3767416503908
431707.0368292183 5303982.629035999 1045.3767416503908
431707.04458733526 5303982.641213804 1045.3767416503908
431707.0512545647 5303982.654021432 1045.3767416503908
431707.0567801649 5303982.667361411 1045.3767416503908
431707.0611220828 5303982.681132215 1045.3767416503908
431707.06424727367 5303982.69522904 1045.3767416503908
431707.066131953 5303982.709544601 1045.3767416503908
431643.2331669651 5303958.655700905 1047.023775341797
431643.23221049353 5303958.677607706 1047.023775341797
431643.2293483581 5303958.699347782 1047.023775341797
431643.2246023416 5303958.72075568 1047.023775341797
431643.2180085638 5303958.741668471 1047.023775341797
431643.20961720747 5303958.761926997 1047.023775341797
431643.1994921359 5303958.781377079 1047.023775341797
431643.187710407 5303958.7998706885 1047.023775341797
431643.17436168686 5303958.817267079 1047.023775341797
431643.1595475672 5303958.833433854 1047.023775341797
431643.1433807925 5303958.848247973 1047.023775341797
431643.1259844017 5303958.861596694 1047.023775341797
431643.10749079176 5303958.873378423 1047.023775341797
431643.0880407103 5303958.883503495 1047.023775341797
431643.0677821841 5303958.891894851 1047.023775341797
431643.0468693928 5303958.898488629 1047.023775341797
431643.0254614953 5303958.903234645 1047.023775341797
431643.0037214189 5303958.906096781 1047.023775341797
431642.9818146184 5303958.907053252 1047.023775341797
431642.959907818 5303958.906096781 1047.023775341797
431642.9381677415 5303958.903234645 1047.023775341797
431642.91675984405 5303958.898488629 1047.023775341797
431642.8958470528 5303958.891894851 1047.023775341797
431642.87558852654 5303958.883503495 1047.023775341797
431642.856138445 5303958.873378423 1047.023775341797
431642.8376448351 5303958.861596694 1047.023775341797
431642.8202484443 5303958.848247973 1047.023775341797
431642.8040816696 5303958.833433854 1047.023775341797
431642.78926754993 5303958.817267079 1047.023775341797
431642.7759188298 5303958.7998706885 1047.023775341797
431642.7641371009 5303958.781377079 1047.023775341797
431642.7540120293 5303958.761926997 1047.023775341797
431642.745620673 5303958.741668471 1047.023775341797
431642.73902689526 5303958.72075568 1047.023775341797
431642.7342808787 5303958.699347782 1047.023775341797
431642.73141874326 5303958.677607706 1047.023775341797
431642.7304622717 5303958.655700905 1047.023775341797
431642.73141874326 5303958.633794105 1047.023775341797
431642.7342808787 5303958.612054029 1047.023775341797
431642.73902689526 5303958.590646131 1047.023775341797
431642.745620673 5303958.569733339 1047.023775341797
431642.7540120293 5303958.549474813 1047.023775341797
431642.7641371009 5303958.530024732 1047.023775341797
431642.7759188298 5303958.511531122 1047.023775341797
431642.78926754993 5303958.494134732 1047.023775341797
431642.8040816696 5303958.477967956 1047.023775341797
431642.8202484443 5303958.463153837 1047.023775341797
431642.8376448351 5303958.449805116 1047.023775341797
431642.856138445 5303958.438023387 1047.023775341797
431642.87558852654 5303958.427898316 1047.023775341797
431642.8958470528 5303958.41950696 1047.023775341797
431642.91675984405 5303958.412913182 1047.023775341797
431642.9381677415 5303958.408167166 1047.023775341797
431642.959907818 5303958.40530503 1047.023775341797
431642.9818146184 5303958.404348559 1047.023775341797
431643.0037214189 5303958.40530503 1047.023775341797
431643.0254614953 5303958.408167166 1047.023775341797
431643.0468693928 5303958.412913182 1047.023775341797
431643.0677821841 5303958.41950696 1047.023775341797
431643.0880407103 5303958.427898316 1047.023775341797
431643.10749079176 5303958.438023387 1047.023775341797
431643.1259844017 5303958.449805116 1047.023775341797
431643.1433807925 5303958.463153837 1047.023775341797
431643.1595475672 5303958.477967956 1047.023775341797
431643.17436168686 5303958.494134732 1047.023775341797
431643.187710407 5303958.511531122 1047.023775341797
431643.1994921359 5303958.530024732 1047.023775341797
431643.20961720747 5303958.549474813 1047.023775341797
431643.2180085638 5303958.569733339 1047.023775341797
431643.2246023416 5303958.590646131 1047.023775341797
431643.2293483581 5303958.612054029 1047.023775341797
431643.23221049353 5303958.633794105 1047.023775341797
431682.9371871657 5303945.456412717 1050.066744091797
431682.9362845219 5303945.47708666 1050.066744091797
431682.9335834601 5303945.497603261 1050.066744091797
431682.929104537 5303945.517806377 1050.066744091797
431682.9228818399 5303945.537542251 1050.066744091797
431682.9149627274 5303945.55666068 1050.066744091797
431682.90540746856 5303945.575016161 1050.066744091797
431682.8942887848 5303945.592468998 1050.066744091797
431682.881691296 5303945.608886366 1050.066744091797
431682.8677108765 5303945.624143316 1050.066744091797
431682.85245392594 5303945.638123736 1050.066744091797
431682.8360365589 5303945.650721225 1050.066744091797
431682.8185837213 5303945.661839909 1050.066744091797
431682.8002282399 5303945.671395168 1050.066744091797
431682.781109811 5303945.67931428 1050.066744091797
431682.7613739373 5303945.685536977 1050.066744091797
431682.7411708208 5303945.6900159 1050.066744091797
431682.7206542194 5303945.692716962 1050.066744091797
431682.6999802768 5303945.693619606 1050.066744091797
431682.67930633423 5303945.692716962 1050.066744091797
431682.6587897328 5303945.6900159 1050.066744091797
431682.6385866163 5303945.685536977 1050.066744091797
431682.6188507426 5303945.67931428 1050.066744091797
431682.5997323137 5303945.671395168 1050.066744091797
431682.5813768323 5303945.661839909 1050.066744091797
431682.5639239948 5303945.650721225 1050.066744091797
431682.5475066277 5303945.638123736 1050.066744091797
431682.5322496771 5303945.624143316 1050.066744091797
431682.5182692577 5303945.608886366 1050.066744091797
431682.50567176886 5303945.592468998 1050.066744091797
431682.49455308507 5303945.575016161 1050.066744091797
431682.4849978262 5303945.55666068 1050.066744091797
431682.4770787137 5303945.537542251 1050.066744091797
431682.4708560166 5303945.517806377 1050.066744091797
431682.4663770935 5303945.497603261 1050.066744091797
431682.4636760317 5303945.47708666 1050.066744091797
431682.4627733879 5303945.456412717 1050.066744091797
431682.4636760317 5303945.435738774 1050.066744091797
431682.4663770935 5303945.415222173 1050.066744091797
431682.4708560166 5303945.395019056 1050.066744091797
431682.4770787137 5303945.375283183 1050.066744091797
431682.4849978262 5303945.356164753 1050.066744091797
431682.49455308507 5303945.337809272 1050.066744091797
431682.50567176886 5303945.320356435 1050.066744091797
431682.5182692577 5303945.303939068 1050.066744091797
431682.5322496771 5303945.288682117 1050.066744091797
431682.5475066277 5303945.274701698 1050.066744091797
431682.5639239948 5303945.262104209 1050.066744091797
431682.5813768323 5303945.250985525 1050.066744091797
431682.5997323137 5303945.241430266 1050.066744091797
431682.6188507426 5303945.233511154 1050.066744091797
431682.6385866163 5303945.227288457 1050.066744091797
431682.6587897328 5303945.222809534 1050.066744091797
431682.67930633423 5303945.220108472 1050.066744091797
431682.6999802768 5303945.219205827 1050.066744091797
431682.7206542194 5303945.220108472 1050.066744091797
431682.7411708208 5303945.222809534 1050.066744091797
431682.7613739373 5303945.227288457 1050.066744091797
431682.781109811 5303945.233511154 1050.066744091797
431682.8002282399 5303945.241430266 1050.066744091797
431682.8185837213 5303945.250985525 1050.066744091797
431682.8360365589 5303945.262104209 1050.066744091797
431682.85245392594 5303945.274701698 1050.066744091797
431682.8677108765 5303945.288682117 1050.066744091797
431682.881691296 5303945.303939068 1050.066744091797
431682.8942887848 5303945.320356435 1050.066744091797
431682.90540746856 5303945.337809272 1050.066744091797
431682.9149627274 5303945.356164753 1050.066744091797
431682.9228818399 5303945.375283183 1050.066744091797
431682.929104537 5303945.395019056 1050.066744091797
431682.9335834601 5303945.415222173 1050.066744091797
431682.9362845219 5303945.435738774 1050.066744091797
431694.7759564392 5304013.4862824 1053.4867880371096
431694.7752609971 5304013.502210641 1053.4867880371096
431694.7731799637 5304013.51801766 1053.4867880371096
431694.7697291768 5304013.533583154 1053.4867880371096
431694.7649348991 5304013.54878866 1053.4867880371096
431694.7588336178 5304013.563518456 1053.4867880371096
431694.7514717674 5304013.57766044 1053.4867880371096
431694.742905376 5304013.59110698 1053.4867880371096
431694.7331996391 5304013.603755742 1053.4867880371096
431694.7224284231 5304013.615510462 1053.4867880371096
431694.7106737035 5304013.626281679 1053.4867880371096
431694.6980249409 5304013.635987415 1053.4867880371096
431694.68457839993 5304013.644553807 1053.4867880371096
431694.6704364169 5304013.651915657 1053.4867880371096
431694.6557066209 5304013.658016938 1053.4867880371096
431694.6405011144 5304013.662811216 1053.4867880371096
431694.6249356207 5304013.666262003 1053.4867880371096
431694.6091286025 5304013.668343036 1053.4867880371096
431694.5932003607 5304013.669038478 1053.4867880371096
431694.5772721189 5304013.668343036 1053.4867880371096
431694.56146510073 5304013.666262003 1053.4867880371096
431694.545899607 5304013.662811216 1053.4867880371096
431694.5306941005 5304013.658016938 1053.4867880371096
431694.5159643045 5304013.651915657 1053.4867880371096
431694.5018223215 5304013.644553807 1053.4867880371096
431694.4883757805 5304013.635987415 1053.4867880371096
431694.4757270179 5304013.626281679 1053.4867880371096
431694.4639722983 5304013.615510462 1053.4867880371096
431694.4532010824 5304013.603755742 1053.4867880371096
431694.4434953454 5304013.59110698 1053.4867880371096
431694.43492895406 5304013.57766044 1053.4867880371096
431694.4275671037 5304013.563518456 1053.4867880371096
431694.4214658224 5304013.54878866 1053.4867880371096
431694.4166715446 5304013.533583154 1053.4867880371096
431694.4132207577 5304013.51801766 1053.4867880371096
431694.4111397243 5304013.502210641 1053.4867880371096
431694.4104442822 5304013.4862824 1053.4867880371096
431694.4111397243 5304013.470354158 1053.4867880371096
431694.4132207577 5304013.45454714 1053.4867880371096
431694.4166715446 5304013.438981646 1053.4867880371096
431694.4214658224 5304013.42377614 1053.4867880371096
431694.4275671037 5304013.409046344 1053.4867880371096
431694.43492895406 5304013.39490436 1053.4867880371096
431694.4434953454 5304013.38145782 1053.4867880371096
431694.4532010824 5304013.368809057 1053.4867880371096
431694.4639722983 5304013.357054338 1053.4867880371096
431694.4757270179 5304013.346283121 1053.4867880371096
431694.4883757805 5304013.336577385 1053.4867880371096
431694.5018223215 5304013.328010993 1053.4867880371096
431694.5159643045 5304013.320649142 1053.4867880371096
431694.5306941005 5304013.314547862 1053.4867880371096
431694.545899607 5304013.309753584 1053.4867880371096
431694.56146510073 5304013.306302797 1053.4867880371096
431694.5772721189 5304013.304221763 1053.4867880371096
431694.5932003607 5304013.303526321 1053.4867880371096
431694.6091286025 5304013.304221763 1053.4867880371096
431694.6249356207 5304013.306302797 1053.4867880371096
431694.6405011144 5304013.309753584 1053.4867880371096
431694.6557066209 5304013.314547862 1053.4867880371096
431694.6704364169 5304013.320649142 1053.4867880371096
431694.68457839993 5304013.328010993 1053.4867880371096
431694.6980249409 5304013.336577385 1053.4867880371096
431694.7106737035 5304013.346283121 1053.4867880371096
431694.7224284231 5304013.357054338 1053.4867880371096
431694.7331996391 5304013.368809057 1053.4867880371096
431694.742905376 5304013.38145782 1053.4867880371096
431694.7514717674 5304013.39490436 1053.4867880371096
431694.7588336178 5304013.409046344 1053.4867880371096
431694.7649348991 5304013.42377614 1053.4867880371096
431694.7697291768 5304013.438981646 1053.4867880371096
431694.7731799637 5304013.45454714 1053.4867880371096
431694.7752609971 5304013.470354158 1053.4867880371096
431661.2349296132 5303951.5337548135 1046.921785595703
431661.234704589 5303951.538908714 1046.921785595703
431661.23403122905 5303951.544023392 1046.921785595703
431661.2329146579 5303951.549059918 1046.921785595703
431661.2313633735 5303951.553979964 1046.921785595703
431661.22938918194 5303951.558746084 1046.921785595703
431661.227007108 5303951.563322005 1046.921785595703
431661.2242352808 5303951.567672903 1046.921785595703
431661.2210947956 5303951.571765662 1046.921785595703
431661.2176095533 5303951.575569137 1046.921785595703
431661.2138060788 5303951.579054379 1046.921785595703
431661.20971331873 5303951.582194865 1046.921785595703
431661.2053624215 5303951.584966692 1046.921785595703
431661.2007865001 5303951.587348766 1046.921785595703
431661.1960203801 5303951.589322957 1046.921785595703
431661.19110033446 5303951.590874242 1046.921785595703
431661.18606380775 5303951.591990813 1046.921785595703
431661.18094913097 5303951.592664173 1046.921785595703
431661.17579522985 5303951.592889197 1046.921785595703
431661.17064132873 5303951.592664173 1046.921785595703
431661.165526652 5303951.591990813 1046.921785595703
431661.1604901253 5303951.590874242 1046.921785595703
431661.1555700796 5303951.589322957 1046.921785595703
431661.1508039596 5303951.587348766 1046.921785595703
431661.1462280382 5303951.584966692 1046.921785595703
431661.14187714097 5303951.582194865 1046.921785595703
431661.1377843809 5303951.579054379 1046.921785595703
431661.1339809064 5303951.575569137 1046.921785595703
431661.1304956641 5303951.571765662 1046.921785595703
431661.1273551789 5303951.567672903 1046.921785595703
431661.12458335166 5303951.563322005 1046.921785595703
431661.12220127776 5303951.558746084 1046.921785595703
431661.1202270862 5303951.553979964 1046.921785595703
431661.1186758018 5303951.549059918 1046.921785595703
431661.11755923065 5303951.544023392 1046.921785595703
431661.1168858707 5303951.538908714 1046.921785595703
431661.1166608465 5303951.5337548135 1046.921785595703
431661.1168858707 5303951.528600913 1046.921785595703
431661.11755923065 5303951.523486235 1046.921785595703
431661.1186758018 5303951.518449709 1046.921785595703
431661.1202270862 5303951.513529663 1046.921785595703
431661.12220127776 5303951.508763543 1046.921785595703
431661.12458335166 5303951.504187622 1046.921785595703
431661.1273551789 5303951.499836724 1046.921785595703
431661.1304956641 5303951.495743965 1046.921785595703
431661.1339809064 5303951.49194049 1046.921785595703
431661.1377843809 5303951.488455248 1046.921785595703
431661.14187714097 5303951.485314762 1046.921785595703
431661.1462280382 5303951.482542935 1046.921785595703
431661.1508039596 5303951.480160861 1046.921785595703
431661.1555700796 5303951.47818667 1046.921785595703
431661.1604901253 5303951.476635385 1046.921785595703
431661.165526652 5303951.475518814 1046.921785595703
431661.17064132873 5303951.474845454 1046.921785595703
431661.17579522985 5303951.47462043 1046.921785595703
431661.18094913097 5303951.474845454 1046.921785595703
431661.18606380775 5303951.475518814 1046.921785595703
431661.19110033446 5303951.476635385 1046.921785595703
431661.1960203801 5303951.47818667 1046.921785595703
431661.2007865001 5303951.480160861 1046.921785595703
431661.2053624215 5303951.482542935 1046.921785595703
431661.20971331873 5303951.485314762 1046.921785595703
431661.2138060788 5303951.488455248 1046.921785595703
431661.2176095533 5303951.49194049 1046.921785595703
431661.2210947956 5303951.495743965 1046.921785595703
431661.2242352808 5303951.499836724 1046.921785595703
431661.227007108 5303951.504187622 1046.921785595703
431661.22938918194 5303951.508763543 1046.921785595703
431661.2313633735 5303951.513529663 1046.921785595703
431661.2329146579 5303951.518449709 1046.921785595703
431661.23403122905 5303951.523486235 1046.921785595703
431661.234704589 5303951.528600913 1046.921785595703
431680.5969889252 5304018.602472277 1053.7397787597658
431680.596246729 5304018.619471365 1053.7397787597658
431680.59402578895 5304018.636341079 1053.7397787597658
431680.59034300776 5304018.652953032 1053.7397787597658
431680.5852264136 5304018.669180796 1053.7397787597658
431680.5787149469 5304018.684900867 1053.7397787597658
431680.5708581638 5304018.699993607 1053.7397787597658
431680.5617158592 5304018.71434415 1053.7397787597658
431680.5513576115 5304018.727843282 1053.7397787597658
431680.5398622532 5304018.740388264 1053.7397787597658
431680.527317271 5304018.751883622 1053.7397787597658
431680.5138181398 5304018.762241869 1053.7397787597658
431680.49946759606 5304018.771384174 1053.7397787597658
431680.4843748561 5304018.779240957 1053.7397787597658
431680.4686547848 5304018.785752424 1053.7397787597658
431680.4524270215 5304018.790869018 1053.7397787597658
431680.43581506907 5304018.794551799 1053.7397787597658
431680.4189453546 5304018.79677274 1053.7397787597658
431680.4019462669 5304018.797514936 1053.7397787597658
431680.3849471791 5304018.79677274 1053.7397787597658
431680.3680774647 5304018.794551799 1053.7397787597658
431680.3514655123 5304018.790869018 1053.7397787597658
431680.3352377489 5304018.785752424 1053.7397787597658
431680.3195176777 5304018.779240957 1053.7397787597658
431680.3044249377 5304018.771384174 1053.7397787597658
431680.290074394 5304018.762241869 1053.7397787597658
431680.2765752628 5304018.751883622 1053.7397787597658
431680.2640302806 5304018.740388264 1053.7397787597658
431680.2525349223 5304018.727843282 1053.7397787597658
431680.2421766746 5304018.71434415 1053.7397787597658
431680.23303436994 5304018.699993607 1053.7397787597658
431680.2251775869 5304018.684900867 1053.7397787597658
431680.21866612014 5304018.669180796 1053.7397787597658
431680.213549526 5304018.652953032 1053.7397787597658
431680.2098667448 5304018.636341079 1053.7397787597658
431680.2076458048 5304018.619471365 1053.7397787597658
431680.2069036086 5304018.602472277 1053.7397787597658
431680.2076458048 5304018.58547319 1053.7397787597658
431680.2098667448 5304018.568603476 1053.7397787597658
431680.213549526 5304018.551991522 1053.7397787597658
431680.21866612014 5304018.535763759 1053.7397787597658
431680.2251775869 5304018.520043688 1053.7397787597658
431680.23303436994 5304018.504950948 1053.7397787597658
431680.2421766746 5304018.490600404 1053.7397787597658
431680.2525349223 5304018.477101273 1053.7397787597658
431680.2640302806 5304018.464556291 1053.7397787597658
431680.2765752628 5304018.453060932 1053.7397787597658
431680.290074394 5304018.4427026855 1053.7397787597658
431680.3044249377 5304018.433560381 1053.7397787597658
431680.3195176777 5304018.425703597 1053.7397787597658
431680.3352377489 5304018.419192131 1053.7397787597658
431680.3514655123 5304018.414075537 1053.7397787597658
431680.3680774647 5304018.410392756 1053.7397787597658
431680.3849471791 5304018.408171815 1053.7397787597658
431680.4019462669 5304018.407429619 1053.7397787597658
431680.4189453546 5304018.408171815 1053.7397787597658
431680.43581506907 5304018.410392756 1053.7397787597658
431680.4524270215 5304018.414075537 1053.7397787597658
431680.4686547848 5304018.419192131 1053.7397787597658
431680.4843748561 5304018.425703597 1053.7397787597658
431680.49946759606 5304018.433560381 1053.7397787597658
431680.5138181398 5304018.4427026855 1053.7397787597658
431680.527317271 5304018.453060932 1053.7397787597658
431680.5398622532 5304018.464556291 1053.7397787597658
431680.5513576115 5304018.477101273 1053.7397787597658
431680.5617158592 5304018.490600404 1053.7397787597658
431680.5708581638 5304018.504950948 1053.7397787597658
431680.5787149469 5304018.520043688 1053.7397787597658
431680.5852264136 5304018.535763759 1053.7397787597658
431680.59034300776 5304018.551991522 1053.7397787597658
431680.59402578895 5304018.568603476 1053.7397787597658
431680.596246729 5304018.58547319 1053.7397787597658
431665.1386203366 5303936.247490282 1049.8437826660158
431665.1377998402 5303936.266282738 1049.8437826660158
431665.1353445956 5303936.284932173 1049.8437826660158
431665.13127328857 5303936.303296653 1049.8437826660158
431665.1256169043 5303936.321236411 1049.8437826660158
431665.11841849127 5303936.338614917 1049.8437826660158
431665.10973283375 5303936.355299911 1049.8437826660158
431665.0996260349 5303936.371164407 1049.8437826660158
431665.08817501337 5303936.386087669 1049.8437826660158
431665.0754669185 5303936.39995612 1049.8437826660158
431665.0615984665 5303936.412664215 1049.8437826660158
431665.0466752048 5303936.424115237 1049.8437826660158
431665.0308107083 5303936.434222036 1049.8437826660158
431665.0141257154 5303936.442907694 1049.8437826660158
431664.99674720905 5303936.450106107 1049.8437826660158
431664.97880745016 5303936.455762491 1049.8437826660158
431664.96044297103 5303936.459833798 1049.8437826660158
431664.9417935365 5303936.462289043 1049.8437826660158
431664.92300108005 5303936.463109539 1049.8437826660158
431664.9042086236 5303936.462289043 1049.8437826660158
431664.8855591891 5303936.459833798 1049.8437826660158
431664.86719471 5303936.455762491 1049.8437826660158
431664.8492549511 5303936.450106107 1049.8437826660158
431664.8318764447 5303936.442907694 1049.8437826660158
431664.8151914518 5303936.434222036 1049.8437826660158
431664.7993269553 5303936.424115237 1049.8437826660158
431664.7844036936 5303936.412664215 1049.8437826660158
431664.7705352416 5303936.39995612 1049.8437826660158
431664.75782714674 5303936.386087669 1049.8437826660158
431664.74637612526 5303936.371164407 1049.8437826660158
431664.7362693264 5303936.355299911 1049.8437826660158
431664.7275836688 5303936.338614917 1049.8437826660158
431664.7203852558 5303936.321236411 1049.8437826660158
431664.71472887154 5303936.303296653 1049.8437826660158
431664.7106575645 5303936.284932173 1049.8437826660158
431664.7082023199 5303936.266282738 1049.8437826660158
431664.7073818235 5303936.247490282 1049.8437826660158
431664.7082023199 5303936.228697826 1049.8437826660158
431664.7106575645 5303936.210048392 1049.8437826660158
431664.71472887154 5303936.191683912 1049.8437826660158
431664.7203852558 5303936.173744153 1049.8437826660158
431664.7275836688 5303936.156365647 1049.8437826660158
431664.7362693264 5303936.139680654 1049.8437826660158
431664.74637612526 5303936.123816158 1049.8437826660158
431664.75782714674 5303936.108892895 1049.8437826660158
431664.7705352416 5303936.095024444 1049.8437826660158
431664.7844036936 5303936.082316349 1049.8437826660158
431664.7993269553 5303936.070865328 1049.8437826660158
431664.8151914518 5303936.060758528 1049.8437826660158
431664.8318764447 5303936.052072871 1049.8437826660158
431664.8492549511 5303936.044874458 1049.8437826660158
431664.86719471 5303936.039218074 1049.8437826660158
431664.8855591891 5303936.035146766 1049.8437826660158
431664.9042086236 5303936.032691522 1049.8437826660158
431664.92300108005 5303936.031871025 1049.8437826660158
431664.9417935365 5303936.032691522 1049.8437826660158
431664.96044297103 5303936.035146766 1049.8437826660158
431664.97880745016 5303936.039218074 1049.8437826660158
431664.99674720905 5303936.044874458 1049.8437826660158
431665.0141257154 5303936.052072871 1049.8437826660158
431665.0308107083 5303936.060758528 1049.8437826660158
431665.0466752048 5303936.070865328 1049.8437826660158
431665.0615984665 5303936.082316349 1049.8437826660158
431665.0754669185 5303936.095024444 1049.8437826660158
431665.08817501337 5303936.108892895 1049.8437826660158
431665.0996260349 5303936.123816158 1049.8437826660158
431665.10973283375 5303936.139680654 1049.8437826660158
431665.11841849127 5303936.156365647 1049.8437826660158
431665.1256169043 5303936.173744153 1049.8437826660158
431665.13127328857 5303936.191683912 1049.8437826660158
431665.1353445956 5303936.210048392 1049.8437826660158
431665.1377998402 5303936.228697826 1049.8437826660158
431657.1353608928 5304017.834742827 1052.0827963378908
431657.1345768491 5304017.852700379 1052.0827963378908
431657.13223068527 5304017.870521262 1052.0827963378908
431657.1283402569 5304017.88806985 1052.0827963378908
431657.1229351726 5304017.905212589 1052.0827963378908
431657.1160565682 5304017.921819008 1052.0827963378908
431657.1077567941 5304017.937762726 1052.0827963378908
431657.0980990167 5304017.9529224 1052.0827963378908
431657.0871567373 5304017.967182656 1052.0827963378908
431657.0750132334 5304017.980434965 1052.0827963378908
431657.0617609244 5304017.992578469 1052.0827963378908
431657.04750066827 5304018.003520749 1052.0827963378908
431657.0323409943 5304018.0131785255 1052.0827963378908
431657.0163972767 5304018.0214783 1052.0827963378908
431656.9997908567 5304018.028356904 1052.0827963378908
431656.9826481193 5304018.033761988 1052.0827963378908
431656.9650995311 5304018.037652417 1052.0827963378908
431656.9472786473 5304018.039998581 1052.0827963378908
431656.9293210958 5304018.040782624 1052.0827963378908
431656.9113635443 5304018.039998581 1052.0827963378908
431656.8935426606 5304018.037652417 1052.0827963378908
431656.8759940723 5304018.033761988 1052.0827963378908
431656.85885133495 5304018.028356904 1052.0827963378908
431656.84224491497 5304018.0214783 1052.0827963378908
431656.82630119735 5304018.0131785255 1052.0827963378908
431656.81114152336 5304018.003520749 1052.0827963378908
431656.7968812672 5304017.992578469 1052.0827963378908
431656.7836289582 5304017.980434965 1052.0827963378908
431656.7714854543 5304017.967182656 1052.0827963378908
431656.7605431749 5304017.9529224 1052.0827963378908
431656.7508853975 5304017.937762726 1052.0827963378908
431656.7425856234 5304017.921819008 1052.0827963378908
431656.7357070191 5304017.905212589 1052.0827963378908
431656.7303019347 5304017.88806985 1052.0827963378908
431656.7264115064 5304017.870521262 1052.0827963378908
431656.7240653425 5304017.852700379 1052.0827963378908
431656.7232812989 5304017.834742827 1052.0827963378908
431656.7240653425 5304017.816785276 1052.0827963378908
431656.7264115064 5304017.798964392 1052.0827963378908
431656.7303019347 5304017.781415804 1052.0827963378908
431656.7357070191 5304017.764273066 1052.0827963378908
431656.7425856234 5304017.747666647 1052.0827963378908
431656.7508853975 5304017.731722929 1052.0827963378908
431656.7605431749 5304017.716563255 1052.0827963378908
431656.7714854543 5304017.702302999 1052.0827963378908
431656.7836289582 5304017.689050689 1052.0827963378908
431656.7968812672 5304017.676907185 1052.0827963378908
431656.81114152336 5304017.665964906 1052.0827963378908
431656.82630119735 5304017.656307129 1052.0827963378908
431656.84224491497 5304017.648007355 1052.0827963378908
431656.85885133495 5304017.641128751 1052.0827963378908
431656.8759940723 5304017.635723666 1052.0827963378908
431656.8935426606 5304017.631833238 1052.0827963378908
431656.9113635443 5304017.629487074 1052.0827963378908
431656.9293210958 5304017.628703031 1052.0827963378908
431656.9472786473 5304017.629487074 1052.0827963378908
431656.9650995311 5304017.631833238 1052.0827963378908
431656.9826481193 5304017.635723666 1052.0827963378908
431656.9997908567 5304017.641128751 1052.0827963378908
431657.0163972767 5304017.648007355 1052.0827963378908
431657.0323409943 5304017.656307129 1052.0827963378908
431657.04750066827 5304017.665964906 1052.0827963378908
431657.0617609244 5304017.676907185 1052.0827963378908
431657.0750132334 5304017.689050689 1052.0827963378908
431657.0871567373 5304017.702302999 1052.0827963378908
431657.0980990167 5304017.716563255 1052.0827963378908
431657.1077567941 5304017.731722929 1052.0827963378908
431657.1160565682 5304017.747666647 1052.0827963378908
431657.1229351726 5304017.764273066 1052.0827963378908
431657.1283402569 5304017.781415804 1052.0827963378908
431657.13223068527 5304017.798964392 1052.0827963378908
431657.1345768491 5304017.816785276 1052.0827963378908
431580.1119205307 5303997.39589075 1053.421785595703
431580.1112089316 5303997.412189048 1053.421785595703
431580.1090795501 5303997.428363306 1053.421785595703
431580.10554859205 5303997.444290428 1053.421785595703
431580.1006429302 5303997.4598492 1053.421785595703
431580.09439989954 5303997.47492121 1053.421785595703
431580.08686701336 5303997.48939175 1053.421785595703
431580.0781016015 5303997.50315069 1053.421785595703
431580.06817037385 5303997.516093318 1053.421785595703
431580.05714891327 5303997.528121132 1053.421785595703
431580.0451210996 5303997.539142592 1053.421785595703
431580.0321784719 5303997.54907382 1053.421785595703
431580.0184195312 5303997.557839232 1053.421785595703
431580.0039489914 5303997.565372118 1053.421785595703
431579.9888769822 5303997.571615148 1053.421785595703
431579.9733182105 5303997.576520811 1053.421785595703
431579.957391088 5303997.580051769 1053.421785595703
431579.9412168298 5303997.58218115 1053.421785595703
431579.9249185317 5303997.5828927485 1053.421785595703
431579.90862023353 5303997.58218115 1053.421785595703
431579.8924459753 5303997.580051769 1053.421785595703
431579.8765188528 5303997.576520811 1053.421785595703
431579.8609600812 5303997.571615148 1053.421785595703
431579.8458880719 5303997.565372118 1053.421785595703
431579.8314175322 5303997.557839232 1053.421785595703
431579.8176585915 5303997.54907382 1053.421785595703
431579.8047159637 5303997.539142592 1053.421785595703
431579.7926881501 5303997.528121132 1053.421785595703
431579.7816666895 5303997.516093318 1053.421785595703
431579.7717354619 5303997.50315069 1053.421785595703
431579.76297005 5303997.48939175 1053.421785595703
431579.7554371638 5303997.47492121 1053.421785595703
431579.7491941332 5303997.4598492 1053.421785595703
431579.7442884713 5303997.444290428 1053.421785595703
431579.7407575132 5303997.428363306 1053.421785595703
431579.7386281317 5303997.412189048 1053.421785595703
431579.7379165327 5303997.39589075 1053.421785595703
431579.7386281317 5303997.379592452 1053.421785595703
431579.7407575132 5303997.3634181935 1053.421785595703
431579.7442884713 5303997.347491072 1053.421785595703
431579.7491941332 5303997.3319323 1053.421785595703
431579.7554371638 5303997.31686029 1053.421785595703
431579.76297005 5303997.30238975 1053.421785595703
431579.7717354619 5303997.28863081 1053.421785595703
431579.7816666895 5303997.275688182 1053.421785595703
431579.7926881501 5303997.2636603685 1053.421785595703
431579.8047159637 5303997.252638908 1053.421785595703
431579.8176585915 5303997.24270768 1053.421785595703
431579.8314175322 5303997.233942268 1053.421785595703
431579.8458880719 5303997.226409382 1053.421785595703
431579.8609600812 5303997.220166352 1053.421785595703
431579.8765188528 5303997.215260689 1053.421785595703
431579.8924459753 5303997.211729731 1053.421785595703
431579.90862023353 5303997.20960035 1053.421785595703
431579.9249185317 5303997.208888751 1053.421785595703
431579.9412168298 5303997.20960035 1053.421785595703
431579.957391088 5303997.211729731 1053.421785595703
431579.9733182105 5303997.215260689 1053.421785595703
431579.9888769822 5303997.220166352 1053.421785595703
431580.0039489914 5303997.226409382 1053.421785595703
431580.0184195312 5303997.233942268 1053.421785595703
431580.0321784719 5303997.24270768 1053.421785595703
431580.0451210996 5303997.252638908 1053.421785595703
431580.05714891327 5303997.2636603685 1053.421785595703
431580.06817037385 5303997.275688182 1053.421785595703
431580.0781016015 5303997.28863081 1053.421785595703
431580.08686701336 5303997.30238975 1053.421785595703
431580.09439989954 5303997.31686029 1053.421785595703
431580.1006429302 5303997.3319323 1053.421785595703
431580.10554859205 5303997.347491072 1053.421785595703
431580.1090795501 5303997.3634181935 1053.421785595703
431580.1112089316 5303997.379592452 1053.421785595703
431662.09756179655 5304032.47605506 1054.7807943847658
431662.0966673849 5304032.496540454 1054.7807943847658
431662.093990957 5304032.516869943 1054.7807943847658
431662.08955288207 5304032.536888804 1054.7807943847658
431662.0833869365 5304032.556444686 1054.7807943847658
431662.07554004696 5304032.575388753 1054.7807943847658
431662.0660719329 5304032.593576831 1054.7807943847658
431662.0550546525 5304032.610870497 1054.7807943847658
431662.0425720537 5304032.627138136 1054.7807943847658
431662.0287191369 5304032.642255942 1054.7807943847658
431662.013601331 5304032.656108859 1054.7807943847658
431661.9973336917 5304032.668591457 1054.7807943847658
431661.98004002543 5304032.679608738 1054.7807943847658
431661.9618519476 5304032.689076852 1054.7807943847658
431661.9429078804 5304032.696923742 1054.7807943847658
431661.9233519995 5304032.703089687 1054.7807943847658
431661.9033331371 5304032.707527762 1054.7807943847658
431661.8830036488 5304032.710204191 1054.7807943847658
431661.8625182543 5304032.711098602 1054.7807943847658
431661.8420328598 5304032.710204191 1054.7807943847658
431661.82170337153 5304032.707527762 1054.7807943847658
431661.8016845092 5304032.703089687 1054.7807943847658
431661.7821286283 5304032.696923742 1054.7807943847658
431661.763184561 5304032.689076852 1054.7807943847658
431661.7449964832 5304032.679608738 1054.7807943847658
431661.72770281695 5304032.668591457 1054.7807943847658
431661.71143517765 5304032.656108859 1054.7807943847658
431661.6963173717 5304032.642255942 1054.7807943847658
431661.6824644549 5304032.627138136 1054.7807943847658
431661.6699818562 5304032.610870497 1054.7807943847658
431661.6589645757 5304032.593576831 1054.7807943847658
431661.6494964617 5304032.575388753 1054.7807943847658
431661.6416495721 5304032.556444686 1054.7807943847658
431661.63548362657 5304032.536888804 1054.7807943847658
431661.6310455516 5304032.516869943 1054.7807943847658
431661.6283691237 5304032.496540454 1054.7807943847658
431661.6274747121 5304032.47605506 1054.7807943847658
431661.6283691237 5304032.455569665 1054.7807943847658
431661.6310455516 5304032.4352401765 1054.7807943847658
431661.63548362657 5304032.415221315 1054.7807943847658
431661.6416495721 5304032.395665433 1054.7807943847658
431661.6494964617 5304032.376721366 1054.7807943847658
431661.6589645757 5304032.358533288 1054.7807943847658
431661.6699818562 5304032.341239622 1054.7807943847658
431661.6824644549 5304032.324971983 1054.7807943847658
431661.6963173717 5304032.309854177 1054.7807943847658
431661.71143517765 5304032.29600126 1054.7807943847658
431661.72770281695 5304032.283518662 1054.7807943847658
431661.7449964832 5304032.272501381 1054.7807943847658
431661.763184561 5304032.263033267 1054.7807943847658
431661.7821286283 5304032.255186377 1054.7807943847658
431661.8016845092 5304032.249020432 1054.7807943847658
431661.82170337153 5304032.244582357 1054.7807943847658
431661.8420328598 5304032.241905929 1054.7807943847658
431661.8625182543 5304032.241011517 1054.7807943847658
431661.8830036488 5304032.241905929 1054.7807943847658
431661.9033331371 5304032.244582357 1054.7807943847658
431661.9233519995 5304032.249020432 1054.7807943847658
431661.9429078804 5304032.255186377 1054.7807943847658
431661.9618519476 5304032.263033267 1054.7807943847658
431661.98004002543 5304032.272501381 1054.7807943847658
431661.9973336917 5304032.283518662 1054.7807943847658
431662.013601331 5304032.29600126 1054.7807943847658
431662.0287191369 5304032.309854177 1054.7807943847658
431662.0425720537 5304032.324971983 1054.7807943847658
431662.0550546525 5304032.341239622 1054.7807943847658
431662.0660719329 5304032.358533288 1054.7807943847658
431662.07554004696 5304032.376721366 1054.7807943847658
431662.0833869365 5304032.395665433 1054.7807943847658
431662.08955288207 5304032.415221315 1054.7807943847658
431662.093990957 5304032.4352401765 1054.7807943847658
431662.0966673849 5304032.455569665 1054.7807943847658
431599.5340725805 5304035.975376271 1056.3427450683596
431599.5330007255 5304035.999925786 1056.3427450683596
431599.52979331807 5304036.024288464 1056.3427450683596
431599.5244747684 5304036.048278892 1056.3427450683596
431599.5170855539 5304036.071714486 1056.3427450683596
431599.507681911 5304036.094416888 1056.3427450683596
431599.496335407 5304036.11621332 1056.3427450683596
431599.48313239584 5304036.136937896 1056.3427450683596
431599.46817336016 5304036.15643289 1056.3427450683596
431599.4515721475 5304036.174549935 1056.3427450683596
431599.4334551029 5304036.191151148 1056.3427450683596
431599.4139601081 5304036.206110183 1056.3427450683596
431599.3932355318 5304036.219313195 1056.3427450683596
431599.3714391005 5304036.230659698 1056.3427450683596
431599.3487366983 5304036.240063341 1056.3427450683596
431599.3253011041 5304036.247452556 1056.3427450683596
431599.3013106768 5304036.252771106 1056.3427450683596
431599.2769479983 5304036.2559785135 1056.3427450683596
431599.2523984831 5304036.257050368 1056.3427450683596
431599.227848968 5304036.2559785135 1056.3427450683596
431599.2034862894 5304036.252771106 1056.3427450683596
431599.17949586216 5304036.247452556 1056.3427450683596
431599.156060268 5304036.240063341 1056.3427450683596
431599.1333578657 5304036.230659698 1056.3427450683596
431599.1115614344 5304036.219313195 1056.3427450683596
431599.0908368581 5304036.206110183 1056.3427450683596
431599.0713418633 5304036.191151148 1056.3427450683596
431599.0532248187 5304036.174549935 1056.3427450683596
431599.0366236061 5304036.15643289 1056.3427450683596
431599.0216645704 5304036.136937896 1056.3427450683596
431599.0084615592 5304036.11621332 1056.3427450683596
431598.9971150552 5304036.094416888 1056.3427450683596
431598.9877114123 5304036.071714486 1056.3427450683596
431598.9803221978 5304036.048278892 1056.3427450683596
431598.97500364814 5304036.024288464 1056.3427450683596
431598.9717962407 5304035.999925786 1056.3427450683596
431598.9707243857 5304035.975376271 1056.3427450683596
431598.9717962407 5304035.950826756 1056.3427450683596
431598.97500364814 5304035.926464077 1056.3427450683596
431598.9803221978 5304035.90247365 1056.3427450683596
431598.9877114123 5304035.879038055 1056.3427450683596
431598.9971150552 5304035.856335653 1056.3427450683596
431599.0084615592 5304035.834539222 1056.3427450683596
431599.0216645704 5304035.813814646 1056.3427450683596
431599.0366236061 5304035.794319651 1056.3427450683596
431599.0532248187 5304035.776202606 1056.3427450683596
431599.0713418633 5304035.759601394 1056.3427450683596
431599.0908368581 5304035.744642358 1056.3427450683596
431599.1115614344 5304035.731439346 1056.3427450683596
431599.1333578657 5304035.720092843 1056.3427450683596
431599.156060268 5304035.7106892 1056.3427450683596
431599.17949586216 5304035.703299985 1056.3427450683596
431599.2034862894 5304035.697981436 1056.3427450683596
431599.227848968 5304035.694774028 1056.3427450683596
431599.2523984831 5304035.693702173 1056.3427450683596
431599.2769479983 5304035.694774028 1056.3427450683596
431599.3013106768 5304035.697981436 1056.3427450683596
431599.3253011041 5304035.703299985 1056.3427450683596
431599.3487366983 5304035.7106892 1056.3427450683596
431599.3714391005 5304035.720092843 1056.3427450683596
431599.3932355318 5304035.731439346 1056.3427450683596
431599.4139601081 5304035.744642358 1056.3427450683596
431599.4334551029 5304035.759601394 1056.3427450683596
431599.4515721475 5304035.776202606 1056.3427450683596
431599.46817336016 5304035.794319651 1056.3427450683596
431599.48313239584 5304035.813814646 1056.3427450683596
431599.496335407 5304035.834539222 1056.3427450683596
431599.507681911 5304035.856335653 1056.3427450683596
431599.5170855539 5304035.879038055 1056.3427450683596
431599.5244747684 5304035.90247365 1056.3427450683596
431599.52979331807 5304035.926464077 1056.3427450683596
431599.5330007255 5304035.950826756 1056.3427450683596
431666.0912203145 5303946.192702735 1048.898775341797
431666.09039706585 5303946.211558229 1048.898775341797
431666.0879335853 5303946.230270222 1048.898775341797
431666.0838486214 5303946.248696303 1048.898775341797
431666.0781732632 5303946.26669624 1048.898775341797
431666.0709507037 5303946.28413304 1048.898775341797
431666.06223591085 5303946.300874002 1048.898775341797
431666.0520952094 5303946.316791715 1048.898775341797
431666.0406057764 5303946.331765035 1048.898775341797
431666.02785505325 5303946.345680008 1048.898775341797
431666.0139400807 5303946.358430731 1048.898775341797
431665.99896676006 5303946.369920164 1048.898775341797
431665.98304904735 5303946.380060866 1048.898775341797
431665.966308086 5303946.388775659 1048.898775341797
431665.9488712848 5303946.395998218 1048.898775341797
431665.9308713483 5303946.401673576 1048.898775341797
431665.912445267 5303946.40575854 1048.898775341797
431665.8937332744 5303946.408222021 1048.898775341797
431665.87487778015 5303946.409045269 1048.898775341797
431665.8560222859 5303946.408222021 1048.898775341797
431665.8373102933 5303946.40575854 1048.898775341797
431665.818884212 5303946.401673576 1048.898775341797
431665.8008842755 5303946.395998218 1048.898775341797
431665.7834474744 5303946.388775659 1048.898775341797
431665.76670651295 5303946.380060866 1048.898775341797
431665.7507888002 5303946.369920164 1048.898775341797
431665.7358154796 5303946.358430731 1048.898775341797
431665.7219005071 5303946.345680008 1048.898775341797
431665.7091497839 5303946.331765035 1048.898775341797
431665.6976603509 5303946.316791715 1048.898775341797
431665.6875196495 5303946.300874002 1048.898775341797
431665.6788048566 5303946.28413304 1048.898775341797
431665.6715822971 5303946.26669624 1048.898775341797
431665.6659069389 5303946.248696303 1048.898775341797
431665.661821975 5303946.230270222 1048.898775341797
431665.6593584945 5303946.211558229 1048.898775341797
431665.6585352458 5303946.192702735 1048.898775341797
431665.6593584945 5303946.17384724 1048.898775341797
431665.661821975 5303946.155135248 1048.898775341797
431665.6659069389 5303946.136709167 1048.898775341797
431665.6715822971 5303946.11870923 1048.898775341797
431665.6788048566 5303946.101272429 1048.898775341797
431665.6875196495 5303946.084531467 1048.898775341797
431665.6976603509 5303946.068613755 1048.898775341797
431665.7091497839 5303946.0536404345 1048.898775341797
431665.7219005071 5303946.039725462 1048.898775341797
431665.7358154796 5303946.026974739 1048.898775341797
431665.7507888002 5303946.015485305 1048.898775341797
431665.76670651295 5303946.005344604 1048.898775341797
431665.7834474744 5303945.996629811 1048.898775341797
431665.8008842755 5303945.989407252 1048.898775341797
431665.818884212 5303945.983731894 1048.898775341797
431665.8373102933 5303945.97964693 1048.898775341797
431665.8560222859 5303945.977183449 1048.898775341797
431665.87487778015 5303945.976360201 1048.898775341797
431665.8937332744 5303945.977183449 1048.898775341797
431665.912445267 5303945.97964693 1048.898775341797
431665.9308713483 5303945.983731894 1048.898775341797
431665.9488712848 5303945.989407252 1048.898775341797
431665.966308086 5303945.996629811 1048.898775341797
431665.98304904735 5303946.005344604 1048.898775341797
431665.99896676006 5303946.015485305 1048.898775341797
431666.0139400807 5303946.026974739 1048.898775341797
431666.02785505325 5303946.039725462 1048.898775341797
431666.0406057764 5303946.0536404345 1048.898775341797
431666.0520952094 5303946.068613755 1048.898775341797
431666.06223591085 5303946.084531467 1048.898775341797
431666.0709507037 5303946.101272429 1048.898775341797
431666.0781732632 5303946.11870923 1048.898775341797
431666.0838486214 5303946.136709167 1048.898775341797
431666.0879335853 5303946.155135248 1048.898775341797
431666.09039706585 5303946.17384724 1048.898775341797
431694.01871456014 5304030.841546165 1052.836763623047
431694.0180754662 5304030.856183823 1052.836763623047
431694.0161630483 5304030.87071008 1052.836763623047
431694.012991861 5304030.885014381 1052.836763623047
431694.00858603895 5304030.898987863 1052.836763623047
431694.0029791132 5304030.91252418 1052.836763623047
431693.9962137558 5304030.92552031 1052.836763623047
431693.9883414552 5304030.937877347 1052.836763623047
431693.97942212445 5304030.949501244 1052.836763623047
431693.9695236449 5304030.960303539 1052.836763623047
431693.95872135 5304030.970202019 1052.836763623047
431693.9470974518 5304030.97912135 1052.836763623047
431693.93474041513 5304030.986993651 1052.836763623047
431693.9217442845 5304030.993759008 1052.836763623047
431693.90820796834 5304030.999365933 1052.836763623047
431693.89423448616 5304031.003771756 1052.836763623047
431693.8799301846 5304031.006942943 1052.836763623047
431693.865403928 5304031.008855361 1052.836763623047
431693.8507662701 5304031.009494455 1052.836763623047
431693.8361286121 5304031.008855361 1052.836763623047
431693.8216023556 5304031.006942943 1052.836763623047
431693.807298054 5304031.003771756 1052.836763623047
431693.7933245718 5304030.999365933 1052.836763623047
431693.7797882556 5304030.993759008 1052.836763623047
431693.766792125 5304030.986993651 1052.836763623047
431693.7544350884 5304030.97912135 1052.836763623047
431693.7428111901 5304030.970202019 1052.836763623047
431693.73200889525 5304030.960303539 1052.836763623047
431693.7221104157 5304030.949501244 1052.836763623047
431693.7131910849 5304030.937877347 1052.836763623047
431693.70531878434 5304030.92552031 1052.836763623047
431693.69855342695 5304030.91252418 1052.836763623047
431693.6929465012 5304030.898987863 1052.836763623047
431693.6885406792 5304030.885014381 1052.836763623047
431693.6853694919 5304030.87071008 1052.836763623047
431693.68345707393 5304030.856183823 1052.836763623047
431693.68281798 5304030.841546165 1052.836763623047
431693.68345707393 5304030.826908506 1052.836763623047
431693.6853694919 5304030.81238225 1052.836763623047
431693.6885406792 5304030.798077948 1052.836763623047
431693.6929465012 5304030.784104466 1052.836763623047
431693.69855342695 5304030.77056815 1052.836763623047
431693.70531878434 5304030.75757202 1052.836763623047
431693.7131910849 5304030.745214983 1052.836763623047
431693.7221104157 5304030.733591085 1052.836763623047
431693.73200889525 5304030.72278879 1052.836763623047
431693.7428111901 5304030.71289031 1052.836763623047
431693.7544350884 5304030.70397098 1052.836763623047
431693.766792125 5304030.696098679 1052.836763623047
431693.7797882556 5304030.6893333215 1052.836763623047
431693.7933245718 5304030.683726396 1052.836763623047
431693.807298054 5304030.679320574 1052.836763623047
431693.8216023556 5304030.676149387 1052.836763623047
431693.8361286121 5304030.674236969 1052.836763623047
431693.8507662701 5304030.673597875 1052.836763623047
431693.865403928 5304030.674236969 1052.836763623047
431693.8799301846 5304030.676149387 1052.836763623047
431693.89423448616 5304030.679320574 1052.836763623047
431693.90820796834 5304030.683726396 1052.836763623047
431693.9217442845 5304030.6893333215 1052.836763623047
431693.93474041513 5304030.696098679 1052.836763623047
431693.9470974518 5304030.70397098 1052.836763623047
431693.95872135 5304030.71289031 1052.836763623047
431693.9695236449 5304030.72278879 1052.836763623047
431693.97942212445 5304030.733591085 1052.836763623047
431693.9883414552 5304030.745214983 1052.836763623047
431693.9962137558 5304030.75757202 1052.836763623047
431694.0029791132 5304030.77056815 1052.836763623047
431694.00858603895 5304030.784104466 1052.836763623047
431694.012991861 5304030.798077948 1052.836763623047
431694.0161630483 5304030.81238225 1052.836763623047
431694.0180754662 5304030.826908506 1052.836763623047
431680.4883647597 5303939.737015646 1049.775789501953
431680.48726552125 5303939.762192346 1049.775789501953
431680.4839761717 5303939.787177437 1049.775789501953
431680.478521745 5303939.811780766 1049.775789501953
431680.4709437527 5303939.835815086 1049.775789501953
431680.4612998678 5303939.8590974845 1049.775789501953
431680.4496634861 5303939.881450766 1049.775789501953
431680.4361231675 5303939.902704808 1049.775789501953
431680.4207819621 5303939.922697856 1049.775789501953
431680.4037566256 5303939.941277751 1049.775789501953
431680.3851767312 5303939.958303087 1049.775789501953
431680.365183683 5303939.973644293 1049.775789501953
431680.34392964025 5303939.987184611 1049.775789501953
431680.32157635904 5303939.998820993 1049.775789501953
431680.2982939613 5303940.0084648775 1049.775789501953
431680.2742596402 5303940.016042871 1049.775789501953
431680.24965631135 5303940.021497297 1049.775789501953
431680.224671221 5303940.024786647 1049.775789501953
431680.1994945208 5303940.025885885 1049.775789501953
431680.1743178206 5303940.024786647 1049.775789501953
431680.1493327302 5303940.021497297 1049.775789501953
431680.1247294014 5303940.016042871 1049.775789501953
431680.1006950802 5303940.0084648775 1049.775789501953
431680.0774126825 5303939.998820993 1049.775789501953
431680.0550594013 5303939.987184611 1049.775789501953
431680.0338053586 5303939.973644293 1049.775789501953
431680.0138123104 5303939.958303087 1049.775789501953
431679.995232416 5303939.941277751 1049.775789501953
431679.97820707946 5303939.922697856 1049.775789501953
431679.96286587405 5303939.902704808 1049.775789501953
431679.9493255554 5303939.881450766 1049.775789501953
431679.9376891738 5303939.8590974845 1049.775789501953
431679.9280452889 5303939.835815086 1049.775789501953
431679.92046729656 5303939.811780766 1049.775789501953
431679.91501286987 5303939.787177437 1049.775789501953
431679.9117235203 5303939.762192346 1049.775789501953
431679.91062428185 5303939.737015646 1049.775789501953
431679.9117235203 5303939.711838946 1049.775789501953
431679.91501286987 5303939.686853855 1049.775789501953
431679.92046729656 5303939.662250526 1049.775789501953
431679.9280452889 5303939.638216206 1049.775789501953
431679.9376891738 5303939.614933807 1049.775789501953
431679.9493255554 5303939.592580526 1049.775789501953
431679.96286587405 5303939.571326484 1049.775789501953
431679.97820707946 5303939.551333436 1049.775789501953
431679.995232416 5303939.532753541 1049.775789501953
431680.0138123104 5303939.5157282045 1049.775789501953
431680.0338053586 5303939.500386999 1049.775789501953
431680.0550594013 5303939.486846681 1049.775789501953
431680.0774126825 5303939.475210299 1049.775789501953
431680.1006950802 5303939.465566414 1049.775789501953
431680.1247294014 5303939.457988421 1049.775789501953
431680.1493327302 5303939.452533995 1049.775789501953
431680.1743178206 5303939.449244645 1049.775789501953
431680.1994945208 5303939.448145407 1049.775789501953
431680.224671221 5303939.449244645 1049.775789501953
431680.24965631135 5303939.452533995 1049.775789501953
431680.2742596402 5303939.457988421 1049.775789501953
431680.2982939613 5303939.465566414 1049.775789501953
431680.32157635904 5303939.475210299 1049.775789501953
431680.34392964025 5303939.486846681 1049.775789501953
431680.365183683 5303939.500386999 1049.775789501953
431680.3851767312 5303939.5157282045 1049.775789501953
431680.4037566256 5303939.532753541 1049.775789501953
431680.4207819621 5303939.551333436 1049.775789501953
431680.4361231675 5303939.571326484 1049.775789501953
431680.4496634861 5303939.592580526 1049.775789501953
431680.4612998678 5303939.614933807 1049.775789501953
431680.4709437527 5303939.638216206 1049.775789501953
431680.478521745 5303939.662250526 1049.775789501953
431680.4839761717 5303939.686853855 1049.775789501953
431680.48726552125 5303939.711838946 1049.775789501953
431655.1714302698 5303952.69380034 1047.1367514160158
431655.1705649793 5303952.71361875 1047.1367514160158
431655.1679756934 5303952.733286329 1047.1367514160158
431655.16368211806 5303952.752653396 1047.1367514160158
431655.15771693 5303952.7715725545 1047.1367514160158
431655.1501255279 5303952.78989982 1047.1367514160158
431655.1409656868 5303952.807495711 1047.1367514160158
431655.1303071188 5303952.824226312 1047.1367514160158
431655.1182309419 5303952.839964292 1047.1367514160158
431655.1048290632 5303952.854589877 1047.1367514160158
431655.090203479 5303952.867991756 1047.1367514160158
431655.07446549885 5303952.880067932 1047.1367514160158
431655.0577348984 5303952.8907265 1047.1367514160158
431655.0401390074 5303952.899886342 1047.1367514160158
431655.0218117414 5303952.907477744 1047.1367514160158
431655.00289258186 5303952.913442931 1047.1367514160158
431654.983525515 5303952.917736507 1047.1367514160158
431654.963857936 5303952.920325792 1047.1367514160158
431654.9440395269 5303952.921191083 1047.1367514160158
431654.9242211178 5303952.920325792 1047.1367514160158
431654.9045535388 5303952.917736507 1047.1367514160158
431654.885186472 5303952.913442931 1047.1367514160158
431654.8662673124 5303952.907477744 1047.1367514160158
431654.84794004646 5303952.899886342 1047.1367514160158
431654.8303441555 5303952.8907265 1047.1367514160158
431654.813613555 5303952.880067932 1047.1367514160158
431654.7978755749 5303952.867991756 1047.1367514160158
431654.78324999067 5303952.854589877 1047.1367514160158
431654.769848112 5303952.839964292 1047.1367514160158
431654.7577719351 5303952.824226312 1047.1367514160158
431654.747113367 5303952.807495711 1047.1367514160158
431654.737953526 5303952.78989982 1047.1367514160158
431654.7303621238 5303952.7715725545 1047.1367514160158
431654.7243969358 5303952.752653396 1047.1367514160158
431654.7201033604 5303952.733286329 1047.1367514160158
431654.7175140745 5303952.71361875 1047.1367514160158
431654.71664878406 5303952.69380034 1047.1367514160158
431654.7175140745 5303952.673981931 1047.1367514160158
431654.7201033604 5303952.654314352 1047.1367514160158
431654.7243969358 5303952.634947285 1047.1367514160158
431654.7303621238 5303952.616028126 1047.1367514160158
431654.737953526 5303952.59770086 1047.1367514160158
431654.747113367 5303952.580104969 1047.1367514160158
431654.7577719351 5303952.5633743685 1047.1367514160158
431654.769848112 5303952.547636389 1047.1367514160158
431654.78324999067 5303952.533010804 1047.1367514160158
431654.7978755749 5303952.519608925 1047.1367514160158
431654.813613555 5303952.507532748 1047.1367514160158
431654.8303441555 5303952.496874181 1047.1367514160158
431654.84794004646 5303952.487714339 1047.1367514160158
431654.8662673124 5303952.480122937 1047.1367514160158
431654.885186472 5303952.47415775 1047.1367514160158
431654.9045535388 5303952.469864174 1047.1367514160158
431654.9242211178 5303952.467274888 1047.1367514160158
431654.9440395269 5303952.466409598 1047.1367514160158
431654.963857936 5303952.467274888 1047.1367514160158
431654.983525515 5303952.469864174 1047.1367514160158
431655.00289258186 5303952.47415775 1047.1367514160158
431655.0218117414 5303952.480122937 1047.1367514160158
431655.0401390074 5303952.487714339 1047.1367514160158
431655.0577348984 5303952.496874181 1047.1367514160158
431655.07446549885 5303952.507532748 1047.1367514160158
431655.090203479 5303952.519608925 1047.1367514160158
431655.1048290632 5303952.533010804 1047.1367514160158
431655.1182309419 5303952.547636389 1047.1367514160158
431655.1303071188 5303952.5633743685 1047.1367514160158
431655.1409656868 5303952.580104969 1047.1367514160158
431655.1501255279 5303952.59770086 1047.1367514160158
431655.15771693 5303952.616028126 1047.1367514160158
431655.16368211806 5303952.634947285 1047.1367514160158
431655.1679756934 5303952.654314352 1047.1367514160158
431655.1705649793 5303952.673981931 1047.1367514160158
431656.64066082594 5304049.808144246 1054.6337606933596
431656.6398477604 5304049.826766511 1054.6337606933596
431656.63741475146 5304049.845247048 1054.6337606933596
431656.6333803159 5304049.863445211 1054.6337606933596
431656.62777515815 5304049.8812225 1054.6337606933596
431656.6206419369 5304049.89844362 1054.6337606933596
431656.6120349403 5304049.914977506 1054.6337606933596
431656.6020196727 5304049.930698327 1054.6337606933596
431656.5906723564 5304049.9454864375 1054.6337606933596
431656.5780793513 5304049.959229291 1054.6337606933596
431656.5643364978 5304049.971822296 1054.6337606933596
431656.5495483872 5304049.9831696125 1054.6337606933596
431656.5338275662 5304049.99318488 1054.6337606933596
431656.5172936794 5304050.001791877 1054.6337606933596
431656.50007256 5304050.008925098 1054.6337606933596
431656.48229527095 5304050.014530255 1054.6337606933596
431656.4640971081 5304050.018564691 1054.6337606933596
431656.4456165706 5304050.0209977 1054.6337606933596
431656.4269943064 5304050.021810765 1054.6337606933596
431656.4083720422 5304050.0209977 1054.6337606933596
431656.3898915047 5304050.018564691 1054.6337606933596
431656.3716933418 5304050.014530255 1054.6337606933596
431656.3539160527 5304050.008925098 1054.6337606933596
431656.3366949333 5304050.001791877 1054.6337606933596
431656.3201610466 5304049.99318488 1054.6337606933596
431656.30444022553 5304049.9831696125 1054.6337606933596
431656.28965211497 5304049.971822296 1054.6337606933596
431656.2759092615 5304049.959229291 1054.6337606933596
431656.2633162564 5304049.9454864375 1054.6337606933596
431656.2519689401 5304049.930698327 1054.6337606933596
431656.2419536725 5304049.914977506 1054.6337606933596
431656.2333466759 5304049.89844362 1054.6337606933596
431656.2262134546 5304049.8812225 1054.6337606933596
431656.2206082969 5304049.863445211 1054.6337606933596
431656.2165738613 5304049.845247048 1054.6337606933596
431656.2141408524 5304049.826766511 1054.6337606933596
431656.2133277868 5304049.808144246 1054.6337606933596
431656.2141408524 5304049.789521982 1054.6337606933596
431656.2165738613 5304049.7710414445 1054.6337606933596
431656.2206082969 5304049.752843281 1054.6337606933596
431656.2262134546 5304049.735065993 1054.6337606933596
431656.2333466759 5304049.717844873 1054.6337606933596
431656.2419536725 5304049.701310987 1054.6337606933596
431656.2519689401 5304049.685590166 1054.6337606933596
431656.2633162564 5304049.670802055 1054.6337606933596
431656.2759092615 5304049.657059201 1054.6337606933596
431656.28965211497 5304049.644466196 1054.6337606933596
431656.30444022553 5304049.63311888 1054.6337606933596
431656.3201610466 5304049.623103612 1054.6337606933596
431656.3366949333 5304049.614496616 1054.6337606933596
431656.3539160527 5304049.607363394 1054.6337606933596
431656.3716933418 5304049.601758237 1054.6337606933596
431656.3898915047 5304049.597723802 1054.6337606933596
431656.4083720422 5304049.595290792 1054.6337606933596
431656.4269943064 5304049.594477727 1054.6337606933596
431656.4456165706 5304049.595290792 1054.6337606933596
431656.4640971081 5304049.597723802 1054.6337606933596
431656.48229527095 5304049.601758237 1054.6337606933596
431656.50007256 5304049.607363394 1054.6337606933596
431656.5172936794 5304049.614496616 1054.6337606933596
431656.5338275662 5304049.623103612 1054.6337606933596
431656.5495483872 5304049.63311888 1054.6337606933596
431656.5643364978 5304049.644466196 1054.6337606933596
431656.5780793513 5304049.657059201 1054.6337606933596
431656.5906723564 5304049.670802055 1054.6337606933596
431656.6020196727 5304049.685590166 1054.6337606933596
431656.6120349403 5304049.701310987 1054.6337606933596
431656.6206419369 5304049.717844873 1054.6337606933596
431656.62777515815 5304049.735065993 1054.6337606933596
431656.6333803159 5304049.752843281 1054.6337606933596
431656.63741475146 5304049.7710414445 1054.6337606933596
431656.6398477604 5304049.789521982 1054.6337606933596
431657.69241961447 5304029.088197994 1053.867769482422
431657.6915348164 5304029.108463202 1053.867769482422
431657.6888871561 5304029.128574179 1053.867769482422
431657.6844967837 5304029.148377868 1053.867769482422
431657.6783971128 5304029.167723553 1053.867769482422
431657.6706345654 5304029.1864640005 1053.867769482422
431657.6612682193 5304029.204456584 1053.867769482422
431657.650369358 5304029.221564369 1053.867769482422
431657.6380209283 5304029.237657156 1053.867769482422
431657.6243169094 5304029.252612469 1053.867769482422
431657.60936159705 5304029.266316487 1053.867769482422
431657.5932688103 5304029.278664917 1053.867769482422
431657.5761610248 5304029.289563778 1053.867769482422
431657.5581684413 5304029.298930124 1053.867769482422
431657.5394279941 5304029.306692672 1053.867769482422
431657.52008230943 5304029.312792343 1053.867769482422
431657.5002786196 5304029.317182715 1053.867769482422
431657.4801676425 5304029.319830376 1053.867769482422
431657.4599024351 5304029.320715173 1053.867769482422
431657.4396372276 5304029.319830376 1053.867769482422
431657.41952625057 5304029.317182715 1053.867769482422
431657.3997225607 5304029.312792343 1053.867769482422
431657.380376876 5304029.306692672 1053.867769482422
431657.36163642886 5304029.298930124 1053.867769482422
431657.34364384535 5304029.289563778 1053.867769482422
431657.3265360599 5304029.278664917 1053.867769482422
431657.3104432731 5304029.266316487 1053.867769482422
431657.2954879608 5304029.252612469 1053.867769482422
431657.2817839418 5304029.237657156 1053.867769482422
431657.2694355122 5304029.221564369 1053.867769482422
431657.25853665086 5304029.204456584 1053.867769482422
431657.2491703048 5304029.1864640005 1053.867769482422
431657.2414077574 5304029.167723553 1053.867769482422
431657.2353080864 5304029.148377868 1053.867769482422
431657.23091771407 5304029.128574179 1053.867769482422
431657.22827005375 5304029.108463202 1053.867769482422
431657.2273852557 5304029.088197994 1053.867769482422
431657.22827005375 5304029.067932786 1053.867769482422
431657.23091771407 5304029.04782181 1053.867769482422
431657.2353080864 5304029.02801812 1053.867769482422
431657.2414077574 5304029.008672435 1053.867769482422
431657.2491703048 5304028.989931988 1053.867769482422
431657.25853665086 5304028.9719394045 1053.867769482422
431657.2694355122 5304028.954831619 1053.867769482422
431657.2817839418 5304028.938738832 1053.867769482422
431657.2954879608 5304028.923783519 1053.867769482422
431657.3104432731 5304028.910079501 1053.867769482422
431657.3265360599 5304028.897731071 1053.867769482422
431657.34364384535 5304028.88683221 1053.867769482422
431657.36163642886 5304028.877465864 1053.867769482422
431657.380376876 5304028.869703316 1053.867769482422
431657.3997225607 5304028.863603645 1053.867769482422
431657.41952625057 5304028.859213273 1053.867769482422
431657.4396372276 5304028.856565612 1053.867769482422
431657.4599024351 5304028.855680815 1053.867769482422
431657.4801676425 5304028.856565612 1053.867769482422
431657.5002786196 5304028.859213273 1053.867769482422
431657.52008230943 5304028.863603645 1053.867769482422
431657.5394279941 5304028.869703316 1053.867769482422
431657.5581684413 5304028.877465864 1053.867769482422
431657.5761610248 5304028.88683221 1053.867769482422
431657.5932688103 5304028.897731071 1053.867769482422
431657.60936159705 5304028.910079501 1053.867769482422
431657.6243169094 5304028.923783519 1053.867769482422
431657.6380209283 5304028.938738832 1053.867769482422
431657.650369358 5304028.954831619 1053.867769482422
431657.6612682193 5304028.9719394045 1053.867769482422
431657.6706345654 5304028.989931988 1053.867769482422
431657.6783971128 5304029.008672435 1053.867769482422
431657.6844967837 5304029.02801812 1053.867769482422
431657.6888871561 5304029.04782181 1053.867769482422
431657.6915348164 5304029.067932786 1053.867769482422
431686.2044671098 5303940.843999742 1050.0597860839846
431686.2042555478 5303940.848845308 1050.0597860839846
431686.2036224719 5303940.853653997 1050.0597860839846
431686.2025727002 5303940.858389211 1050.0597860839846
431686.2011142222 5303940.863014912 1050.0597860839846
431686.1992581376 5303940.867495897 1050.0597860839846
431686.1970185724 5303940.871798062 1050.0597860839846
431686.1944125712 5303940.875888664 1050.0597860839846
431686.191459967 5303940.8797365725 1050.0597860839846
431686.1881832311 5303940.883312503 1050.0597860839846
431686.1846073012 5303940.886589238 1050.0597860839846
431686.18075939256 5303940.889541843 1050.0597860839846
431686.17666878994 5303940.892147844 1050.0597860839846
431686.1723666253 5303940.894387409 1050.0597860839846
431686.1678856408 5303940.896243494 1050.0597860839846
431686.1632599393 5303940.897701972 1050.0597860839846
431686.1585247253 5303940.898751743 1050.0597860839846
431686.15371603647 5303940.899384819 1050.0597860839846
431686.14887047006 5303940.899596381 1050.0597860839846
431686.14402490365 5303940.899384819 1050.0597860839846
431686.1392162149 5303940.898751743 1050.0597860839846
431686.1344810008 5303940.897701972 1050.0597860839846
431686.12985529937 5303940.896243494 1050.0597860839846
431686.1253743149 5303940.894387409 1050.0597860839846
431686.1210721502 5303940.892147844 1050.0597860839846
431686.1169815476 5303940.889541843 1050.0597860839846
431686.1131336389 5303940.886589238 1050.0597860839846
431686.1095577091 5303940.883312503 1050.0597860839846
431686.1062809731 5303940.8797365725 1050.0597860839846
431686.103328369 5303940.875888664 1050.0597860839846
431686.1007223677 5303940.871798062 1050.0597860839846
431686.0984828025 5303940.867495897 1050.0597860839846
431686.096626718 5303940.863014912 1050.0597860839846
431686.0951682399 5303940.858389211 1050.0597860839846
431686.0941184682 5303940.853653997 1050.0597860839846
431686.09348539234 5303940.848845308 1050.0597860839846
431686.0932738303 5303940.843999742 1050.0597860839846
431686.09348539234 5303940.839154176 1050.0597860839846
431686.0941184682 5303940.834345486 1050.0597860839846
431686.0951682399 5303940.829610272 1050.0597860839846
431686.096626718 5303940.824984571 1050.0597860839846
431686.0984828025 5303940.820503586 1050.0597860839846
431686.1007223677 5303940.816201421 1050.0597860839846
431686.103328369 5303940.812110819 1050.0597860839846
431686.1062809731 5303940.808262911 1050.0597860839846
431686.1095577091 5303940.80468698 1050.0597860839846
431686.1131336389 5303940.801410245 1050.0597860839846
431686.1169815476 5303940.79845764 1050.0597860839846
431686.1210721502 5303940.79585164 1050.0597860839846
431686.1253743149 5303940.793612074 1050.0597860839846
431686.12985529937 5303940.791755989 1050.0597860839846
431686.1344810008 5303940.790297511 1050.0597860839846
431686.1392162149 5303940.78924774 1050.0597860839846
431686.14402490365 5303940.788614664 1050.0597860839846
431686.14887047006 5303940.788403102 1050.0597860839846
431686.15371603647 5303940.788614664 1050.0597860839846
431686.1585247253 5303940.78924774 1050.0597860839846
431686.1632599393 5303940.790297511 1050.0597860839846
431686.1678856408 5303940.791755989 1050.0597860839846
431686.1723666253 5303940.793612074 1050.0597860839846
431686.17666878994 5303940.79585164 1050.0597860839846
431686.18075939256 5303940.79845764 1050.0597860839846
431686.1846073012 5303940.801410245 1050.0597860839846
431686.1881832311 5303940.80468698 1050.0597860839846
431686.191459967 5303940.808262911 1050.0597860839846
431686.1944125712 5303940.812110819 1050.0597860839846
431686.1970185724 5303940.816201421 1050.0597860839846
431686.1992581376 5303940.820503586 1050.0597860839846
431686.2011142222 5303940.824984571 1050.0597860839846
431686.2025727002 5303940.829610272 1050.0597860839846
431686.2036224719 5303940.834345486 1050.0597860839846
431686.2042555478 5303940.839154176 1050.0597860839846
431688.5178897096 5303946.86844463 1050.5407431152346
431688.5172391778 5303946.883344257 1050.5407431152346
431688.5152925334 5303946.8981304895 1050.5407431152346
431688.51206459146 5303946.912690795 1050.5407431152346
431688.50757991866 5303946.92691436 1050.5407431152346
431688.501872646 5303946.940692935 1050.5407431152346
431688.49498620926 5303946.953921657 1050.5407431152346
431688.4869730184 5303946.966499847 1050.5407431152346
431688.47789405874 5303946.978331777 1050.5407431152346
431688.4678184265 5303946.989327401 1050.5407431152346
431688.45682280336 5303946.9994030325 1050.5407431152346
431688.4449908728 5303947.008481992 1050.5407431152346
431688.4324126827 5303947.016495183 1050.5407431152346
431688.4191839608 5303947.02338162 1050.5407431152346
431688.40540538577 5303947.029088893 1050.5407431152346
431688.3911818207 5303947.033573566 1050.5407431152346
431688.37662151566 5303947.036801508 1050.5407431152346
431688.3618352833 5303947.038748152 1050.5407431152346
431688.34693565575 5303947.039398684 1050.5407431152346
431688.3320360282 5303947.038748152 1050.5407431152346
431688.31724979583 5303947.036801508 1050.5407431152346
431688.3026894908 5303947.033573566 1050.5407431152346
431688.2884659257 5303947.029088893 1050.5407431152346
431688.2746873506 5303947.02338162 1050.5407431152346
431688.2614586288 5303947.016495183 1050.5407431152346
431688.24888043874 5303947.008481992 1050.5407431152346
431688.2370485081 5303946.9994030325 1050.5407431152346
431688.226052885 5303946.989327401 1050.5407431152346
431688.2159772528 5303946.978331777 1050.5407431152346
431688.20689829305 5303946.966499847 1050.5407431152346
431688.19888510223 5303946.953921657 1050.5407431152346
431688.1919986655 5303946.940692935 1050.5407431152346
431688.1862913928 5303946.92691436 1050.5407431152346
431688.18180672 5303946.912690795 1050.5407431152346
431688.1785787781 5303946.8981304895 1050.5407431152346
431688.1766321337 5303946.883344257 1050.5407431152346
431688.17598160193 5303946.86844463 1050.5407431152346
431688.1766321337 5303946.853545003 1050.5407431152346
431688.1785787781 5303946.83875877 1050.5407431152346
431688.18180672 5303946.824198465 1050.5407431152346
431688.1862913928 5303946.8099749 1050.5407431152346
431688.1919986655 5303946.796196325 1050.5407431152346
431688.19888510223 5303946.782967603 1050.5407431152346
431688.20689829305 5303946.7703894125 1050.5407431152346
431688.2159772528 5303946.758557483 1050.5407431152346
431688.226052885 5303946.747561859 1050.5407431152346
431688.2370485081 5303946.737486227 1050.5407431152346
431688.24888043874 5303946.728407268 1050.5407431152346
431688.2614586288 5303946.720394077 1050.5407431152346
431688.2746873506 5303946.71350764 1050.5407431152346
431688.2884659257 5303946.707800367 1050.5407431152346
431688.3026894908 5303946.703315694 1050.5407431152346
431688.31724979583 5303946.700087752 1050.5407431152346
431688.3320360282 5303946.698141108 1050.5407431152346
431688.34693565575 5303946.697490576 1050.5407431152346
431688.3618352833 5303946.698141108 1050.5407431152346
431688.37662151566 5303946.700087752 1050.5407431152346
431688.3911818207 5303946.703315694 1050.5407431152346
431688.40540538577 5303946.707800367 1050.5407431152346
431688.4191839608 5303946.71350764 1050.5407431152346
431688.4324126827 5303946.720394077 1050.5407431152346
431688.4449908728 5303946.728407268 1050.5407431152346
431688.45682280336 5303946.737486227 1050.5407431152346
431688.4678184265 5303946.747561859 1050.5407431152346
431688.47789405874 5303946.758557483 1050.5407431152346
431688.4869730184 5303946.7703894125 1050.5407431152346
431688.49498620926 5303946.782967603 1050.5407431152346
431688.501872646 5303946.796196325 1050.5407431152346
431688.50757991866 5303946.8099749 1050.5407431152346
431688.51206459146 5303946.824198465 1050.5407431152346
431688.5152925334 5303946.83875877 1050.5407431152346
431688.5172391778 5303946.853545003 1050.5407431152346
431653.67048748885 5303992.36198997 1048.9797689941408
431653.67006414 5303992.371686255 1048.9797689941408
431653.6687973152 5303992.381308744 1048.9797689941408
431653.6666966558 5303992.390784206 1048.9797689941408
431653.6637781492 5303992.400040526 1048.9797689941408
431653.6600640069 5303992.409007259 1048.9797689941408
431653.6555824958 5303992.4176161615 1048.9797689941408
431653.6503677229 5303992.425801716 1048.9797689941408
431653.6444593757 5303992.433501624 1048.9797689941408
431653.6379024204 5303992.440657284 1048.9797689941408
431653.6307467593 5303992.44721424 1048.9797689941408
431653.62304685137 5303992.453122587 1048.9797689941408
431653.6148612975 5303992.45833736 1048.9797689941408
431653.60625239473 5303992.462818871 1048.9797689941408
431653.597285662 5303992.466533014 1048.9797689941408
431653.5880293416 5303992.46945152 1048.9797689941408
431653.5785538797 5303992.471552179 1048.9797689941408
431653.5689313902 5303992.472819004 1048.9797689941408
431653.55923510616 5303992.473242353 1048.9797689941408
431653.54953882215 5303992.472819004 1048.9797689941408
431653.53991633264 5303992.471552179 1048.9797689941408
431653.53044087073 5303992.46945152 1048.9797689941408
431653.5211845503 5303992.466533014 1048.9797689941408
431653.5122178176 5303992.462818871 1048.9797689941408
431653.5036089149 5303992.45833736 1048.9797689941408
431653.49542336096 5303992.453122587 1048.9797689941408
431653.487723453 5303992.44721424 1048.9797689941408
431653.480567792 5303992.440657284 1048.9797689941408
431653.4740108366 5303992.433501624 1048.9797689941408
431653.4681024895 5303992.425801716 1048.9797689941408
431653.4628877165 5303992.4176161615 1048.9797689941408
431653.4584062054 5303992.409007259 1048.9797689941408
431653.4546920631 5303992.400040526 1048.9797689941408
431653.4517735565 5303992.390784206 1048.9797689941408
431653.4496728972 5303992.381308744 1048.9797689941408
431653.4484060724 5303992.371686255 1048.9797689941408
431653.4479827235 5303992.36198997 1048.9797689941408
431653.4484060724 5303992.352293686 1048.9797689941408
431653.4496728972 5303992.342671197 1048.9797689941408
431653.4517735565 5303992.333195735 1048.9797689941408
431653.4546920631 5303992.323939415 1048.9797689941408
431653.4584062054 5303992.314972682 1048.9797689941408
431653.4628877165 5303992.306363779 1048.9797689941408
431653.4681024895 5303992.298178225 1048.9797689941408
431653.4740108366 5303992.290478317 1048.9797689941408
431653.480567792 5303992.2833226565 1048.9797689941408
431653.487723453 5303992.2767657 1048.9797689941408
431653.49542336096 5303992.270857354 1048.9797689941408
431653.5036089149 5303992.265642581 1048.9797689941408
431653.5122178176 5303992.261161069 1048.9797689941408
431653.5211845503 5303992.257446927 1048.9797689941408
431653.53044087073 5303992.254528421 1048.9797689941408
431653.53991633264 5303992.252427761 1048.9797689941408
431653.54953882215 5303992.251160936 1048.9797689941408
431653.55923510616 5303992.250737588 1048.9797689941408
431653.5689313902 5303992.251160936 1048.9797689941408
431653.5785538797 5303992.252427761 1048.9797689941408
431653.5880293416 5303992.254528421 1048.9797689941408
431653.597285662 5303992.257446927 1048.9797689941408
431653.60625239473 5303992.261161069 1048.9797689941408
431653.6148612975 5303992.265642581 1048.9797689941408
431653.62304685137 5303992.270857354 1048.9797689941408
431653.6307467593 5303992.2767657 1048.9797689941408
431653.6379024204 5303992.2833226565 1048.9797689941408
431653.6444593757 5303992.290478317 1048.9797689941408
431653.6503677229 5303992.298178225 1048.9797689941408
431653.6555824958 5303992.306363779 1048.9797689941408
431653.6600640069 5303992.314972682 1048.9797689941408
431653.6637781492 5303992.323939415 1048.9797689941408
431653.6666966558 5303992.333195735 1048.9797689941408
431653.6687973152 5303992.342671197 1048.9797689941408
431653.67006414 5303992.352293686 1048.9797689941408
431653.88662867394 5303940.82094949 1049.1537802246096
431653.8855852775 5303940.844847198 1049.1537802246096
431653.88246302906 5303940.868563029 1049.1537802246096
431653.8772856909 5303940.891916492 1049.1537802246096
431653.8700926656 5303940.914729854 1049.1537802246096
431653.8609386964 5303940.936829491 1049.1537802246096
431653.8498934507 5303940.95804721 1049.1537802246096
431653.83704098925 5303940.978221533 1049.1537802246096
431653.8224791272 5303940.997198922 1049.1537802246096
431653.80631868914 5303941.014834945 1049.1537802246096
431653.7886826656 5303941.030995383 1049.1537802246096
431653.7697052775 5303941.045557245 1049.1537802246096
431653.7495309542 5303941.058409707 1049.1537802246096
431653.7283132345 5303941.069454952 1049.1537802246096
431653.706213598 5303941.078608921 1049.1537802246096
431653.6834002364 5303941.085801947 1049.1537802246096
431653.660046773 5303941.090979285 1049.1537802246096
431653.63633094175 5303941.094101533 1049.1537802246096
431653.6124332346 5303941.095144929 1049.1537802246096
431653.5885355274 5303941.094101533 1049.1537802246096
431653.5648196962 5303941.090979285 1049.1537802246096
431653.5414662328 5303941.085801947 1049.1537802246096
431653.51865287113 5303941.078608921 1049.1537802246096
431653.4965532346 5303941.069454952 1049.1537802246096
431653.4753355149 5303941.058409707 1049.1537802246096
431653.4551611917 5303941.045557245 1049.1537802246096
431653.43618380354 5303941.030995383 1049.1537802246096
431653.41854778 5303941.014834945 1049.1537802246096
431653.402387342 5303940.997198922 1049.1537802246096
431653.3878254799 5303940.978221533 1049.1537802246096
431653.3749730185 5303940.95804721 1049.1537802246096
431653.36392777273 5303940.936829491 1049.1537802246096
431653.3547738036 5303940.914729854 1049.1537802246096
431653.34758077824 5303940.891916492 1049.1537802246096
431653.3424034401 5303940.868563029 1049.1537802246096
431653.3392811917 5303940.844847198 1049.1537802246096
431653.3382377952 5303940.82094949 1049.1537802246096
431653.3392811917 5303940.797051783 1049.1537802246096
431653.3424034401 5303940.773335951 1049.1537802246096
431653.34758077824 5303940.749982488 1049.1537802246096
431653.3547738036 5303940.727169126 1049.1537802246096
431653.36392777273 5303940.70506949 1049.1537802246096
431653.3749730185 5303940.68385177 1049.1537802246096
431653.3878254799 5303940.663677448 1049.1537802246096
431653.402387342 5303940.644700059 1049.1537802246096
431653.41854778 5303940.627064035 1049.1537802246096
431653.43618380354 5303940.610903597 1049.1537802246096
431653.4551611917 5303940.596341736 1049.1537802246096
431653.4753355149 5303940.583489274 1049.1537802246096
431653.4965532346 5303940.572444028 1049.1537802246096
431653.51865287113 5303940.56329006 1049.1537802246096
431653.5414662328 5303940.556097033 1049.1537802246096
431653.5648196962 5303940.550919696 1049.1537802246096
431653.5885355274 5303940.547797447 1049.1537802246096
431653.6124332346 5303940.546754051 1049.1537802246096
431653.63633094175 5303940.547797447 1049.1537802246096
431653.660046773 5303940.550919696 1049.1537802246096
431653.6834002364 5303940.556097033 1049.1537802246096
431653.706213598 5303940.56329006 1049.1537802246096
431653.7283132345 5303940.572444028 1049.1537802246096
431653.7495309542 5303940.583489274 1049.1537802246096
431653.7697052775 5303940.596341736 1049.1537802246096
431653.7886826656 5303940.610903597 1049.1537802246096
431653.80631868914 5303940.627064035 1049.1537802246096
431653.8224791272 5303940.644700059 1049.1537802246096
431653.83704098925 5303940.663677448 1049.1537802246096
431653.8498934507 5303940.68385177 1049.1537802246096
431653.8609386964 5303940.70506949 1049.1537802246096
431653.8700926656 5303940.727169126 1049.1537802246096
431653.8772856909 5303940.749982488 1049.1537802246096
431653.88246302906 5303940.773335951 1049.1537802246096
431653.8855852775 5303940.797051783 1049.1537802246096
431685.9389772196 5304009.866404425 1053.3917562988283
431685.9381718762 5304009.884849823 1053.3917562988283
431685.93576197495 5304009.90315484 1053.3917562988283
431685.9317658568 5304009.921180164 1053.3917562988283
431685.9262139346 5304009.938788611 1053.3917562988283
431685.9191484618 5304009.955846172 1053.3917562988283
431685.9106232109 5304009.972223027 1053.3917562988283
431685.9007030643 5304009.987794537 1053.3917562988283
431685.88946352014 5304010.002442197 1053.3917562988283
431685.87699011824 5304010.016054526 1053.3917562988283
431685.8633777888 5304010.028527928 1053.3917562988283
431685.8487301297 5304010.039767472 1053.3917562988283
431685.83315861854 5304010.049687618 1053.3917562988283
431685.816781764 5304010.05821287 1053.3917562988283
431685.7997242037 5304010.065278342 1053.3917562988283
431685.78211575607 5304010.070830265 1053.3917562988283
431685.764090432 5304010.074826383 1053.3917562988283
431685.7457854151 5304010.077236284 1053.3917562988283
431685.7273400175 5304010.078041627 1053.3917562988283
431685.70889462 5304010.077236284 1053.3917562988283
431685.69058960304 5304010.074826383 1053.3917562988283
431685.6725642789 5304010.070830265 1053.3917562988283
431685.6549558313 5304010.065278342 1053.3917562988283
431685.63789827103 5304010.05821287 1053.3917562988283
431685.62152141647 5304010.049687618 1053.3917562988283
431685.6059499053 5304010.039767472 1053.3917562988283
431685.5913022463 5304010.028527928 1053.3917562988283
431685.5776899168 5304010.016054526 1053.3917562988283
431685.56521651486 5304010.002442197 1053.3917562988283
431685.5539769707 5304009.987794537 1053.3917562988283
431685.5440568241 5304009.972223027 1053.3917562988283
431685.5355315732 5304009.955846172 1053.3917562988283
431685.5284661004 5304009.938788611 1053.3917562988283
431685.5229141782 5304009.921180164 1053.3917562988283
431685.51891806006 5304009.90315484 1053.3917562988283
431685.5165081588 5304009.884849823 1053.3917562988283
431685.5157028154 5304009.866404425 1053.3917562988283
431685.5165081588 5304009.847959028 1053.3917562988283
431685.51891806006 5304009.829654011 1053.3917562988283
431685.5229141782 5304009.811628687 1053.3917562988283
431685.5284661004 5304009.794020239 1053.3917562988283
431685.5355315732 5304009.776962679 1053.3917562988283
431685.5440568241 5304009.760585824 1053.3917562988283
431685.5539769707 5304009.745014314 1053.3917562988283
431685.56521651486 5304009.730366654 1053.3917562988283
431685.5776899168 5304009.716754325 1053.3917562988283
431685.5913022463 5304009.704280923 1053.3917562988283
431685.6059499053 5304009.693041379 1053.3917562988283
431685.62152141647 5304009.683121232 1053.3917562988283
431685.63789827103 5304009.674595981 1053.3917562988283
431685.6549558313 5304009.667530509 1053.3917562988283
431685.6725642789 5304009.661978586 1053.3917562988283
431685.69058960304 5304009.657982468 1053.3917562988283
431685.70889462 5304009.655572567 1053.3917562988283
431685.7273400175 5304009.654767224 1053.3917562988283
431685.7457854151 5304009.655572567 1053.3917562988283
431685.764090432 5304009.657982468 1053.3917562988283
431685.78211575607 5304009.661978586 1053.3917562988283
431685.7997242037 5304009.667530509 1053.3917562988283
431685.816781764 5304009.674595981 1053.3917562988283
431685.83315861854 5304009.683121232 1053.3917562988283
431685.8487301297 5304009.693041379 1053.3917562988283
431685.8633777888 5304009.704280923 1053.3917562988283
431685.87699011824 5304009.716754325 1053.3917562988283
431685.88946352014 5304009.730366654 1053.3917562988283
431685.9007030643 5304009.745014314 1053.3917562988283
431685.9106232109 5304009.760585824 1053.3917562988283
431685.9191484618 5304009.776962679 1053.3917562988283
431685.9262139346 5304009.794020239 1053.3917562988283
431685.9317658568 5304009.811628687 1053.3917562988283
431685.93576197495 5304009.829654011 1053.3917562988283
431685.9381718762 5304009.847959028 1053.3917562988283
431695.6488565694 5304039.112962025 1053.1957724121096
431695.6481139892 5304039.129969909 1053.1957724121096
431695.6458919 5304039.146848352 1053.1957724121096
431695.64220721327 5304039.163468899 1053.1957724121096
431695.6370879718 5304039.179705059 1053.1957724121096
431695.630573136 5304039.195433264 1053.1957724121096
431695.6227122877 5304039.210533813 1053.1957724121096
431695.6135652527 5304039.224891782 1053.1957724121096
431695.6032016456 5304039.238397897 1053.1957724121096
431695.59170033946 5304039.250949371 1053.1957724121096
431695.5791488664 5304039.262450676 1053.1957724121096
431695.5656427506 5304039.272814284 1053.1957724121096
431695.5512847817 5304039.281961319 1053.1957724121096
431695.5361842326 5304039.289822167 1053.1957724121096
431695.5204560277 5304039.296337003 1053.1957724121096
431695.5042198679 5304039.301456245 1053.1957724121096
431695.4875993203 5304039.305140931 1053.1957724121096
431695.4707208773 5304039.30736302 1053.1957724121096
431695.45371299406 5304039.308105601 1053.1957724121096
431695.4367051108 5304039.30736302 1053.1957724121096
431695.4198266678 5304039.305140931 1053.1957724121096
431695.40320612025 5304039.301456245 1053.1957724121096
431695.38696996047 5304039.296337003 1053.1957724121096
431695.3712417555 5304039.289822167 1053.1957724121096
431695.3561412064 5304039.281961319 1053.1957724121096
431695.3417832375 5304039.272814284 1053.1957724121096
431695.3282771217 5304039.262450676 1053.1957724121096
431695.3157256487 5304039.250949371 1053.1957724121096
431695.3042243426 5304039.238397897 1053.1957724121096
431695.2938607354 5304039.224891782 1053.1957724121096
431695.2847137005 5304039.210533813 1053.1957724121096
431695.27685285214 5304039.195433264 1053.1957724121096
431695.27033801633 5304039.179705059 1053.1957724121096
431695.2652187749 5304039.163468899 1053.1957724121096
431695.2615340881 5304039.146848352 1053.1957724121096
431695.25931199896 5304039.129969909 1053.1957724121096
431695.25856941874 5304039.112962025 1053.1957724121096
431695.25931199896 5304039.095954142 1053.1957724121096
431695.2615340881 5304039.079075699 1053.1957724121096
431695.2652187749 5304039.062455151 1053.1957724121096
431695.27033801633 5304039.046218991 1053.1957724121096
431695.27685285214 5304039.030490787 1053.1957724121096
431695.2847137005 5304039.015390238 1053.1957724121096
431695.2938607354 5304039.001032269 1053.1957724121096
431695.3042243426 5304038.987526153 1053.1957724121096
431695.3157256487 5304038.97497468 1053.1957724121096
431695.3282771217 5304038.963473374 1053.1957724121096
431695.3417832375 5304038.953109766 1053.1957724121096
431695.3561412064 5304038.943962731 1053.1957724121096
431695.3712417555 5304038.936101884 1053.1957724121096
431695.38696996047 5304038.929587048 1053.1957724121096
431695.40320612025 5304038.924467806 1053.1957724121096
431695.4198266678 5304038.920783119 1053.1957724121096
431695.4367051108 5304038.91856103 1053.1957724121096
431695.45371299406 5304038.917818449 1053.1957724121096
431695.4707208773 5304038.91856103 1053.1957724121096
431695.4875993203 5304038.920783119 1053.1957724121096
431695.5042198679 5304038.924467806 1053.1957724121096
431695.5204560277 5304038.929587048 1053.1957724121096
431695.5361842326 5304038.936101884 1053.1957724121096
431695.5512847817 5304038.943962731 1053.1957724121096
431695.5656427506 5304038.953109766 1053.1957724121096
431695.5791488664 5304038.963473374 1053.1957724121096
431695.59170033946 5304038.97497468 1053.1957724121096
431695.6032016456 5304038.987526153 1053.1957724121096
431695.6135652527 5304039.001032269 1053.1957724121096
431695.6227122877 5304039.015390238 1053.1957724121096
431695.630573136 5304039.030490787 1053.1957724121096
431695.6370879718 5304039.046218991 1053.1957724121096
431695.64220721327 5304039.062455151 1053.1957724121096
431695.6458919 5304039.079075699 1053.1957724121096
431695.6481139892 5304039.095954142 1053.1957724121096
431651.41625218943 5304004.270376678 1050.5837729003908
431651.41549292 5304004.287766806 1050.5837729003908
431651.4132208903 5304004.305024586 1050.5837729003908
431651.4094533917 5304004.322018674 1050.5837729003908
431651.4042190973 5304004.338619734 1050.5837729003908
431651.3975578431 5304004.354701425 1050.5837729003908
431651.38952032535 5304004.3701413525 1050.5837729003908
431651.3801677144 5304004.384822011 1050.5837729003908
431651.3695711893 5304004.398631671 1050.5837729003908
431651.357811396 5304004.411465234 1050.5837729003908
431651.3449778335 5304004.423225028 1050.5837729003908
431651.33116817306 5304004.433821552 1050.5837729003908
431651.3164875145 5304004.443174164 1050.5837729003908
431651.3010475866 5304004.451211681 1050.5837729003908
431651.28496589646 5304004.457872936 1050.5837729003908
431651.2683648354 5304004.46310723 1050.5837729003908
431651.2513707476 5304004.466874728 1050.5837729003908
431651.2341129683 5304004.469146758 1050.5837729003908
431651.2167228396 5304004.469906027 1050.5837729003908
431651.1993327109 5304004.469146758 1050.5837729003908
431651.1820749316 5304004.466874728 1050.5837729003908
431651.16508084384 5304004.46310723 1050.5837729003908
431651.1484797828 5304004.457872936 1050.5837729003908
431651.1323980927 5304004.451211681 1050.5837729003908
431651.1169581647 5304004.443174164 1050.5837729003908
431651.1022775062 5304004.433821552 1050.5837729003908
431651.0884678458 5304004.423225028 1050.5837729003908
431651.0756342833 5304004.411465234 1050.5837729003908
431651.06387449 5304004.398631671 1050.5837729003908
431651.0532779648 5304004.384822011 1050.5837729003908
431651.0439253539 5304004.3701413525 1050.5837729003908
431651.0358878361 5304004.354701425 1050.5837729003908
431651.029226582 5304004.338619734 1050.5837729003908
431651.0239922875 5304004.322018674 1050.5837729003908
431651.020224789 5304004.305024586 1050.5837729003908
431651.0179527592 5304004.287766806 1050.5837729003908
431651.0171934898 5304004.270376678 1050.5837729003908
431651.0179527592 5304004.252986549 1050.5837729003908
431651.020224789 5304004.23572877 1050.5837729003908
431651.0239922875 5304004.218734682 1050.5837729003908
431651.029226582 5304004.202133621 1050.5837729003908
431651.0358878361 5304004.18605193 1050.5837729003908
431651.0439253539 5304004.170612003 1050.5837729003908
431651.0532779648 5304004.155931344 1050.5837729003908
431651.06387449 5304004.142121684 1050.5837729003908
431651.0756342833 5304004.129288121 1050.5837729003908
431651.0884678458 5304004.117528328 1050.5837729003908
431651.1022775062 5304004.106931803 1050.5837729003908
431651.1169581647 5304004.097579191 1050.5837729003908
431651.1323980927 5304004.089541675 1050.5837729003908
431651.1484797828 5304004.08288042 1050.5837729003908
431651.16508084384 5304004.077646125 1050.5837729003908
431651.1820749316 5304004.073878627 1050.5837729003908
431651.1993327109 5304004.071606597 1050.5837729003908
431651.2167228396 5304004.070847328 1050.5837729003908
431651.2341129683 5304004.071606597 1050.5837729003908
431651.2513707476 5304004.073878627 1050.5837729003908
431651.2683648354 5304004.077646125 1050.5837729003908
431651.28496589646 5304004.08288042 1050.5837729003908
431651.3010475866 5304004.089541675 1050.5837729003908
431651.3164875145 5304004.097579191 1050.5837729003908
431651.33116817306 5304004.106931803 1050.5837729003908
431651.3449778335 5304004.117528328 1050.5837729003908
431651.357811396 5304004.129288121 1050.5837729003908
431651.3695711893 5304004.142121684 1050.5837729003908
431651.3801677144 5304004.155931344 1050.5837729003908
431651.38952032535 5304004.170612003 1050.5837729003908
431651.3975578431 5304004.18605193 1050.5837729003908
431651.4042190973 5304004.202133621 1050.5837729003908
431651.4094533917 5304004.218734682 1050.5837729003908
431651.4132208903 5304004.23572877 1050.5837729003908
431651.41549292 5304004.252986549 1050.5837729003908
431591.5101827933 5304015.776366496 1053.818758251953
431591.509237694 5304015.798012828 1053.818758251953
431591.50640958897 5304015.81949442 1053.818758251953
431591.5017200017 5304015.84064778 1053.818758251953
431591.49520462286 5304015.861311922 1053.818758251953
431591.4869130384 5304015.881329578 1053.818758251953
431591.47690835217 5304015.900548401 1053.818758251953
431591.465266706 5304015.9188221255 1053.818758251953
431591.4520766999 5304015.936011676 1053.818758251953
431591.4374387176 5304015.951986231 1053.818758251953
431591.4214641631 5304015.966624212 1053.818758251953
431591.4042746124 5304015.979814219 1053.818758251953
431591.3860008884 5304015.991455865 1053.818758251953
431591.3667820651 5304016.001460551 1053.818758251953
431591.3467644093 5304016.009752136 1053.818758251953
431591.3261002676 5304016.016267515 1053.818758251953
431591.30494690646 5304016.020957102 1053.818758251953
431591.2834653158 5304016.023785207 1053.818758251953
431591.2618189835 5304016.024730306 1053.818758251953
431591.24017265113 5304016.023785207 1053.818758251953
431591.2186910605 5304016.020957102 1053.818758251953
431591.19753769937 5304016.016267515 1053.818758251953
431591.1768735576 5304016.009752136 1053.818758251953
431591.1568559019 5304016.001460551 1053.818758251953
431591.1376370785 5304015.991455865 1053.818758251953
431591.1193633545 5304015.979814219 1053.818758251953
431591.10217380384 5304015.966624212 1053.818758251953
431591.0861992493 5304015.951986231 1053.818758251953
431591.0715612671 5304015.936011676 1053.818758251953
431591.05837126094 5304015.9188221255 1053.818758251953
431591.0467296148 5304015.900548401 1053.818758251953
431591.0367249286 5304015.881329578 1053.818758251953
431591.0284333441 5304015.861311922 1053.818758251953
431591.02191796526 5304015.84064778 1053.818758251953
431591.017228378 5304015.81949442 1053.818758251953
431591.0144002729 5304015.798012828 1053.818758251953
431591.0134551736 5304015.776366496 1053.818758251953
431591.0144002729 5304015.754720164 1053.818758251953
431591.017228378 5304015.733238573 1053.818758251953
431591.02191796526 5304015.712085213 1053.818758251953
431591.0284333441 5304015.691421071 1053.818758251953
431591.0367249286 5304015.671403415 1053.818758251953
431591.0467296148 5304015.652184592 1053.818758251953
431591.05837126094 5304015.633910867 1053.818758251953
431591.0715612671 5304015.616721317 1053.818758251953
431591.0861992493 5304015.600746762 1053.818758251953
431591.10217380384 5304015.5861087805 1053.818758251953
431591.1193633545 5304015.572918774 1053.818758251953
431591.1376370785 5304015.561277128 1053.818758251953
431591.1568559019 5304015.551272442 1053.818758251953
431591.1768735576 5304015.542980857 1053.818758251953
431591.19753769937 5304015.536465478 1053.818758251953
431591.2186910605 5304015.531775891 1053.818758251953
431591.24017265113 5304015.5289477855 1053.818758251953
431591.2618189835 5304015.528002687 1053.818758251953
431591.2834653158 5304015.5289477855 1053.818758251953
431591.30494690646 5304015.531775891 1053.818758251953
431591.3261002676 5304015.536465478 1053.818758251953
431591.3467644093 5304015.542980857 1053.818758251953
431591.3667820651 5304015.551272442 1053.818758251953
431591.3860008884 5304015.561277128 1053.818758251953
431591.4042746124 5304015.572918774 1053.818758251953
431591.4214641631 5304015.5861087805 1053.818758251953
431591.4374387176 5304015.600746762 1053.818758251953
431591.4520766999 5304015.616721317 1053.818758251953
431591.465266706 5304015.633910867 1053.818758251953
431591.47690835217 5304015.652184592 1053.818758251953
431591.4869130384 5304015.671403415 1053.818758251953
431591.49520462286 5304015.691421071 1053.818758251953
431591.5017200017 5304015.712085213 1053.818758251953
431591.50640958897 5304015.733238573 1053.818758251953
431591.509237694 5304015.754720164 1053.818758251953
431657.9843688299 5304039.593478808 1054.5627768066408
431657.9833465037 5304039.616893927 1054.5627768066408
431657.9802873058 5304039.640130842 1054.5627768066408
431657.9752145184 5304039.663012707 1054.5627768066408
431657.96816674864 5304039.685365377 1054.5627768066408
431657.9591976341 5304039.707018735 1054.5627768066408
431657.9483754354 5304039.727807985 1054.5627768066408
431657.9357825158 5304039.74757491 1054.5627768066408
431657.9215147151 5304039.766169069 1054.5627768066408
431657.9056806198 5304039.783448952 1054.5627768066408
431657.8884007371 5304039.799283047 1054.5627768066408
431657.8698065772 5304039.813550848 1054.5627768066408
431657.8500396529 5304039.826143768 1054.5627768066408
431657.8292504025 5304039.836965966 1054.5627768066408
431657.8075970447 5304039.845935081 1054.5627768066408
431657.7852443746 5304039.852982851 1054.5627768066408
431657.7623625096 5304039.858055638 1054.5627768066408
431657.7391255944 5304039.861114836 1054.5627768066408
431657.715710476 5304039.862137162 1054.5627768066408
431657.6922953576 5304039.861114836 1054.5627768066408
431657.6690584424 5304039.858055638 1054.5627768066408
431657.6461765774 5304039.852982851 1054.5627768066408
431657.6238239073 5304039.845935081 1054.5627768066408
431657.6021705495 5304039.836965966 1054.5627768066408
431657.5813812991 5304039.826143768 1054.5627768066408
431657.5616143748 5304039.813550848 1054.5627768066408
431657.5430202149 5304039.799283047 1054.5627768066408
431657.52574033214 5304039.783448952 1054.5627768066408
431657.5099062369 5304039.766169069 1054.5627768066408
431657.4956384362 5304039.74757491 1054.5627768066408
431657.4830455166 5304039.727807985 1054.5627768066408
431657.4722233178 5304039.707018735 1054.5627768066408
431657.4632542033 5304039.685365377 1054.5627768066408
431657.45620643353 5304039.663012707 1054.5627768066408
431657.4511336462 5304039.640130842 1054.5627768066408
431657.4480744483 5304039.616893927 1054.5627768066408
431657.4470521221 5304039.593478808 1054.5627768066408
431657.4480744483 5304039.57006369 1054.5627768066408
431657.4511336462 5304039.546826774 1054.5627768066408
431657.45620643353 5304039.52394491 1054.5627768066408
431657.4632542033 5304039.501592239 1054.5627768066408
431657.4722233178 5304039.4799388815 1054.5627768066408
431657.4830455166 5304039.459149632 1054.5627768066408
431657.4956384362 5304039.439382707 1054.5627768066408
431657.5099062369 5304039.420788547 1054.5627768066408
431657.52574033214 5304039.403508664 1054.5627768066408
431657.5430202149 5304039.387674569 1054.5627768066408
431657.5616143748 5304039.373406769 1054.5627768066408
431657.5813812991 5304039.360813849 1054.5627768066408
431657.6021705495 5304039.34999165 1054.5627768066408
431657.6238239073 5304039.341022535 1054.5627768066408
431657.6461765774 5304039.333974766 1054.5627768066408
431657.6690584424 5304039.328901978 1054.5627768066408
431657.6922953576 5304039.32584278 1054.5627768066408
431657.715710476 5304039.324820454 1054.5627768066408
431657.7391255944 5304039.32584278 1054.5627768066408
431657.7623625096 5304039.328901978 1054.5627768066408
431657.7852443746 5304039.333974766 1054.5627768066408
431657.8075970447 5304039.341022535 1054.5627768066408
431657.8292504025 5304039.34999165 1054.5627768066408
431657.8500396529 5304039.360813849 1054.5627768066408
431657.8698065772 5304039.373406769 1054.5627768066408
431657.8884007371 5304039.387674569 1054.5627768066408
431657.9056806198 5304039.403508664 1054.5627768066408
431657.9215147151 5304039.420788547 1054.5627768066408
431657.9357825158 5304039.439382707 1054.5627768066408
431657.9483754354 5304039.459149632 1054.5627768066408
431657.9591976341 5304039.4799388815 1054.5627768066408
431657.96816674864 5304039.501592239 1054.5627768066408
431657.9752145184 5304039.52394491 1054.5627768066408
431657.9802873058 5304039.546826774 1054.5627768066408
431657.9833465037 5304039.57006369 1054.5627768066408
431690.4979706159 5304034.871482302 1053.0597860839846
431690.49718903983 5304034.889383337 1053.0597860839846
431690.4948502599 5304034.907148136 1053.0597860839846
431690.4909720755 5304034.924641495 1053.0597860839846
431690.4855840021 5304034.94173028 1053.0597860839846
431690.4787270461 5304034.958284437 1053.0597860839846
431690.4704533932 5304034.974177976 1053.0597860839846
431690.46082601073 5304034.989289939 1053.0597860839846
431690.44991816895 5304035.003505316 1053.0597860839846
431690.4378128832 5304035.016715917 1053.0597860839846
431690.42460228194 5304035.028821202 1053.0597860839846
431690.4103869058 5304035.039729044 1053.0597860839846
431690.3952749425 5304035.049356427 1053.0597860839846
431690.379381403 5304035.05763008 1053.0597860839846
431690.3628272469 5304035.064487035 1053.0597860839846
431690.3457384613 5304035.069875109 1053.0597860839846
431690.3282451021 5304035.073753294 1053.0597860839846
431690.3104803044 5304035.076092074 1053.0597860839846
431690.292579269 5304035.07687365 1053.0597860839846
431690.2746782336 5304035.076092074 1053.0597860839846
431690.2569134359 5304035.073753294 1053.0597860839846
431690.2394200767 5304035.069875109 1053.0597860839846
431690.2223312911 5304035.064487035 1053.0597860839846
431690.205777135 5304035.05763008 1053.0597860839846
431690.1898835955 5304035.049356427 1053.0597860839846
431690.1747716321 5304035.039729044 1053.0597860839846
431690.160556256 5304035.028821202 1053.0597860839846
431690.1473456548 5304035.016715917 1053.0597860839846
431690.135240369 5304035.003505316 1053.0597860839846
431690.1243325272 5304034.989289939 1053.0597860839846
431690.1147051448 5304034.974177976 1053.0597860839846
431690.1064314919 5304034.958284437 1053.0597860839846
431690.0995745359 5304034.94173028 1053.0597860839846
431690.09418646246 5304034.924641495 1053.0597860839846
431690.0903082781 5304034.907148136 1053.0597860839846
431690.0879694981 5304034.889383337 1053.0597860839846
431690.0871879221 5304034.871482302 1053.0597860839846
431690.0879694981 5304034.853581267 1053.0597860839846
431690.0903082781 5304034.835816469 1053.0597860839846
431690.09418646246 5304034.81832311 1053.0597860839846
431690.0995745359 5304034.801234324 1053.0597860839846
431690.1064314919 5304034.784680168 1053.0597860839846
431690.1147051448 5304034.768786629 1053.0597860839846
431690.1243325272 5304034.7536746655 1053.0597860839846
431690.135240369 5304034.739459289 1053.0597860839846
431690.1473456548 5304034.726248688 1053.0597860839846
431690.160556256 5304034.714143403 1053.0597860839846
431690.1747716321 5304034.703235561 1053.0597860839846
431690.1898835955 5304034.693608178 1053.0597860839846
431690.205777135 5304034.685334525 1053.0597860839846
431690.2223312911 5304034.6784775695 1053.0597860839846
431690.2394200767 5304034.673089496 1053.0597860839846
431690.2569134359 5304034.669211311 1053.0597860839846
431690.2746782336 5304034.666872531 1053.0597860839846
431690.292579269 5304034.666090955 1053.0597860839846
431690.3104803044 5304034.666872531 1053.0597860839846
431690.3282451021 5304034.669211311 1053.0597860839846
431690.3457384613 5304034.673089496 1053.0597860839846
431690.3628272469 5304034.6784775695 1053.0597860839846
431690.379381403 5304034.685334525 1053.0597860839846
431690.3952749425 5304034.693608178 1053.0597860839846
431690.4103869058 5304034.703235561 1053.0597860839846
431690.42460228194 5304034.714143403 1053.0597860839846
431690.4378128832 5304034.726248688 1053.0597860839846
431690.44991816895 5304034.739459289 1053.0597860839846
431690.46082601073 5304034.7536746655 1053.0597860839846
431690.4704533932 5304034.768786629 1053.0597860839846
431690.4787270461 5304034.784680168 1053.0597860839846
431690.4855840021 5304034.801234324 1053.0597860839846
431690.4909720755 5304034.81832311 1053.0597860839846
431690.4948502599 5304034.835816469 1053.0597860839846
431690.49718903983 5304034.853581267 1053.0597860839846
431675.7356447275 5303944.677542837 1049.4147665527346
431675.7347192196 5303944.6987404525 1049.4147665527346
431675.7319497397 5303944.719776741 1049.4147665527346
431675.72735736513 5303944.740491604 1049.4147665527346
431675.7209770467 5303944.760727389 1049.4147665527346
431675.7128573425 5303944.780330089 1049.4147665527346
431675.7030600483 5303944.799150515 1049.4147665527346
431675.6916597274 5303944.817045435 1049.4147665527346
431675.6787431432 5303944.833878655 1049.4147665527346
431675.6644085988 5303944.849522065 1049.4147665527346
431675.6487651885 5303944.86385661 1049.4147665527346
431675.6319319683 5303944.876773194 1049.4147665527346
431675.61403704906 5303944.888173515 1049.4147665527346
431675.595216622 5303944.897970809 1049.4147665527346
431675.57561392186 5303944.906090514 1049.4147665527346
431675.5553781371 5303944.912470832 1049.4147665527346
431675.5346632742 5303944.917063206 1049.4147665527346
431675.5136269858 5303944.919832686 1049.4147665527346
431675.4924293707 5303944.920758194 1049.4147665527346
431675.4712317556 5303944.919832686 1049.4147665527346
431675.4501954672 5303944.917063206 1049.4147665527346
431675.4294806043 5303944.912470832 1049.4147665527346
431675.40924481954 5303944.906090514 1049.4147665527346
431675.3896421194 5303944.897970809 1049.4147665527346
431675.37082169234 5303944.888173515 1049.4147665527346
431675.3529267731 5303944.876773194 1049.4147665527346
431675.3360935529 5303944.86385661 1049.4147665527346
431675.3204501426 5303944.849522065 1049.4147665527346
431675.3061155982 5303944.833878655 1049.4147665527346
431675.293199014 5303944.817045435 1049.4147665527346
431675.2817986931 5303944.799150515 1049.4147665527346
431675.2720013989 5303944.780330089 1049.4147665527346
431675.2638816947 5303944.760727389 1049.4147665527346
431675.25750137627 5303944.740491604 1049.4147665527346
431675.2529090017 5303944.719776741 1049.4147665527346
431675.2501395218 5303944.6987404525 1049.4147665527346
431675.2492140139 5303944.677542837 1049.4147665527346
431675.2501395218 5303944.656345222 1049.4147665527346
431675.2529090017 5303944.635308933 1049.4147665527346
431675.25750137627 5303944.614594071 1049.4147665527346
431675.2638816947 5303944.594358286 1049.4147665527346
431675.2720013989 5303944.574755586 1049.4147665527346
431675.2817986931 5303944.555935159 1049.4147665527346
431675.293199014 5303944.538040239 1049.4147665527346
431675.3061155982 5303944.52120702 1049.4147665527346
431675.3204501426 5303944.505563609 1049.4147665527346
431675.3360935529 5303944.491229065 1049.4147665527346
431675.3529267731 5303944.47831248 1049.4147665527346
431675.37082169234 5303944.46691216 1049.4147665527346
431675.3896421194 5303944.457114866 1049.4147665527346
431675.40924481954 5303944.448995161 1049.4147665527346
431675.4294806043 5303944.442614843 1049.4147665527346
431675.4501954672 5303944.438022468 1049.4147665527346
431675.4712317556 5303944.435252989 1049.4147665527346
431675.4924293707 5303944.43432748 1049.4147665527346
431675.5136269858 5303944.435252989 1049.4147665527346
431675.5346632742 5303944.438022468 1049.4147665527346
431675.5553781371 5303944.442614843 1049.4147665527346
431675.57561392186 5303944.448995161 1049.4147665527346
431675.595216622 5303944.457114866 1049.4147665527346
431675.61403704906 5303944.46691216 1049.4147665527346
431675.6319319683 5303944.47831248 1049.4147665527346
431675.6487651885 5303944.491229065 1049.4147665527346
431675.6644085988 5303944.505563609 1049.4147665527346
431675.6787431432 5303944.52120702 1049.4147665527346
431675.6916597274 5303944.538040239 1049.4147665527346
431675.7030600483 5303944.555935159 1049.4147665527346
431675.7128573425 5303944.574755586 1049.4147665527346
431675.7209770467 5303944.594358286 1049.4147665527346
431675.72735736513 5303944.614594071 1049.4147665527346
431675.7319497397 5303944.635308933 1049.4147665527346
431675.7347192196 5303944.656345222 1049.4147665527346
431588.2758987238 5303998.799869247 1052.2587606933596
431588.274711115 5303998.827069961 1052.2587606933596
431588.271157327 5303998.85406366 1052.2587606933596
431588.26526440633 5303998.880644907 1052.2587606933596
431588.2570772016 5303998.906611403 1052.2587606933596
431588.2466580224 5303998.931765527 1052.2587606933596
431588.234086165 5303998.95591584 1052.2587606933596
431588.2194573089 5303998.978878545 1052.2587606933596
431588.2028827884 5303999.0004788805 1052.2587606933596
431588.1844887456 5303999.020552455 1052.2587606933596
431588.1644151704 5303999.038946498 1052.2587606933596
431588.1428148347 5303999.055521019 1052.2587606933596
431588.1198521302 5303999.070149875 1052.2587606933596
431588.0957018169 5303999.082721733 1052.2587606933596
431588.0705476932 5303999.093140911 1052.2587606933596
431588.0445811973 5303999.101328117 1052.2587606933596
431588.0179999498 5303999.107221037 1052.2587606933596
431587.9910062501 5303999.110774825 1052.2587606933596
431587.9638055366 5303999.111962434 1052.2587606933596
431587.9366048231 5303999.110774825 1052.2587606933596
431587.9096111234 5303999.107221037 1052.2587606933596
431587.8830298759 5303999.101328117 1052.2587606933596
431587.85706338 5303999.093140911 1052.2587606933596
431587.8319092564 5303999.082721733 1052.2587606933596
431587.8077589431 5303999.070149875 1052.2587606933596
431587.7847962385 5303999.055521019 1052.2587606933596
431587.76319590287 5303999.038946498 1052.2587606933596
431587.7431223276 5303999.020552455 1052.2587606933596
431587.72472828487 5303999.0004788805 1052.2587606933596
431587.7081537644 5303998.978878545 1052.2587606933596
431587.6935249082 5303998.95591584 1052.2587606933596
431587.6809530509 5303998.931765527 1052.2587606933596
431587.6705338716 5303998.906611403 1052.2587606933596
431587.6623466669 5303998.880644907 1052.2587606933596
431587.6564537463 5303998.85406366 1052.2587606933596
431587.6528999583 5303998.827069961 1052.2587606933596
431587.65171234944 5303998.799869247 1052.2587606933596
431587.6528999583 5303998.772668533 1052.2587606933596
431587.6564537463 5303998.745674834 1052.2587606933596
431587.6623466669 5303998.719093586 1052.2587606933596
431587.6705338716 5303998.69312709 1052.2587606933596
431587.6809530509 5303998.667972966 1052.2587606933596
431587.6935249082 5303998.643822653 1052.2587606933596
431587.7081537644 5303998.620859949 1052.2587606933596
431587.72472828487 5303998.599259613 1052.2587606933596
431587.7431223276 5303998.579186038 1052.2587606933596
431587.76319590287 5303998.560791995 1052.2587606933596
431587.7847962385 5303998.544217475 1052.2587606933596
431587.8077589431 5303998.529588618 1052.2587606933596
431587.8319092564 5303998.517016761 1052.2587606933596
431587.85706338 5303998.506597582 1052.2587606933596
431587.8830298759 5303998.498410377 1052.2587606933596
431587.9096111234 5303998.492517456 1052.2587606933596
431587.9366048231 5303998.488963668 1052.2587606933596
431587.9638055366 5303998.48777606 1052.2587606933596
431587.9910062501 5303998.488963668 1052.2587606933596
431588.0179999498 5303998.492517456 1052.2587606933596
431588.0445811973 5303998.498410377 1052.2587606933596
431588.0705476932 5303998.506597582 1052.2587606933596
431588.0957018169 5303998.517016761 1052.2587606933596
431588.1198521302 5303998.529588618 1052.2587606933596
431588.1428148347 5303998.544217475 1052.2587606933596
431588.1644151704 5303998.560791995 1052.2587606933596
431588.1844887456 5303998.579186038 1052.2587606933596
431588.2028827884 5303998.599259613 1052.2587606933596
431588.2194573089 5303998.620859949 1052.2587606933596
431588.234086165 5303998.643822653 1052.2587606933596
431588.2466580224 5303998.667972966 1052.2587606933596
431588.2570772016 5303998.69312709 1052.2587606933596
431588.26526440633 5303998.719093586 1052.2587606933596
431588.271157327 5303998.745674834 1052.2587606933596
431588.274711115 5303998.772668533 1052.2587606933596
431655.0636860225 5304002.324893401 1050.4757406738283
431655.0631204628 5304002.337846847 1050.4757406738283
431655.06142808805 5304002.350701709 1050.4757406738283
431655.0586217783 5304002.363360154 1050.4757406738283
431655.0547228911 5304002.375725845 1050.4757406738283
431655.0497610994 5304002.3877046695 1050.4757406738283
431655.0437741655 5304002.399205463 1050.4757406738283
431655.0368076536 5304002.410140696 1050.4757406738283
431655.02891458286 5304002.420427146 1050.4757406738283
431655.0201550245 5304002.429986526 1050.4757406738283
431655.010595644 5304002.438746085 1050.4757406738283
431655.000309194 5304002.446639156 1050.4757406738283
431654.9893739607 5304002.453605668 1050.4757406738283
431654.97787316766 5304002.459592601 1050.4757406738283
431654.9658943429 5304002.464554393 1050.4757406738283
431654.9535286526 5304002.468453281 1050.4757406738283
431654.9408702071 5304002.47125959 1050.4757406738283
431654.9280153448 5304002.4729519645 1050.4757406738283
431654.9150618989 5304002.473517525 1050.4757406738283
431654.902108453 5304002.4729519645 1050.4757406738283
431654.88925359066 5304002.47125959 1050.4757406738283
431654.8765951452 5304002.468453281 1050.4757406738283
431654.8642294548 5304002.464554393 1050.4757406738283
431654.8522506301 5304002.459592601 1050.4757406738283
431654.8407498371 5304002.453605668 1050.4757406738283
431654.8298146037 5304002.446639156 1050.4757406738283
431654.81952815375 5304002.438746085 1050.4757406738283
431654.8099687733 5304002.429986526 1050.4757406738283
431654.8012092149 5304002.420427146 1050.4757406738283
431654.7933161442 5304002.410140696 1050.4757406738283
431654.78634963225 5304002.399205463 1050.4757406738283
431654.7803626984 5304002.3877046695 1050.4757406738283
431654.7754009067 5304002.375725845 1050.4757406738283
431654.7715020195 5304002.363360154 1050.4757406738283
431654.7686957097 5304002.350701709 1050.4757406738283
431654.7670033349 5304002.337846847 1050.4757406738283
431654.7664377753 5304002.324893401 1050.4757406738283
431654.7670033349 5304002.311939955 1050.4757406738283
431654.7686957097 5304002.299085093 1050.4757406738283
431654.7715020195 5304002.286426648 1050.4757406738283
431654.7754009067 5304002.274060957 1050.4757406738283
431654.7803626984 5304002.2620821325 1050.4757406738283
431654.78634963225 5304002.250581339 1050.4757406738283
431654.7933161442 5304002.239646106 1050.4757406738283
431654.8012092149 5304002.229359656 1050.4757406738283
431654.8099687733 5304002.219800276 1050.4757406738283
431654.81952815375 5304002.211040717 1050.4757406738283
431654.8298146037 5304002.203147646 1050.4757406738283
431654.8407498371 5304002.196181134 1050.4757406738283
431654.8522506301 5304002.190194201 1050.4757406738283
431654.8642294548 5304002.185232409 1050.4757406738283
431654.8765951452 5304002.181333521 1050.4757406738283
431654.88925359066 5304002.178527212 1050.4757406738283
431654.902108453 5304002.1768348375 1050.4757406738283
431654.9150618989 5304002.176269277 1050.4757406738283
431654.9280153448 5304002.1768348375 1050.4757406738283
431654.9408702071 5304002.178527212 1050.4757406738283
431654.9535286526 5304002.181333521 1050.4757406738283
431654.9658943429 5304002.185232409 1050.4757406738283
431654.97787316766 5304002.190194201 1050.4757406738283
431654.9893739607 5304002.196181134 1050.4757406738283
431655.000309194 5304002.203147646 1050.4757406738283
431655.010595644 5304002.211040717 1050.4757406738283
431655.0201550245 5304002.219800276 1050.4757406738283
431655.02891458286 5304002.229359656 1050.4757406738283
431655.0368076536 5304002.239646106 1050.4757406738283
431655.0437741655 5304002.250581339 1050.4757406738283
431655.0497610994 5304002.2620821325 1050.4757406738283
431655.0547228911 5304002.274060957 1050.4757406738283
431655.0586217783 5304002.286426648 1050.4757406738283
431655.06142808805 5304002.299085093 1050.4757406738283
431655.0631204628 5304002.311939955 1050.4757406738283
431663.5736452455 5304026.011883567 1053.8657553222658
431663.5730481213 5304026.025559962 1053.8657553222658
431663.5712612928 5304026.039132272 1053.8657553222658
431663.5682983591 5304026.052497202 1053.8657553222658
431663.5641818698 5304026.065553037 1053.8657553222658
431663.55894315394 5304026.078200417 1053.8657553222658
431663.5526220813 5304026.090343084 1053.8657553222658
431663.5452667589 5304026.101888628 1053.8657553222658
431663.5369331655 5304026.112749178 1053.8657553222658
431663.5276847245 5304026.12284208 1053.8657553222658
431663.5175918222 5304026.132090521 1053.8657553222658
431663.5067312717 5304026.140424115 1053.8657553222658
431663.4951857284 5304026.147779437 1053.8657553222658
431663.4830430607 5304026.15410051 1053.8657553222658
431663.4703956818 5304026.159339226 1053.8657553222658
431663.4573398458 5304026.163455715 1053.8657553222658
431663.44397491554 5304026.166418648 1053.8657553222658
431663.4304026062 5304026.168205477 1053.8657553222658
431663.4167262112 5304026.168802601 1053.8657553222658
431663.4030498162 5304026.168205477 1053.8657553222658
431663.38947750686 5304026.166418648 1053.8657553222658
431663.3761125766 5304026.163455715 1053.8657553222658
431663.3630567406 5304026.159339226 1053.8657553222658
431663.3504093617 5304026.15410051 1053.8657553222658
431663.3382666941 5304026.147779437 1053.8657553222658
431663.3267211507 5304026.140424115 1053.8657553222658
431663.3158606002 5304026.132090521 1053.8657553222658
431663.3057676979 5304026.12284208 1053.8657553222658
431663.29651925695 5304026.112749178 1053.8657553222658
431663.28818566346 5304026.101888628 1053.8657553222658
431663.2808303412 5304026.090343084 1053.8657553222658
431663.27450926846 5304026.078200417 1053.8657553222658
431663.2692705526 5304026.065553037 1053.8657553222658
431663.2651540633 5304026.052497202 1053.8657553222658
431663.2621911296 5304026.039132272 1053.8657553222658
431663.2604043012 5304026.025559962 1053.8657553222658
431663.2598071769 5304026.011883567 1053.8657553222658
431663.2604043012 5304025.998207172 1053.8657553222658
431663.2621911296 5304025.984634862 1053.8657553222658
431663.2651540633 5304025.971269933 1053.8657553222658
431663.2692705526 5304025.958214097 1053.8657553222658
431663.27450926846 5304025.945566718 1053.8657553222658
431663.2808303412 5304025.93342405 1053.8657553222658
431663.28818566346 5304025.921878506 1053.8657553222658
431663.29651925695 5304025.911017956 1053.8657553222658
431663.3057676979 5304025.900925054 1053.8657553222658
431663.3158606002 5304025.891676613 1053.8657553222658
431663.3267211507 5304025.88334302 1053.8657553222658
431663.3382666941 5304025.875987697 1053.8657553222658
431663.3504093617 5304025.869666624 1053.8657553222658
431663.3630567406 5304025.864427908 1053.8657553222658
431663.3761125766 5304025.860311419 1053.8657553222658
431663.38947750686 5304025.857348486 1053.8657553222658
431663.4030498162 5304025.855561657 1053.8657553222658
431663.4167262112 5304025.854964533 1053.8657553222658
431663.4304026062 5304025.855561657 1053.8657553222658
431663.44397491554 5304025.857348486 1053.8657553222658
431663.4573398458 5304025.860311419 1053.8657553222658
431663.4703956818 5304025.864427908 1053.8657553222658
431663.4830430607 5304025.869666624 1053.8657553222658
431663.4951857284 5304025.875987697 1053.8657553222658
431663.5067312717 5304025.88334302 1053.8657553222658
431663.5175918222 5304025.891676613 1053.8657553222658
431663.5276847245 5304025.900925054 1053.8657553222658
431663.5369331655 5304025.911017956 1053.8657553222658
431663.5452667589 5304025.921878506 1053.8657553222658
431663.5526220813 5304025.93342405 1053.8657553222658
431663.55894315394 5304025.945566718 1053.8657553222658
431663.5641818698 5304025.958214097 1053.8657553222658
431663.5682983591 5304025.971269933 1053.8657553222658
431663.5712612928 5304025.984634862 1053.8657553222658
431663.5730481213 5304025.998207172 1053.8657553222658
431660.00454330526 5304035.814739293 1055.0807821777346
431660.0036187098 5304035.835916012 1055.0807821777346
431660.00085196 5304035.856931563 1055.0807821777346
431659.9962641127 5304035.877626005 1055.0807821777346
431659.9898900841 5304035.89784184 1055.0807821777346
431659.9817783843 5304035.917425216 1055.0807821777346
431659.9719907484 5304035.93622709 1055.0807821777346
431659.96060166607 5304035.954104368 1055.0807821777346
431659.9476978152 5304035.970920994 1055.0807821777346
431659.93337740185 5304035.986548983 1055.0807821777346
431659.917749413 5304036.000869396 1055.0807821777346
431659.9009327872 5304036.013773247 1055.0807821777346
431659.8830555089 5304036.025162329 1055.0807821777346
431659.8642536352 5304036.034949965 1055.0807821777346
431659.8446702596 5304036.043061665 1055.0807821777346
431659.82445442345 5304036.049435694 1055.0807821777346
431659.8037599814 5304036.054023541 1055.0807821777346
431659.7827444308 5304036.05679029 1055.0807821777346
431659.7615677125 5304036.057714886 1055.0807821777346
431659.7403909943 5304036.05679029 1055.0807821777346
431659.7193754437 5304036.054023541 1055.0807821777346
431659.6986810016 5304036.049435694 1055.0807821777346
431659.6784651655 5304036.043061665 1055.0807821777346
431659.6588817899 5304036.034949965 1055.0807821777346
431659.64007991616 5304036.025162329 1055.0807821777346
431659.6222026379 5304036.013773247 1055.0807821777346
431659.60538601206 5304036.000869396 1055.0807821777346
431659.5897580232 5304035.986548983 1055.0807821777346
431659.57543760986 5304035.970920994 1055.0807821777346
431659.562533759 5304035.954104368 1055.0807821777346
431659.5511446767 5304035.93622709 1055.0807821777346
431659.5413570408 5304035.917425216 1055.0807821777346
431659.533245341 5304035.89784184 1055.0807821777346
431659.5268713124 5304035.877626005 1055.0807821777346
431659.522283465 5304035.856931563 1055.0807821777346
431659.51951671526 5304035.835916012 1055.0807821777346
431659.5185921198 5304035.814739293 1055.0807821777346
431659.51951671526 5304035.793562575 1055.0807821777346
431659.522283465 5304035.772547024 1055.0807821777346
431659.5268713124 5304035.751852582 1055.0807821777346
431659.533245341 5304035.731636747 1055.0807821777346
431659.5413570408 5304035.712053371 1055.0807821777346
431659.5511446767 5304035.693251497 1055.0807821777346
431659.562533759 5304035.675374219 1055.0807821777346
431659.57543760986 5304035.658557593 1055.0807821777346
431659.5897580232 5304035.642929604 1055.0807821777346
431659.60538601206 5304035.628609191 1055.0807821777346
431659.6222026379 5304035.61570534 1055.0807821777346
431659.64007991616 5304035.604316258 1055.0807821777346
431659.6588817899 5304035.594528622 1055.0807821777346
431659.6784651655 5304035.586416922 1055.0807821777346
431659.6986810016 5304035.580042893 1055.0807821777346
431659.7193754437 5304035.575455046 1055.0807821777346
431659.7403909943 5304035.572688296 1055.0807821777346
431659.7615677125 5304035.571763701 1055.0807821777346
431659.7827444308 5304035.572688296 1055.0807821777346
431659.8037599814 5304035.575455046 1055.0807821777346
431659.82445442345 5304035.580042893 1055.0807821777346
431659.8446702596 5304035.586416922 1055.0807821777346
431659.8642536352 5304035.594528622 1055.0807821777346
431659.8830555089 5304035.604316258 1055.0807821777346
431659.9009327872 5304035.61570534 1055.0807821777346
431659.917749413 5304035.628609191 1055.0807821777346
431659.93337740185 5304035.642929604 1055.0807821777346
431659.9476978152 5304035.658557593 1055.0807821777346
431659.96060166607 5304035.675374219 1055.0807821777346
431659.9719907484 5304035.693251497 1055.0807821777346
431659.9817783843 5304035.712053371 1055.0807821777346
431659.9898900841 5304035.731636747 1055.0807821777346
431659.9962641127 5304035.751852582 1055.0807821777346
431660.00085196 5304035.772547024 1055.0807821777346
431660.0036187098 5304035.793562575 1055.0807821777346
431591.0442322345 5304012.9780216245 1053.460787060547
431591.0434419722 5304012.996121606 1053.460787060547
431591.0410771998 5304013.014083836 1053.460787060547
431591.0371559145 5304013.0317716105 1053.460787060547
431591.03170795983 5304013.049050315 1053.460787060547
431591.0247747979 5304013.06578845 1053.460787060547
431591.0164091942 5304013.081858625 1053.460787060547
431591.0066748162 5304013.097138537 1053.460787060547
431590.9956457482 5304013.111511898 1053.460787060547
431590.9834059282 5304013.124869318 1053.460787060547
431590.9700485086 5304013.137109138 1053.460787060547
431590.9556751474 5304013.148138206 1053.460787060547
431590.94039523456 5304013.157872584 1053.460787060547
431590.92432505946 5304013.166238188 1053.460787060547
431590.9075869258 5304013.17317135 1053.460787060547
431590.890308221 5304013.178619305 1053.460787060547
431590.8726204463 5304013.18254059 1053.460787060547
431590.8546582164 5304013.184905362 1053.460787060547
431590.83655823465 5304013.185695624 1053.460787060547
431590.81845825294 5304013.184905362 1053.460787060547
431590.80049602303 5304013.18254059 1053.460787060547
431590.7828082483 5304013.178619305 1053.460787060547
431590.76552954345 5304013.17317135 1053.460787060547
431590.7487914098 5304013.166238188 1053.460787060547
431590.73272123473 5304013.157872584 1053.460787060547
431590.7174413219 5304013.148138206 1053.460787060547
431590.7030679607 5304013.137109138 1053.460787060547
431590.68971054105 5304013.124869318 1053.460787060547
431590.6774707211 5304013.111511898 1053.460787060547
431590.6664416531 5304013.097138537 1053.460787060547
431590.6567072751 5304013.081858625 1053.460787060547
431590.6483416714 5304013.06578845 1053.460787060547
431590.6414085095 5304013.049050315 1053.460787060547
431590.6359605548 5304013.0317716105 1053.460787060547
431590.6320392695 5304013.014083836 1053.460787060547
431590.62967449706 5304012.996121606 1053.460787060547
431590.6288842348 5304012.9780216245 1053.460787060547
431590.62967449706 5304012.959921643 1053.460787060547
431590.6320392695 5304012.941959413 1053.460787060547
431590.6359605548 5304012.924271639 1053.460787060547
431590.6414085095 5304012.906992934 1053.460787060547
431590.6483416714 5304012.890254799 1053.460787060547
431590.6567072751 5304012.874184624 1053.460787060547
431590.6664416531 5304012.858904712 1053.460787060547
431590.6774707211 5304012.844531351 1053.460787060547
431590.68971054105 5304012.831173931 1053.460787060547
431590.7030679607 5304012.818934111 1053.460787060547
431590.7174413219 5304012.807905043 1053.460787060547
431590.73272123473 5304012.798170665 1053.460787060547
431590.7487914098 5304012.789805061 1053.460787060547
431590.76552954345 5304012.782871899 1053.460787060547
431590.7828082483 5304012.777423944 1053.460787060547
431590.80049602303 5304012.773502659 1053.460787060547
431590.81845825294 5304012.771137887 1053.460787060547
431590.83655823465 5304012.770347625 1053.460787060547
431590.8546582164 5304012.771137887 1053.460787060547
431590.8726204463 5304012.773502659 1053.460787060547
431590.890308221 5304012.777423944 1053.460787060547
431590.9075869258 5304012.782871899 1053.460787060547
431590.92432505946 5304012.789805061 1053.460787060547
431590.94039523456 5304012.798170665 1053.460787060547
431590.9556751474 5304012.807905043 1053.460787060547
431590.9700485086 5304012.818934111 1053.460787060547
431590.9834059282 5304012.831173931 1053.460787060547
431590.9956457482 5304012.844531351 1053.460787060547
431591.0066748162 5304012.858904712 1053.460787060547
431591.0164091942 5304012.874184624 1053.460787060547
431591.0247747979 5304012.890254799 1053.460787060547
431591.03170795983 5304012.906992934 1053.460787060547
431591.0371559145 5304012.924271639 1053.460787060547
431591.0410771998 5304012.941959413 1053.460787060547
431591.0434419722 5304012.959921643 1053.460787060547
431656.6385361214 5304055.516502962 1055.137789013672
431656.63726990094 5304055.545504179 1055.137789013672
431656.6334808762 5304055.574284679 1055.137789013672
431656.6271978841 5304055.602625426 1055.137789013672
431656.61846874177 5304055.630310728 1055.137789013672
431656.6073598834 5304055.657129885 1055.137789013672
431656.59395585407 5304055.682878785 1055.137789013672
431656.57835866656 5304055.707361465 1055.137789013672
431656.5606870249 5304055.730391597 1055.137789013672
431656.5410754209 5304055.751793907 1055.137789013672
431656.51967311074 5304055.771405512 1055.137789013672
431656.4966429789 5304055.789077153 1055.137789013672
431656.47216029867 5304055.80467434 1055.137789013672
431656.446411398 5304055.81807837 1055.137789013672
431656.4195922414 5304055.829187228 1055.137789013672
431656.3919069391 5304055.8379163705 1055.137789013672
431656.3635661928 5304055.844199363 1055.137789013672
431656.3347856928 5304055.847988388 1055.137789013672
431656.30578447593 5304055.849254608 1055.137789013672
431656.2767832591 5304055.847988388 1055.137789013672
431656.2480027591 5304055.844199363 1055.137789013672
431656.2196620128 5304055.8379163705 1055.137789013672
431656.19197671046 5304055.829187228 1055.137789013672
431656.1651575539 5304055.81807837 1055.137789013672
431656.1394086532 5304055.80467434 1055.137789013672
431656.11492597294 5304055.789077153 1055.137789013672
431656.0918958411 5304055.771405512 1055.137789013672
431656.07049353095 5304055.751793907 1055.137789013672
431656.05088192696 5304055.730391597 1055.137789013672
431656.0332102853 5304055.707361465 1055.137789013672
431656.0176130978 5304055.682878785 1055.137789013672
431656.0042090685 5304055.657129885 1055.137789013672
431655.9931002101 5304055.630310728 1055.137789013672
431655.9843710678 5304055.602625426 1055.137789013672
431655.9780880757 5304055.574284679 1055.137789013672
431655.9742990509 5304055.545504179 1055.137789013672
431655.97303283046 5304055.516502962 1055.137789013672
431655.9742990509 5304055.487501746 1055.137789013672
431655.9780880757 5304055.458721246 1055.137789013672
431655.9843710678 5304055.430380499 1055.137789013672
431655.9931002101 5304055.402695197 1055.137789013672
431656.0042090685 5304055.37587604 1055.137789013672
431656.0176130978 5304055.35012714 1055.137789013672
431656.0332102853 5304055.32564446 1055.137789013672
431656.05088192696 5304055.302614328 1055.137789013672
431656.07049353095 5304055.281212018 1055.137789013672
431656.0918958411 5304055.261600413 1055.137789013672
431656.11492597294 5304055.243928772 1055.137789013672
431656.1394086532 5304055.2283315845 1055.137789013672
431656.1651575539 5304055.214927555 1055.137789013672
431656.19197671046 5304055.203818697 1055.137789013672
431656.2196620128 5304055.195089554 1055.137789013672
431656.2480027591 5304055.188806562 1055.137789013672
431656.2767832591 5304055.185017537 1055.137789013672
431656.30578447593 5304055.183751317 1055.137789013672
431656.3347856928 5304055.185017537 1055.137789013672
431656.3635661928 5304055.188806562 1055.137789013672
431656.3919069391 5304055.195089554 1055.137789013672
431656.4195922414 5304055.203818697 1055.137789013672
431656.446411398 5304055.214927555 1055.137789013672
431656.47216029867 5304055.2283315845 1055.137789013672
431656.4966429789 5304055.243928772 1055.137789013672
431656.51967311074 5304055.261600413 1055.137789013672
431656.5410754209 5304055.281212018 1055.137789013672
431656.5606870249 5304055.302614328 1055.137789013672
431656.57835866656 5304055.32564446 1055.137789013672
431656.59395585407 5304055.35012714 1055.137789013672
431656.6073598834 5304055.37587604 1055.137789013672
431656.61846874177 5304055.402695197 1055.137789013672
431656.6271978841 5304055.430380499 1055.137789013672
431656.6334808762 5304055.458721246 1055.137789013672
431656.63726990094 5304055.487501746 1055.137789013672
431686.8210428373 5303936.355782243 1049.8847982910158
431686.8201136388 5303936.377064387 1049.8847982910158
431686.8173331152 5303936.398184561 1049.8847982910158
431686.81272242777 5303936.418982028 1049.8847982910158
431686.8063166668 5303936.439298506 1049.8847982910158
431686.798164584 5303936.458979376 1049.8847982910158
431686.7883282215 5303936.477874852 1049.8847982910158
431686.77688244 5303936.49584113 1049.8847982910158
431686.76391434897 5303936.512741475 1049.8847982910158
431686.7495226432 5303936.528447266 1049.8847982910158
431686.7338168524 5303936.542838972 1049.8847982910158
431686.716916507 5303936.555807062 1049.8847982910158
431686.6989502289 5303936.567252845 1049.8847982910158
431686.6800547525 5303936.577089206 1049.8847982910158
431686.6603738834 5303936.58524129 1049.8847982910158
431686.6400574052 5303936.59164705 1049.8847982910158
431686.6192599385 5303936.596257738 1049.8847982910158
431686.59813976457 5303936.599038262 1049.8847982910158
431686.5768576206 5303936.59996746 1049.8847982910158
431686.5555754767 5303936.599038262 1049.8847982910158
431686.5344553028 5303936.596257738 1049.8847982910158
431686.513657836 5303936.59164705 1049.8847982910158
431686.4933413578 5303936.58524129 1049.8847982910158
431686.4736604888 5303936.577089206 1049.8847982910158
431686.4547650123 5303936.567252845 1049.8847982910158
431686.43679873424 5303936.555807062 1049.8847982910158
431686.4198983889 5303936.542838972 1049.8847982910158
431686.4041925981 5303936.528447266 1049.8847982910158
431686.3898008922 5303936.512741475 1049.8847982910158
431686.3768328012 5303936.49584113 1049.8847982910158
431686.36538701976 5303936.477874852 1049.8847982910158
431686.35555065726 5303936.458979376 1049.8847982910158
431686.3473985744 5303936.439298506 1049.8847982910158
431686.3409928135 5303936.418982028 1049.8847982910158
431686.3363821261 5303936.398184561 1049.8847982910158
431686.3336016024 5303936.377064387 1049.8847982910158
431686.332672404 5303936.355782243 1049.8847982910158
431686.3336016024 5303936.3345001 1049.8847982910158
431686.3363821261 5303936.313379926 1049.8847982910158
431686.3409928135 5303936.292582459 1049.8847982910158
431686.3473985744 5303936.272265981 1049.8847982910158
431686.35555065726 5303936.252585111 1049.8847982910158
431686.36538701976 5303936.233689635 1049.8847982910158
431686.3768328012 5303936.215723357 1049.8847982910158
431686.3898008922 5303936.198823012 1049.8847982910158
431686.4041925981 5303936.183117221 1049.8847982910158
431686.4198983889 5303936.168725515 1049.8847982910158
431686.43679873424 5303936.155757424 1049.8847982910158
431686.4547650123 5303936.144311642 1049.8847982910158
431686.4736604888 5303936.1344752805 1049.8847982910158
431686.4933413578 5303936.126323197 1049.8847982910158
431686.513657836 5303936.1199174365 1049.8847982910158
431686.5344553028 5303936.115306749 1049.8847982910158
431686.5555754767 5303936.112526225 1049.8847982910158
431686.5768576206 5303936.111597027 1049.8847982910158
431686.59813976457 5303936.112526225 1049.8847982910158
431686.6192599385 5303936.115306749 1049.8847982910158
431686.6400574052 5303936.1199174365 1049.8847982910158
431686.6603738834 5303936.126323197 1049.8847982910158
431686.6800547525 5303936.1344752805 1049.8847982910158
431686.6989502289 5303936.144311642 1049.8847982910158
431686.716916507 5303936.155757424 1049.8847982910158
431686.7338168524 5303936.168725515 1049.8847982910158
431686.7495226432 5303936.183117221 1049.8847982910158
431686.76391434897 5303936.198823012 1049.8847982910158
431686.77688244 5303936.215723357 1049.8847982910158
431686.7883282215 5303936.233689635 1049.8847982910158
431686.798164584 5303936.252585111 1049.8847982910158
431686.8063166668 5303936.272265981 1049.8847982910158
431686.81272242777 5303936.292582459 1049.8847982910158
431686.8173331152 5303936.313379926 1049.8847982910158
431686.8201136388 5303936.3345001 1049.8847982910158
431640.4173185848 5303953.432218288 1046.8627645996096
431640.4169764798 5303953.44005378 1046.8627645996096
431640.4159527686 5303953.447829639 1046.8627645996096
431640.4142552421 5303953.455486686 1046.8627645996096
431640.41189681954 5303953.462966647 1046.8627645996096
431640.40889545 5303953.470212594 1046.8627645996096
431640.4052739756 5303953.477169381 1046.8627645996096
431640.40105995815 5303953.483784064 1046.8627645996096
431640.3962854687 5303953.4900063 1046.8627645996096
431640.390986844 5303953.4957887335 1046.8627645996096
431640.3852044098 5303953.501087358 1046.8627645996096
431640.3789821741 5303953.505861848 1046.8627645996096
431640.3723674915 5303953.510075865 1046.8627645996096
431640.3654107041 5303953.51369734 1046.8627645996096
431640.35816475697 5303953.51669871 1046.8627645996096
431640.3506847963 5303953.519057132 1046.8627645996096
431640.3430277491 5303953.520754659 1046.8627645996096
431640.33525189006 5303953.521778369 1046.8627645996096
431640.3274163982 5303953.522120475 1046.8627645996096
431640.3195809064 5303953.521778369 1046.8627645996096
431640.3118050473 5303953.520754659 1046.8627645996096
431640.30414800014 5303953.519057132 1046.8627645996096
431640.29666803946 5303953.51669871 1046.8627645996096
431640.2894220924 5303953.51369734 1046.8627645996096
431640.28246530495 5303953.510075865 1046.8627645996096
431640.2758506224 5303953.505861848 1046.8627645996096
431640.2696283866 5303953.501087358 1046.8627645996096
431640.26384595246 5303953.4957887335 1046.8627645996096
431640.2585473278 5303953.4900063 1046.8627645996096
431640.2537728383 5303953.483784064 1046.8627645996096
431640.2495588208 5303953.477169381 1046.8627645996096
431640.2459373464 5303953.470212594 1046.8627645996096
431640.2429359769 5303953.462966647 1046.8627645996096
431640.2405775544 5303953.455486686 1046.8627645996096
431640.23888002784 5303953.447829639 1046.8627645996096
431640.2378563166 5303953.44005378 1046.8627645996096
431640.2375142116 5303953.432218288 1046.8627645996096
431640.2378563166 5303953.4243827965 1046.8627645996096
431640.23888002784 5303953.416606938 1046.8627645996096
431640.2405775544 5303953.40894989 1046.8627645996096
431640.2429359769 5303953.401469929 1046.8627645996096
431640.2459373464 5303953.394223983 1046.8627645996096
431640.2495588208 5303953.387267195 1046.8627645996096
431640.2537728383 5303953.380652512 1046.8627645996096
431640.2585473278 5303953.374430276 1046.8627645996096
431640.26384595246 5303953.368647843 1046.8627645996096
431640.2696283866 5303953.363349218 1046.8627645996096
431640.2758506224 5303953.3585747285 1046.8627645996096
431640.28246530495 5303953.354360711 1046.8627645996096
431640.2894220924 5303953.350739236 1046.8627645996096
431640.29666803946 5303953.347737866 1046.8627645996096
431640.30414800014 5303953.345379444 1046.8627645996096
431640.3118050473 5303953.3436819175 1046.8627645996096
431640.3195809064 5303953.342658207 1046.8627645996096
431640.3274163982 5303953.342316101 1046.8627645996096
431640.33525189006 5303953.342658207 1046.8627645996096
431640.3430277491 5303953.3436819175 1046.8627645996096
431640.3506847963 5303953.345379444 1046.8627645996096
431640.35816475697 5303953.347737866 1046.8627645996096
431640.3654107041 5303953.350739236 1046.8627645996096
431640.3723674915 5303953.354360711 1046.8627645996096
431640.3789821741 5303953.3585747285 1046.8627645996096
431640.3852044098 5303953.363349218 1046.8627645996096
431640.390986844 5303953.368647843 1046.8627645996096
431640.3962854687 5303953.374430276 1046.8627645996096
431640.40105995815 5303953.380652512 1046.8627645996096
431640.4052739756 5303953.387267195 1046.8627645996096
431640.40889545 5303953.394223983 1046.8627645996096
431640.41189681954 5303953.401469929 1046.8627645996096
431640.4142552421 5303953.40894989 1046.8627645996096
431640.4159527686 5303953.416606938 1046.8627645996096
431640.4169764798 5303953.4243827965 1046.8627645996096
431687.7030920735 5303955.519082109 1049.555757763672
431687.7023803877 5303955.535382396 1049.555757763672
431687.70025074633 5303955.551558627 1049.555757763672
431687.6967193576 5303955.567487692 1049.555757763672
431687.6918130973 5303955.583048362 1049.555757763672
431687.685569305 5303955.59812221 1049.555757763672
431687.6780355 5303955.612594515 1049.555757763672
431687.6692690188 5303955.626355134 1049.555757763672
431687.6593365797 5303955.639299341 1049.555757763672
431687.64831377455 5303955.651328621 1049.555757763672
431687.63628449367 5303955.662351427 1049.555757763672
431687.6233402871 5303955.6722838655 1049.555757763672
431687.6095796679 5303955.681050347 1049.555757763672
431687.59510736295 5303955.688584152 1049.555757763672
431687.5800335151 5303955.694827944 1049.555757763672
431687.5644728454 5303955.699734204 1049.555757763672
431687.54854378 5303955.703265593 1049.555757763672
431687.53236754873 5303955.705395235 1049.555757763672
431687.5160672624 5303955.706106921 1049.555757763672
431687.4997669761 5303955.705395235 1049.555757763672
431687.4835907448 5303955.703265593 1049.555757763672
431687.4676616794 5303955.699734204 1049.555757763672
431687.4521010097 5303955.694827944 1049.555757763672
431687.4370271618 5303955.688584152 1049.555757763672
431687.42255485686 5303955.681050347 1049.555757763672
431687.4087942377 5303955.6722838655 1049.555757763672
431687.3958500311 5303955.662351427 1049.555757763672
431687.3838207502 5303955.651328621 1049.555757763672
431687.3727979451 5303955.639299341 1049.555757763672
431687.362865506 5303955.626355134 1049.555757763672
431687.3540990248 5303955.612594515 1049.555757763672
431687.34656521975 5303955.59812221 1049.555757763672
431687.3403214275 5303955.583048362 1049.555757763672
431687.3354151672 5303955.567487692 1049.555757763672
431687.3318837785 5303955.551558627 1049.555757763672
431687.32975413714 5303955.535382396 1049.555757763672
431687.3290424513 5303955.519082109 1049.555757763672
431687.32975413714 5303955.502781823 1049.555757763672
431687.3318837785 5303955.486605592 1049.555757763672
431687.3354151672 5303955.470676526 1049.555757763672
431687.3403214275 5303955.455115857 1049.555757763672
431687.34656521975 5303955.440042009 1049.555757763672
431687.3540990248 5303955.425569704 1049.555757763672
431687.362865506 5303955.411809085 1049.555757763672
431687.3727979451 5303955.398864878 1049.555757763672
431687.3838207502 5303955.386835597 1049.555757763672
431687.3958500311 5303955.375812792 1049.555757763672
431687.4087942377 5303955.365880353 1049.555757763672
431687.42255485686 5303955.357113872 1049.555757763672
431687.4370271618 5303955.349580067 1049.555757763672
431687.4521010097 5303955.343336275 1049.555757763672
431687.4676616794 5303955.338430014 1049.555757763672
431687.4835907448 5303955.3348986255 1049.555757763672
431687.4997669761 5303955.332768984 1049.555757763672
431687.5160672624 5303955.332057298 1049.555757763672
431687.53236754873 5303955.332768984 1049.555757763672
431687.54854378 5303955.3348986255 1049.555757763672
431687.5644728454 5303955.338430014 1049.555757763672
431687.5800335151 5303955.343336275 1049.555757763672
431687.59510736295 5303955.349580067 1049.555757763672
431687.6095796679 5303955.357113872 1049.555757763672
431687.6233402871 5303955.365880353 1049.555757763672
431687.63628449367 5303955.375812792 1049.555757763672
431687.64831377455 5303955.386835597 1049.555757763672
431687.6593365797 5303955.398864878 1049.555757763672
431687.6692690188 5303955.411809085 1049.555757763672
431687.6780355 5303955.425569704 1049.555757763672
431687.685569305 5303955.440042009 1049.555757763672
431687.6918130973 5303955.455115857 1049.555757763672
431687.6967193576 5303955.470676526 1049.555757763672
431687.70025074633 5303955.486605592 1049.555757763672
431687.7023803877 5303955.502781823 1049.555757763672
431684.2732037341 5304015.426755953 1053.6787436035158
431684.2725211053 5304015.442390723 1053.6787436035158
431684.2704784141 5304015.457906503 1053.6787436035158
431684.26709120657 5304015.473185209 1053.6787436035158
431684.2623852615 5304015.48811056 1053.6787436035158
431684.2563963938 5304015.502568966 1053.6787436035158
431684.24917018256 5304015.516450388 1053.6787436035158
431684.24076162354 5304015.529649182 1053.6787436035158
431684.2312347109 5304015.542064896 1053.6787436035158
431684.2206619503 5304015.55360304 1053.6787436035158
431684.20912380674 5304015.5641758 1053.6787436035158
431684.19670809247 5304015.573702713 1053.6787436035158
431684.18350929866 5304015.582111272 1053.6787436035158
431684.169627876 5304015.589337483 1053.6787436035158
431684.1551694705 5304015.595326351 1053.6787436035158
431684.14024411945 5304015.600032296 1053.6787436035158
431684.1249654137 5304015.603419503 1053.6787436035158
431684.1094496335 5304015.605462194 1053.6787436035158
431684.0938148632 5304015.606144823 1053.6787436035158
431684.0781800929 5304015.605462194 1053.6787436035158
431684.0626643127 5304015.603419503 1053.6787436035158
431684.0473856069 5304015.600032296 1053.6787436035158
431684.03246025584 5304015.595326351 1053.6787436035158
431684.0180018504 5304015.589337483 1053.6787436035158
431684.0041204277 5304015.582111272 1053.6787436035158
431683.9909216339 5304015.573702713 1053.6787436035158
431683.9785059196 5304015.5641758 1053.6787436035158
431683.96696777607 5304015.55360304 1053.6787436035158
431683.9563950154 5304015.542064896 1053.6787436035158
431683.9468681028 5304015.529649182 1053.6787436035158
431683.9384595438 5304015.516450388 1053.6787436035158
431683.93123333255 5304015.502568966 1053.6787436035158
431683.9252444649 5304015.48811056 1053.6787436035158
431683.9205385198 5304015.473185209 1053.6787436035158
431683.9171513123 5304015.457906503 1053.6787436035158
431683.91510862106 5304015.442390723 1053.6787436035158
431683.9144259922 5304015.426755953 1053.6787436035158
431683.91510862106 5304015.411121182 1053.6787436035158
431683.9171513123 5304015.395605402 1053.6787436035158
431683.9205385198 5304015.380326697 1053.6787436035158
431683.9252444649 5304015.365401345 1053.6787436035158
431683.93123333255 5304015.35094294 1053.6787436035158
431683.9384595438 5304015.337061517 1053.6787436035158
431683.9468681028 5304015.323862723 1053.6787436035158
431683.9563950154 5304015.311447009 1053.6787436035158
431683.96696777607 5304015.299908865 1053.6787436035158
431683.9785059196 5304015.289336105 1053.6787436035158
431683.9909216339 5304015.279809193 1053.6787436035158
431684.0041204277 5304015.271400633 1053.6787436035158
431684.0180018504 5304015.264174422 1053.6787436035158
431684.03246025584 5304015.258185554 1053.6787436035158
431684.0473856069 5304015.253479609 1053.6787436035158
431684.0626643127 5304015.250092402 1053.6787436035158
431684.0781800929 5304015.248049711 1053.6787436035158
431684.0938148632 5304015.247367082 1053.6787436035158
431684.1094496335 5304015.248049711 1053.6787436035158
431684.1249654137 5304015.250092402 1053.6787436035158
431684.14024411945 5304015.253479609 1053.6787436035158
431684.1551694705 5304015.258185554 1053.6787436035158
431684.169627876 5304015.264174422 1053.6787436035158
431684.18350929866 5304015.271400633 1053.6787436035158
431684.19670809247 5304015.279809193 1053.6787436035158
431684.20912380674 5304015.289336105 1053.6787436035158
431684.2206619503 5304015.299908865 1053.6787436035158
431684.2312347109 5304015.311447009 1053.6787436035158
431684.24076162354 5304015.323862723 1053.6787436035158
431684.24917018256 5304015.337061517 1053.6787436035158
431684.2563963938 5304015.35094294 1053.6787436035158
431684.2623852615 5304015.365401345 1053.6787436035158
431684.26709120657 5304015.380326697 1053.6787436035158
431684.2704784141 5304015.395605402 1053.6787436035158
431684.2725211053 5304015.411121182 1053.6787436035158
431626.1749745836 5303992.927185101 1052.8327963378908
431626.1744165561 5303992.939966034 1052.8327963378908
431626.1727467203 5303992.952649696 1052.8327963378908
431626.16997778486 5303992.965139556 1052.8327963378908
431626.16613082297 5303992.97734056 1052.8327963378908
431626.1612351123 5303992.989159851 1052.8327963378908
431626.1553279122 5303993.000507478 1052.8327963378908
431626.1484541801 5303993.011297076 1052.8327963378908
431626.14066622907 5303993.021446531 1052.8327963378908
431626.1320233303 5303993.0308786 1052.8327963378908
431626.1225912613 5303993.039521499 1052.8327963378908
431626.112441806 5303993.04730945 1052.8327963378908
431626.1016522077 5303993.054183182 1052.8327963378908
431626.0903045819 5303993.060090382 1052.8327963378908
431626.0784852908 5303993.064986093 1052.8327963378908
431626.0662842864 5303993.068833055 1052.8327963378908
431626.0537944257 5303993.07160199 1052.8327963378908
431626.041110764 5303993.073271826 1052.8327963378908
431626.0283298318 5303993.073829853 1052.8327963378908
431626.01554889954 5303993.073271826 1052.8327963378908
431626.0028652379 5303993.07160199 1052.8327963378908
431625.9903753771 5303993.068833055 1052.8327963378908
431625.9781743728 5303993.064986093 1052.8327963378908
431625.9663550817 5303993.060090382 1052.8327963378908
431625.95500745584 5303993.054183182 1052.8327963378908
431625.9442178576 5303993.04730945 1052.8327963378908
431625.9340684023 5303993.039521499 1052.8327963378908
431625.9246363333 5303993.0308786 1052.8327963378908
431625.9159934345 5303993.021446531 1052.8327963378908
431625.9082054835 5303993.011297076 1052.8327963378908
431625.9013317514 5303993.000507478 1052.8327963378908
431625.8954245513 5303992.989159851 1052.8327963378908
431625.8905288406 5303992.97734056 1052.8327963378908
431625.8866818787 5303992.965139556 1052.8327963378908
431625.8839129433 5303992.952649696 1052.8327963378908
431625.8822431075 5303992.939966034 1052.8327963378908
431625.88168508 5303992.927185101 1052.8327963378908
431625.8822431075 5303992.914404169 1052.8327963378908
431625.8839129433 5303992.901720507 1052.8327963378908
431625.8866818787 5303992.889230647 1052.8327963378908
431625.8905288406 5303992.877029642 1052.8327963378908
431625.8954245513 5303992.865210352 1052.8327963378908
431625.9013317514 5303992.853862725 1052.8327963378908
431625.9082054835 5303992.843073127 1052.8327963378908
431625.9159934345 5303992.832923672 1052.8327963378908
431625.9246363333 5303992.823491603 1052.8327963378908
431625.9340684023 5303992.814848704 1052.8327963378908
431625.9442178576 5303992.807060753 1052.8327963378908
431625.95500745584 5303992.800187021 1052.8327963378908
431625.9663550817 5303992.794279821 1052.8327963378908
431625.9781743728 5303992.78938411 1052.8327963378908
431625.9903753771 5303992.785537148 1052.8327963378908
431626.0028652379 5303992.782768213 1052.8327963378908
431626.01554889954 5303992.781098377 1052.8327963378908
431626.0283298318 5303992.78054035 1052.8327963378908
431626.041110764 5303992.781098377 1052.8327963378908
431626.0537944257 5303992.782768213 1052.8327963378908
431626.0662842864 5303992.785537148 1052.8327963378908
431626.0784852908 5303992.78938411 1052.8327963378908
431626.0903045819 5303992.794279821 1052.8327963378908
431626.1016522077 5303992.800187021 1052.8327963378908
431626.112441806 5303992.807060753 1052.8327963378908
431626.1225912613 5303992.814848704 1052.8327963378908
431626.1320233303 5303992.823491603 1052.8327963378908
431626.14066622907 5303992.832923672 1052.8327963378908
431626.1484541801 5303992.843073127 1052.8327963378908
431626.1553279122 5303992.853862725 1052.8327963378908
431626.1612351123 5303992.865210352 1052.8327963378908
431626.16613082297 5303992.877029642 1052.8327963378908
431626.16997778486 5303992.889230647 1052.8327963378908
431626.1727467203 5303992.901720507 1052.8327963378908
431626.1744165561 5303992.914404169 1052.8327963378908
431679.638789053 5304016.024347877 1053.5427572753908
431679.6378729464 5304016.045330168 1053.5427572753908
431679.6351315988 5304016.06615277 1053.5427572753908
431679.6305858735 5304016.086657211 1053.5427572753908
431679.62427036616 5304016.1066874415 1053.5427572753908
431679.6162331416 5304016.126091018 1053.5427572753908
431679.6065353681 5304016.144720268 1053.5427572753908
431679.59525085136 5304016.162433411 1053.5427572753908
431679.5824654735 5304016.17909564 1053.5427572753908
431679.568276539 5304016.194580145 1053.5427572753908
431679.55279203405 5304016.208769079 1053.5427572753908
431679.53612980526 5304016.221554457 1053.5427572753908
431679.5184166621 5304016.232838974 1053.5427572753908
431679.49978741247 5304016.242536748 1053.5427572753908
431679.480383836 5304016.250573972 1053.5427572753908
431679.4603536058 5304016.256889479 1053.5427572753908
431679.43984916393 5304016.261435205 1053.5427572753908
431679.4190265616 5304016.264176552 1053.5427572753908
431679.3980442713 5304016.265092659 1053.5427572753908
431679.377061981 5304016.264176552 1053.5427572753908
431679.3562393786 5304016.261435205 1053.5427572753908
431679.3357349368 5304016.256889479 1053.5427572753908
431679.3157047065 5304016.250573972 1053.5427572753908
431679.2963011301 5304016.242536748 1053.5427572753908
431679.2776718805 5304016.232838974 1053.5427572753908
431679.2599587373 5304016.221554457 1053.5427572753908
431679.2432965085 5304016.208769079 1053.5427572753908
431679.2278120036 5304016.194580145 1053.5427572753908
431679.21362306905 5304016.17909564 1053.5427572753908
431679.2008376912 5304016.162433411 1053.5427572753908
431679.1895531745 5304016.144720268 1053.5427572753908
431679.1798554009 5304016.126091018 1053.5427572753908
431679.1718181764 5304016.1066874415 1053.5427572753908
431679.16550266906 5304016.086657211 1053.5427572753908
431679.16095694376 5304016.06615277 1053.5427572753908
431679.15821559617 5304016.045330168 1053.5427572753908
431679.1572994896 5304016.024347877 1053.5427572753908
431679.15821559617 5304016.0033655865 1053.5427572753908
431679.16095694376 5304015.982542984 1053.5427572753908
431679.16550266906 5304015.962038543 1053.5427572753908
431679.1718181764 5304015.942008313 1053.5427572753908
431679.1798554009 5304015.922604736 1053.5427572753908
431679.1895531745 5304015.903975486 1053.5427572753908
431679.2008376912 5304015.886262343 1053.5427572753908
431679.21362306905 5304015.869600114 1053.5427572753908
431679.2278120036 5304015.854115609 1053.5427572753908
431679.2432965085 5304015.839926675 1053.5427572753908
431679.2599587373 5304015.827141297 1053.5427572753908
431679.2776718805 5304015.81585678 1053.5427572753908
431679.2963011301 5304015.806159006 1053.5427572753908
431679.3157047065 5304015.798121782 1053.5427572753908
431679.3357349368 5304015.791806275 1053.5427572753908
431679.3562393786 5304015.787260549 1053.5427572753908
431679.377061981 5304015.784519202 1053.5427572753908
431679.3980442713 5304015.783603095 1053.5427572753908
431679.4190265616 5304015.784519202 1053.5427572753908
431679.43984916393 5304015.787260549 1053.5427572753908
431679.4603536058 5304015.791806275 1053.5427572753908
431679.480383836 5304015.798121782 1053.5427572753908
431679.49978741247 5304015.806159006 1053.5427572753908
431679.5184166621 5304015.81585678 1053.5427572753908
431679.53612980526 5304015.827141297 1053.5427572753908
431679.55279203405 5304015.839926675 1053.5427572753908
431679.568276539 5304015.854115609 1053.5427572753908
431679.5824654735 5304015.869600114 1053.5427572753908
431679.59525085136 5304015.886262343 1053.5427572753908
431679.6065353681 5304015.903975486 1053.5427572753908
431679.6162331416 5304015.922604736 1053.5427572753908
431679.62427036616 5304015.942008313 1053.5427572753908
431679.6305858735 5304015.962038543 1053.5427572753908
431679.6351315988 5304015.982542984 1053.5427572753908
431679.6378729464 5304016.0033655865 1053.5427572753908
431648.858384211 5303963.668029973 1047.297762158203
431648.8575675448 5303963.686734707 1047.297762158203
431648.8551237611 5303963.705297086 1047.297762158203
431648.8510714588 5303963.723575841 1047.297762158203
431648.8454414784 5303963.741431857 1047.297762158203
431648.8382766674 5303963.758729242 1047.297762158203
431648.8296315543 5303963.775336349 1047.297762158203
431648.8195719336 5303963.79112679 1047.297762158203
431648.8081743652 5303963.805980391 1047.297762158203
431648.79552559135 5303963.819784106 1047.297762158203
431648.781721877 5303963.832432879 1047.297762158203
431648.76686827664 5303963.843830448 1047.297762158203
431648.7510778352 5303963.853890068 1047.297762158203
431648.7344707274 5303963.862535181 1047.297762158203
431648.7171733434 5303963.869699992 1047.297762158203
431648.6993173268 5303963.875329973 1047.297762158203
431648.6810385725 5303963.879382275 1047.297762158203
431648.662476193 5303963.881826059 1047.297762158203
431648.6437714593 5303963.8826427255 1047.297762158203
431648.6250667256 5303963.881826059 1047.297762158203
431648.60650434607 5303963.879382275 1047.297762158203
431648.5882255918 5303963.875329973 1047.297762158203
431648.5703695752 5303963.869699992 1047.297762158203
431648.5530721912 5303963.862535181 1047.297762158203
431648.5364650834 5303963.853890068 1047.297762158203
431648.52067464194 5303963.843830448 1047.297762158203
431648.5058210416 5303963.832432879 1047.297762158203
431648.4920173272 5303963.819784106 1047.297762158203
431648.4793685534 5303963.805980391 1047.297762158203
431648.467970985 5303963.79112679 1047.297762158203
431648.4579113643 5303963.775336349 1047.297762158203
431648.4492662512 5303963.758729242 1047.297762158203
431648.44210144016 5303963.741431857 1047.297762158203
431648.43647145975 5303963.723575841 1047.297762158203
431648.4324191575 5303963.705297086 1047.297762158203
431648.42997537385 5303963.686734707 1047.297762158203
431648.4291587076 5303963.668029973 1047.297762158203
431648.42997537385 5303963.64932524 1047.297762158203
431648.4324191575 5303963.63076286 1047.297762158203
431648.43647145975 5303963.612484106 1047.297762158203
431648.44210144016 5303963.594628089 1047.297762158203
431648.4492662512 5303963.577330705 1047.297762158203
431648.4579113643 5303963.560723597 1047.297762158203
431648.467970985 5303963.544933156 1047.297762158203
431648.4793685534 5303963.530079556 1047.297762158203
431648.4920173272 5303963.516275841 1047.297762158203
431648.5058210416 5303963.503627067 1047.297762158203
431648.52067464194 5303963.492229499 1047.297762158203
431648.5364650834 5303963.482169879 1047.297762158203
431648.5530721912 5303963.473524765 1047.297762158203
431648.5703695752 5303963.466359954 1047.297762158203
431648.5882255918 5303963.460729973 1047.297762158203
431648.60650434607 5303963.456677672 1047.297762158203
431648.6250667256 5303963.454233888 1047.297762158203
431648.6437714593 5303963.453417221 1047.297762158203
431648.662476193 5303963.454233888 1047.297762158203
431648.6810385725 5303963.456677672 1047.297762158203
431648.6993173268 5303963.460729973 1047.297762158203
431648.7171733434 5303963.466359954 1047.297762158203
431648.7344707274 5303963.473524765 1047.297762158203
431648.7510778352 5303963.482169879 1047.297762158203
431648.76686827664 5303963.492229499 1047.297762158203
431648.781721877 5303963.503627067 1047.297762158203
431648.79552559135 5303963.516275841 1047.297762158203
431648.8081743652 5303963.530079556 1047.297762158203
431648.8195719336 5303963.544933156 1047.297762158203
431648.8296315543 5303963.560723597 1047.297762158203
431648.8382766674 5303963.577330705 1047.297762158203
431648.8454414784 5303963.594628089 1047.297762158203
431648.8510714588 5303963.612484106 1047.297762158203
431648.8551237611 5303963.63076286 1047.297762158203
431648.8575675448 5303963.64932524 1047.297762158203
431643.8075120517 5303968.183577309 1047.901766064453
431643.8066538145 5303968.203234174 1047.901766064453
431643.8040856344 5303968.222741438 1047.901766064453
431643.799827057 5303968.24195064 1047.901766064453
431643.7939104925 5303968.260715585 1047.901766064453
431643.7863809696 5303968.278893461 1047.901766064453
431643.7772957925 5303968.296345924 1047.901766064453
431643.7667241049 5303968.31294015 1047.901766064453
431643.7547463636 5303968.328549846 1047.901766064453
431643.74145372666 5303968.343056214 1047.901766064453
431643.7269473589 5303968.356348851 1047.901766064453
431643.71133766265 5303968.368326592 1047.901766064453
431643.69474343705 5303968.37889828 1047.901766064453
431643.6772909742 5303968.387983456 1047.901766064453
431643.6591130979 5303968.39551298 1047.901766064453
431643.6403481527 5303968.401429544 1047.901766064453
431643.6211389512 5303968.405688122 1047.901766064453
431643.6016316871 5303968.408256302 1047.901766064453
431643.58197482233 5303968.409114539 1047.901766064453
431643.5623179576 5303968.408256302 1047.901766064453
431643.54281069344 5303968.405688122 1047.901766064453
431643.523601492 5303968.401429544 1047.901766064453
431643.5048365468 5303968.39551298 1047.901766064453
431643.4866586705 5303968.387983456 1047.901766064453
431643.4692062076 5303968.37889828 1047.901766064453
431643.452611982 5303968.368326592 1047.901766064453
431643.4370022857 5303968.356348851 1047.901766064453
431643.422495918 5303968.343056214 1047.901766064453
431643.409203281 5303968.328549846 1047.901766064453
431643.3972255398 5303968.31294015 1047.901766064453
431643.3866538522 5303968.296345924 1047.901766064453
431643.37756867503 5303968.278893461 1047.901766064453
431643.37003915216 5303968.260715585 1047.901766064453
431643.36412258766 5303968.24195064 1047.901766064453
431643.35986401024 5303968.222741438 1047.901766064453
431643.35729583015 5303968.203234174 1047.901766064453
431643.35643759294 5303968.183577309 1047.901766064453
431643.35729583015 5303968.163920444 1047.901766064453
431643.35986401024 5303968.144413181 1047.901766064453
431643.36412258766 5303968.125203979 1047.901766064453
431643.37003915216 5303968.1064390335 1047.901766064453
431643.37756867503 5303968.088261157 1047.901766064453
431643.3866538522 5303968.070808695 1047.901766064453
431643.3972255398 5303968.054214469 1047.901766064453
431643.409203281 5303968.038604773 1047.901766064453
431643.422495918 5303968.024098405 1047.901766064453
431643.4370022857 5303968.010805768 1047.901766064453
431643.452611982 5303967.9988280265 1047.901766064453
431643.4692062076 5303967.988256339 1047.901766064453
431643.4866586705 5303967.9791711625 1047.901766064453
431643.5048365468 5303967.971641639 1047.901766064453
431643.523601492 5303967.9657250745 1047.901766064453
431643.54281069344 5303967.961466497 1047.901766064453
431643.5623179576 5303967.958898317 1047.901766064453
431643.58197482233 5303967.95804008 1047.901766064453
431643.6016316871 5303967.958898317 1047.901766064453
431643.6211389512 5303967.961466497 1047.901766064453
431643.6403481527 5303967.9657250745 1047.901766064453
431643.6591130979 5303967.971641639 1047.901766064453
431643.6772909742 5303967.9791711625 1047.901766064453
431643.69474343705 5303967.988256339 1047.901766064453
431643.71133766265 5303967.9988280265 1047.901766064453
431643.7269473589 5303968.010805768 1047.901766064453
431643.74145372666 5303968.024098405 1047.901766064453
431643.7547463636 5303968.038604773 1047.901766064453
431643.7667241049 5303968.054214469 1047.901766064453
431643.7772957925 5303968.070808695 1047.901766064453
431643.7863809696 5303968.088261157 1047.901766064453
431643.7939104925 5303968.1064390335 1047.901766064453
431643.799827057 5303968.125203979 1047.901766064453
431643.8040856344 5303968.144413181 1047.901766064453
431643.8066538145 5303968.163920444 1047.901766064453
431618.2809013972 5304026.468294567 1053.168794873047
431618.28068585857 5304026.473231212 1053.168794873047
431618.2800408832 5304026.478130288 1053.168794873047
431618.2789713797 5304026.482954506 1053.168794873047
431618.2774854876 5304026.487667154 1053.168794873047
431618.2755945154 5304026.492232364 1053.168794873047
431618.2733128547 5304026.496615394 1053.168794873047
431618.27065787016 5304026.500782885 1053.168794873047
431618.2676497679 5304026.504703119 1053.168794873047
431618.2643114413 5304026.508346264 1053.168794873047
431618.2606682972 5304026.51168459 1053.168794873047
431618.256748062 5304026.514692693 1053.168794873047
431618.2525805711 5304026.517347678 1053.168794873047
431618.2481975415 5304026.519629338 1053.168794873047
431618.24363233097 5304026.52152031 1053.168794873047
431618.23891968327 5304026.523006202 1053.168794873047
431618.23409546464 5304026.524075706 1053.168794873047
431618.2291963902 5304026.524720681 1053.168794873047
431618.2242597449 5304026.52493622 1053.168794873047
431618.2193230997 5304026.524720681 1053.168794873047
431618.2144240252 5304026.524075706 1053.168794873047
431618.2095998066 5304026.523006202 1053.168794873047
431618.2048871589 5304026.52152031 1053.168794873047
431618.20032194833 5304026.519629338 1053.168794873047
431618.1959389188 5304026.517347678 1053.168794873047
431618.1917714279 5304026.514692693 1053.168794873047
431618.1878511927 5304026.51168459 1053.168794873047
431618.1842080485 5304026.508346264 1053.168794873047
431618.180869722 5304026.504703119 1053.168794873047
431618.1778616197 5304026.500782885 1053.168794873047
431618.1752066352 5304026.496615394 1053.168794873047
431618.1729249744 5304026.492232364 1053.168794873047
431618.1710340023 5304026.487667154 1053.168794873047
431618.16954811016 5304026.482954506 1053.168794873047
431618.1684786066 5304026.478130288 1053.168794873047
431618.1678336313 5304026.473231212 1053.168794873047
431618.1676180927 5304026.468294567 1053.168794873047
431618.1678336313 5304026.463357923 1053.168794873047
431618.1684786066 5304026.458458847 1053.168794873047
431618.16954811016 5304026.453634629 1053.168794873047
431618.1710340023 5304026.448921981 1053.168794873047
431618.1729249744 5304026.444356771 1053.168794873047
431618.1752066352 5304026.439973741 1053.168794873047
431618.1778616197 5304026.43580625 1053.168794873047
431618.180869722 5304026.431886015 1053.168794873047
431618.1842080485 5304026.428242871 1053.168794873047
431618.1878511927 5304026.424904545 1053.168794873047
431618.1917714279 5304026.421896442 1053.168794873047
431618.1959389188 5304026.419241457 1053.168794873047
431618.20032194833 5304026.416959797 1053.168794873047
431618.2048871589 5304026.415068825 1053.168794873047
431618.2095998066 5304026.413582933 1053.168794873047
431618.2144240252 5304026.412513429 1053.168794873047
431618.2193230997 5304026.411868454 1053.168794873047
431618.2242597449 5304026.411652915 1053.168794873047
431618.2291963902 5304026.411868454 1053.168794873047
431618.23409546464 5304026.412513429 1053.168794873047
431618.23891968327 5304026.413582933 1053.168794873047
431618.24363233097 5304026.415068825 1053.168794873047
431618.2481975415 5304026.416959797 1053.168794873047
431618.2525805711 5304026.419241457 1053.168794873047
431618.256748062 5304026.421896442 1053.168794873047
431618.2606682972 5304026.424904545 1053.168794873047
431618.2643114413 5304026.428242871 1053.168794873047
431618.2676497679 5304026.431886015 1053.168794873047
431618.27065787016 5304026.43580625 1053.168794873047
431618.2733128547 5304026.439973741 1053.168794873047
431618.2755945154 5304026.444356771 1053.168794873047
431618.2774854876 5304026.448921981 1053.168794873047
431618.2789713797 5304026.453634629 1053.168794873047
431618.2800408832 5304026.458458847 1053.168794873047
431618.28068585857 5304026.463357923 1053.168794873047
431677.2043300429 5303956.647361328 1047.652742626953
431677.2041002921 5303956.652623486 1047.652742626953
431677.2034127884 5303956.657845595 1047.652742626953
431677.202272764 5303956.662987912 1047.652742626953
431677.2006888953 5303956.668011302 1047.652742626953
431677.1986732363 5303956.672877533 1047.652742626953
431677.1962411275 5303956.677549571 1047.652742626953
431677.1934110788 5303956.6819918575 1047.652742626953
431677.19020462845 5303956.686170585 1047.652742626953
431677.1866461795 5303956.690053951 1047.652742626953
431677.1827628139 5303956.6936124 1047.652742626953
431677.1785840865 5303956.69681885 1047.652742626953
431677.1741417998 5303956.699648899 1047.652742626953
431677.1694697624 5303956.702081008 1047.652742626953
431677.1646035312 5303956.704096667 1047.652742626953
431677.1595801412 5303956.705680535 1047.652742626953
431677.1544378235 5303956.70682056 1047.652742626953
431677.1492157142 5303956.707508063 1047.652742626953
431677.1439535567 5303956.707737814 1047.652742626953
431677.1386913993 5303956.707508063 1047.652742626953
431677.1334692899 5303956.70682056 1047.652742626953
431677.12832697225 5303956.705680535 1047.652742626953
431677.1233035823 5303956.704096667 1047.652742626953
431677.1184373511 5303956.702081008 1047.652742626953
431677.1137653136 5303956.699648899 1047.652742626953
431677.10932302696 5303956.69681885 1047.652742626953
431677.1051442995 5303956.6936124 1047.652742626953
431677.1012609339 5303956.690053951 1047.652742626953
431677.097702485 5303956.686170585 1047.652742626953
431677.09449603467 5303956.6819918575 1047.652742626953
431677.09166598594 5303956.677549571 1047.652742626953
431677.08923387714 5303956.672877533 1047.652742626953
431677.0872182182 5303956.668011302 1047.652742626953
431677.08563434944 5303956.662987912 1047.652742626953
431677.084494325 5303956.657845595 1047.652742626953
431677.0838068213 5303956.652623486 1047.652742626953
431677.08357707056 5303956.647361328 1047.652742626953
431677.0838068213 5303956.64209917 1047.652742626953
431677.084494325 5303956.636877061 1047.652742626953
431677.08563434944 5303956.631734744 1047.652742626953
431677.0872182182 5303956.626711354 1047.652742626953
431677.08923387714 5303956.621845122 1047.652742626953
431677.09166598594 5303956.617173085 1047.652742626953
431677.09449603467 5303956.612730798 1047.652742626953
431677.097702485 5303956.60855207 1047.652742626953
431677.1012609339 5303956.604668705 1047.652742626953
431677.1051442995 5303956.601110256 1047.652742626953
431677.10932302696 5303956.597903806 1047.652742626953
431677.1137653136 5303956.595073757 1047.652742626953
431677.1184373511 5303956.592641648 1047.652742626953
431677.1233035823 5303956.590625989 1047.652742626953
431677.12832697225 5303956.589042121 1047.652742626953
431677.1334692899 5303956.587902096 1047.652742626953
431677.1386913993 5303956.587214593 1047.652742626953
431677.1439535567 5303956.586984842 1047.652742626953
431677.1492157142 5303956.587214593 1047.652742626953
431677.1544378235 5303956.587902096 1047.652742626953
431677.1595801412 5303956.589042121 1047.652742626953
431677.1646035312 5303956.590625989 1047.652742626953
431677.1694697624 5303956.592641648 1047.652742626953
431677.1741417998 5303956.595073757 1047.652742626953
431677.1785840865 5303956.597903806 1047.652742626953
431677.1827628139 5303956.601110256 1047.652742626953
431677.1866461795 5303956.604668705 1047.652742626953
431677.19020462845 5303956.60855207 1047.652742626953
431677.1934110788 5303956.612730798 1047.652742626953
431677.1962411275 5303956.617173085 1047.652742626953
431677.1986732363 5303956.621845122 1047.652742626953
431677.2006888953 5303956.626711354 1047.652742626953
431677.202272764 5303956.631734744 1047.652742626953
431677.2034127884 5303956.636877061 1047.652742626953
431677.2041002921 5303956.64209917 1047.652742626953
431685.4925700232 5304026.812618717 1053.317781689453
431685.4914054266 5304026.839292364 1053.317781689453
431685.48792050016 5304026.865763009 1053.317781689453
431685.4821417661 5304026.891829194 1053.317781689453
431685.4741132042 5304026.917292539 1053.317781689453
431685.4638959167 5304026.941959253 1053.317781689453
431685.4515676632 5304026.965641608 1053.317781689453
431685.4372222693 5304026.988159365 1053.317781689453
431685.420968912 5304027.009341153 1053.317781689453
431685.4029312892 5304027.029025764 1053.317781689453
431685.3832466781 5304027.047063387 1053.317781689453
431685.3620648905 5304027.063316744 1053.317781689453
431685.3395471325 5304027.077662138 1053.317781689453
431685.315864778 5304027.089990391 1053.317781689453
431685.2911980638 5304027.100207679 1053.317781689453
431685.2657347187 5304027.108236241 1053.317781689453
431685.239668534 5304027.114014975 1053.317781689453
431685.2131978892 5304027.117499902 1053.317781689453
431685.18652424176 5304027.118664498 1053.317781689453
431685.1598505944 5304027.117499902 1053.317781689453
431685.1333799495 5304027.114014975 1053.317781689453
431685.1073137648 5304027.108236241 1053.317781689453
431685.0818504197 5304027.100207679 1053.317781689453
431685.0571837056 5304027.089990391 1053.317781689453
431685.033501351 5304027.077662138 1053.317781689453
431685.01098359306 5304027.063316744 1053.317781689453
431684.9898018054 5304027.047063387 1053.317781689453
431684.9701171943 5304027.029025764 1053.317781689453
431684.9520795715 5304027.009341153 1053.317781689453
431684.9358262142 5304026.988159365 1053.317781689453
431684.9214808203 5304026.965641608 1053.317781689453
431684.9091525668 5304026.941959253 1053.317781689453
431684.8989352793 5304026.917292539 1053.317781689453
431684.8909067174 5304026.891829194 1053.317781689453
431684.88512798335 5304026.865763009 1053.317781689453
431684.88164305687 5304026.839292364 1053.317781689453
431684.8804784603 5304026.812618717 1053.317781689453
431684.88164305687 5304026.785945069 1053.317781689453
431684.88512798335 5304026.759474425 1053.317781689453
431684.8909067174 5304026.73340824 1053.317781689453
431684.8989352793 5304026.707944894 1053.317781689453
431684.9091525668 5304026.683278181 1053.317781689453
431684.9214808203 5304026.659595826 1053.317781689453
431684.9358262142 5304026.637078068 1053.317781689453
431684.9520795715 5304026.61589628 1053.317781689453
431684.9701171943 5304026.596211669 1053.317781689453
431684.9898018054 5304026.578174046 1053.317781689453
431685.01098359306 5304026.561920689 1053.317781689453
431685.033501351 5304026.547575295 1053.317781689453
431685.0571837056 5304026.535247042 1053.317781689453
431685.0818504197 5304026.525029754 1053.317781689453
431685.1073137648 5304026.517001192 1053.317781689453
431685.1333799495 5304026.511222458 1053.317781689453
431685.1598505944 5304026.507737531 1053.317781689453
431685.18652424176 5304026.506572935 1053.317781689453
431685.2131978892 5304026.507737531 1053.317781689453
431685.239668534 5304026.511222458 1053.317781689453
431685.2657347187 5304026.517001192 1053.317781689453
431685.2911980638 5304026.525029754 1053.317781689453
431685.315864778 5304026.535247042 1053.317781689453
431685.3395471325 5304026.547575295 1053.317781689453
431685.3620648905 5304026.561920689 1053.317781689453
431685.3832466781 5304026.578174046 1053.317781689453
431685.4029312892 5304026.596211669 1053.317781689453
431685.420968912 5304026.61589628 1053.317781689453
431685.4372222693 5304026.637078068 1053.317781689453
431685.4515676632 5304026.659595826 1053.317781689453
431685.4638959167 5304026.683278181 1053.317781689453
431685.4741132042 5304026.707944894 1053.317781689453
431685.4821417661 5304026.73340824 1053.317781689453
431685.48792050016 5304026.759474425 1053.317781689453
431685.4914054266 5304026.785945069 1053.317781689453
431656.2178584962 5303987.076206798 1048.151766064453
431656.21699561307 5303987.095970072 1048.151766064453
431656.2144135306 5303987.115582935 1048.151766064453
431656.21013190015 5303987.134896122 1048.151766064453
431656.2041833074 5303987.153762648 1048.151766064453
431656.1966130248 5303987.172038927 1048.151766064453
431656.18747866666 5303987.1895858655 1048.151766064453
431656.1768497511 5303987.206269921 1048.151766064453
431656.1648071705 5303987.221964117 1048.151766064453
431656.15144257626 5303987.236549012 1048.151766064453
431656.1368576809 5303987.249913607 1048.151766064453
431656.1211634844 5303987.261956187 1048.151766064453
431656.1044794289 5303987.272585103 1048.151766064453
431656.08693249023 5303987.281719461 1048.151766064453
431656.06865621125 5303987.289289744 1048.151766064453
431656.0497896854 5303987.295238337 1048.151766064453
431656.0304764984 5303987.299519967 1048.151766064453
431656.0108636352 5303987.302102049 1048.151766064453
431655.9911003615 5303987.302964932 1048.151766064453
431655.9713370879 5303987.302102049 1048.151766064453
431655.9517242247 5303987.299519967 1048.151766064453
431655.9324110376 5303987.295238337 1048.151766064453
431655.9135445118 5303987.289289744 1048.151766064453
431655.8952682328 5303987.281719461 1048.151766064453
431655.8777212942 5303987.272585103 1048.151766064453
431655.8610372387 5303987.261956187 1048.151766064453
431655.8453430421 5303987.249913607 1048.151766064453
431655.8307581468 5303987.236549012 1048.151766064453
431655.8173935525 5303987.221964117 1048.151766064453
431655.80535097193 5303987.206269921 1048.151766064453
431655.7947220564 5303987.1895858655 1048.151766064453
431655.7855876983 5303987.172038927 1048.151766064453
431655.7780174156 5303987.153762648 1048.151766064453
431655.7720688229 5303987.134896122 1048.151766064453
431655.7677871924 5303987.115582935 1048.151766064453
431655.76520511 5303987.095970072 1048.151766064453
431655.7643422268 5303987.076206798 1048.151766064453
431655.76520511 5303987.056443524 1048.151766064453
431655.7677871924 5303987.036830661 1048.151766064453
431655.7720688229 5303987.017517474 1048.151766064453
431655.7780174156 5303986.998650948 1048.151766064453
431655.7855876983 5303986.980374669 1048.151766064453
431655.7947220564 5303986.96282773 1048.151766064453
431655.80535097193 5303986.946143675 1048.151766064453
431655.8173935525 5303986.930449478 1048.151766064453
431655.8307581468 5303986.915864583 1048.151766064453
431655.8453430421 5303986.902499989 1048.151766064453
431655.8610372387 5303986.8904574085 1048.151766064453
431655.8777212942 5303986.879828492 1048.151766064453
431655.8952682328 5303986.870694134 1048.151766064453
431655.9135445118 5303986.863123852 1048.151766064453
431655.9324110376 5303986.857175259 1048.151766064453
431655.9517242247 5303986.852893628 1048.151766064453
431655.9713370879 5303986.850311547 1048.151766064453
431655.9911003615 5303986.849448663 1048.151766064453
431656.0108636352 5303986.850311547 1048.151766064453
431656.0304764984 5303986.852893628 1048.151766064453
431656.0497896854 5303986.857175259 1048.151766064453
431656.06865621125 5303986.863123852 1048.151766064453
431656.08693249023 5303986.870694134 1048.151766064453
431656.1044794289 5303986.879828492 1048.151766064453
431656.1211634844 5303986.8904574085 1048.151766064453
431656.1368576809 5303986.902499989 1048.151766064453
431656.15144257626 5303986.915864583 1048.151766064453
431656.1648071705 5303986.930449478 1048.151766064453
431656.1768497511 5303986.946143675 1048.151766064453
431656.18747866666 5303986.96282773 1048.151766064453
431656.1966130248 5303986.980374669 1048.151766064453
431656.2041833074 5303986.998650948 1048.151766064453
431656.21013190015 5303987.017517474 1048.151766064453
431656.2144135306 5303987.036830661 1048.151766064453
431656.21699561307 5303987.056443524 1048.151766064453
431704.3729038896 5303966.064422712 1046.3077719238283
431704.3721749833 5303966.08111741 1046.3077719238283
431704.3699938119 5303966.097685052 1046.3077719238283
431704.3663769754 5303966.1139995465 1046.3077719238283
431704.3613520001 5303966.129936732 1046.3077719238283
431704.3549571292 5303966.145375317 1046.3077719238283
431704.3472410313 5303966.160197803 1046.3077719238283
431704.33826243074 5303966.174291383 1046.3077719238283
431704.3280896601 5303966.187548796 1046.3077719238283
431704.31680014025 5303966.199869145 1046.3077719238283
431704.3044797912 5303966.211158664 1046.3077719238283
431704.2912223784 5303966.221331435 1046.3077719238283
431704.2771287986 5303966.230310036 1046.3077719238283
431704.26230631256 5303966.238026133 1046.3077719238283
431704.2468677283 5303966.244421004 1046.3077719238283
431704.2309305428 5303966.24944598 1046.3077719238283
431704.2146160476 5303966.253062816 1046.3077719238283
431704.198048406 5303966.255243988 1046.3077719238283
431704.1813537076 5303966.255972894 1046.3077719238283
431704.16465900926 5303966.255243988 1046.3077719238283
431704.1480913676 5303966.253062816 1046.3077719238283
431704.1317768725 5303966.24944598 1046.3077719238283
431704.1158396869 5303966.244421004 1046.3077719238283
431704.1004011027 5303966.238026133 1046.3077719238283
431704.0855786167 5303966.230310036 1046.3077719238283
431704.07148503687 5303966.221331435 1046.3077719238283
431704.0582276241 5303966.211158664 1046.3077719238283
431704.045907275 5303966.199869145 1046.3077719238283
431704.0346177552 5303966.187548796 1046.3077719238283
431704.0244449845 5303966.174291383 1046.3077719238283
431704.015466384 5303966.160197803 1046.3077719238283
431704.0077502861 5303966.145375317 1046.3077719238283
431704.0013554152 5303966.129936732 1046.3077719238283
431703.9963304398 5303966.1139995465 1046.3077719238283
431703.99271360337 5303966.097685052 1046.3077719238283
431703.9905324319 5303966.08111741 1046.3077719238283
431703.9898035257 5303966.064422712 1046.3077719238283
431703.9905324319 5303966.047728013 1046.3077719238283
431703.99271360337 5303966.031160371 1046.3077719238283
431703.9963304398 5303966.014845877 1046.3077719238283
431704.0013554152 5303965.998908691 1046.3077719238283
431704.0077502861 5303965.9834701065 1046.3077719238283
431704.015466384 5303965.968647621 1046.3077719238283
431704.0244449845 5303965.954554041 1046.3077719238283
431704.0346177552 5303965.941296628 1046.3077719238283
431704.045907275 5303965.928976279 1046.3077719238283
431704.0582276241 5303965.91768676 1046.3077719238283
431704.07148503687 5303965.907513988 1046.3077719238283
431704.0855786167 5303965.898535388 1046.3077719238283
431704.1004011027 5303965.890819291 1046.3077719238283
431704.1158396869 5303965.884424419 1046.3077719238283
431704.1317768725 5303965.879399444 1046.3077719238283
431704.1480913676 5303965.875782607 1046.3077719238283
431704.16465900926 5303965.873601436 1046.3077719238283
431704.1813537076 5303965.87287253 1046.3077719238283
431704.198048406 5303965.873601436 1046.3077719238283
431704.2146160476 5303965.875782607 1046.3077719238283
431704.2309305428 5303965.879399444 1046.3077719238283
431704.2468677283 5303965.884424419 1046.3077719238283
431704.26230631256 5303965.890819291 1046.3077719238283
431704.2771287986 5303965.898535388 1046.3077719238283
431704.2912223784 5303965.907513988 1046.3077719238283
431704.3044797912 5303965.91768676 1046.3077719238283
431704.31680014025 5303965.928976279 1046.3077719238283
431704.3280896601 5303965.941296628 1046.3077719238283
431704.33826243074 5303965.954554041 1046.3077719238283
431704.3472410313 5303965.968647621 1046.3077719238283
431704.3549571292 5303965.9834701065 1046.3077719238283
431704.3613520001 5303965.998908691 1046.3077719238283
431704.3663769754 5303966.014845877 1046.3077719238283
431704.3699938119 5303966.031160371 1046.3077719238283
431704.3721749833 5303966.047728013 1046.3077719238283
431686.3446780295 5303965.132074844 1047.152742626953
431686.34415820014 5303965.143980893 1047.152742626953
431686.3426026684 5303965.1557963295 1047.152742626953
431686.3400232728 5303965.167431232 1047.152742626953
431686.336439644 5303965.178797049 1047.152742626953
431686.33187905577 5303965.189807284 1047.152742626953
431686.3263762168 5303965.200378139 1047.152742626953
431686.319973007 5303965.210429165 1047.152742626953
431686.3127181587 5303965.219883868 1047.152742626953
431686.30466688576 5303965.22867029 1047.152742626953
431686.2958804631 5303965.236721563 1047.152742626953
431686.2864257607 5303965.243976411 1047.152742626953
431686.27637473465 5303965.250379621 1047.152742626953
431686.2658038793 5303965.25588246 1047.152742626953
431686.2547936452 5303965.260443049 1047.152742626953
431686.24342782696 5303965.264026677 1047.152742626953
431686.2317929252 5303965.266606073 1047.152742626953
431686.2199774887 5303965.268161604 1047.152742626953
431686.2080714399 5303965.268681434 1047.152742626953
431686.1961653911 5303965.268161604 1047.152742626953
431686.18434995454 5303965.266606073 1047.152742626953
431686.1727150528 5303965.264026677 1047.152742626953
431686.1613492345 5303965.260443049 1047.152742626953
431686.15033900045 5303965.25588246 1047.152742626953
431686.1397681451 5303965.250379621 1047.152742626953
431686.12971711904 5303965.243976411 1047.152742626953
431686.1202624167 5303965.236721563 1047.152742626953
431686.111475994 5303965.22867029 1047.152742626953
431686.10342472105 5303965.219883868 1047.152742626953
431686.09616987273 5303965.210429165 1047.152742626953
431686.089766663 5303965.200378139 1047.152742626953
431686.084263824 5303965.189807284 1047.152742626953
431686.0797032357 5303965.178797049 1047.152742626953
431686.07611960697 5303965.167431232 1047.152742626953
431686.07354021136 5303965.1557963295 1047.152742626953
431686.0719846796 5303965.143980893 1047.152742626953
431686.0714648503 5303965.132074844 1047.152742626953
431686.0719846796 5303965.120168795 1047.152742626953
431686.07354021136 5303965.108353359 1047.152742626953
431686.07611960697 5303965.096718457 1047.152742626953
431686.0797032357 5303965.085352639 1047.152742626953
431686.084263824 5303965.0743424045 1047.152742626953
431686.089766663 5303965.06377155 1047.152742626953
431686.09616987273 5303965.053720524 1047.152742626953
431686.10342472105 5303965.044265821 1047.152742626953
431686.111475994 5303965.035479398 1047.152742626953
431686.1202624167 5303965.027428125 1047.152742626953
431686.12971711904 5303965.020173277 1047.152742626953
431686.1397681451 5303965.013770067 1047.152742626953
431686.15033900045 5303965.0082672285 1047.152742626953
431686.1613492345 5303965.00370664 1047.152742626953
431686.1727150528 5303965.000123011 1047.152742626953
431686.18434995454 5303964.997543615 1047.152742626953
431686.1961653911 5303964.995988084 1047.152742626953
431686.2080714399 5303964.995468254 1047.152742626953
431686.2199774887 5303964.995988084 1047.152742626953
431686.2317929252 5303964.997543615 1047.152742626953
431686.24342782696 5303965.000123011 1047.152742626953
431686.2547936452 5303965.00370664 1047.152742626953
431686.2658038793 5303965.0082672285 1047.152742626953
431686.27637473465 5303965.013770067 1047.152742626953
431686.2864257607 5303965.020173277 1047.152742626953
431686.2958804631 5303965.027428125 1047.152742626953
431686.30466688576 5303965.035479398 1047.152742626953
431686.3127181587 5303965.044265821 1047.152742626953
431686.319973007 5303965.053720524 1047.152742626953
431686.3263762168 5303965.06377155 1047.152742626953
431686.33187905577 5303965.0743424045 1047.152742626953
431686.336439644 5303965.085352639 1047.152742626953
431686.3400232728 5303965.096718457 1047.152742626953
431686.3426026684 5303965.108353359 1047.152742626953
431686.34415820014 5303965.120168795 1047.152742626953
431632.4566084353 5304005.843609842 1053.220796826172
431632.4553415879 5304005.872625419 1053.220796826172
431632.451550687 5304005.9014201695 1053.220796826172
431632.4452645837 5304005.929774948 1053.220796826172
431632.4365311192 5304005.95747396 1053.220796826172
431632.42541676015 5304005.984306396 1053.220796826172
431632.4120060938 5304006.010068047 1053.220796826172
431632.3964011832 5304006.034562849 1053.220796826172
431632.37872079125 5304006.057604385 1053.220796826172
431632.3590994764 5304006.079017293 1053.220796826172
431632.3376865688 5304006.098638607 1053.220796826172
431632.3146450335 5304006.116318999 1053.220796826172
431632.2901502304 5304006.13192391 1053.220796826172
431632.2643885799 5304006.145334576 1053.220796826172
431632.23755614366 5304006.156448935 1053.220796826172
431632.2098571328 5304006.1651824 1053.220796826172
431632.1815023533 5304006.171468503 1053.220796826172
431632.1527076024 5304006.175259404 1053.220796826172
431632.12369202543 5304006.176526251 1053.220796826172
431632.0946764485 5304006.175259404 1053.220796826172
431632.0658816975 5304006.171468503 1053.220796826172
431632.0375269181 5304006.1651824 1053.220796826172
431632.0098279072 5304006.156448935 1053.220796826172
431631.982995471 5304006.145334576 1053.220796826172
431631.95723382046 5304006.13192391 1053.220796826172
431631.9327390174 5304006.116318999 1053.220796826172
431631.9096974821 5304006.098638607 1053.220796826172
431631.8882845744 5304006.079017293 1053.220796826172
431631.8686632596 5304006.057604385 1053.220796826172
431631.8509828677 5304006.034562849 1053.220796826172
431631.8353779571 5304006.010068047 1053.220796826172
431631.8219672907 5304005.984306396 1053.220796826172
431631.8108529317 5304005.95747396 1053.220796826172
431631.8021194671 5304005.929774948 1053.220796826172
431631.79583336384 5304005.9014201695 1053.220796826172
431631.79204246297 5304005.872625419 1053.220796826172
431631.7907756156 5304005.843609842 1053.220796826172
431631.79204246297 5304005.814594264 1053.220796826172
431631.79583336384 5304005.785799514 1053.220796826172
431631.8021194671 5304005.757444735 1053.220796826172
431631.8108529317 5304005.729745723 1053.220796826172
431631.8219672907 5304005.702913287 1053.220796826172
431631.8353779571 5304005.677151636 1053.220796826172
431631.8509828677 5304005.652656834 1053.220796826172
431631.8686632596 5304005.6296152985 1053.220796826172
431631.8882845744 5304005.60820239 1053.220796826172
431631.9096974821 5304005.588581076 1053.220796826172
431631.9327390174 5304005.570900684 1053.220796826172
431631.95723382046 5304005.555295773 1053.220796826172
431631.982995471 5304005.541885107 1053.220796826172
431632.0098279072 5304005.530770748 1053.220796826172
431632.0375269181 5304005.522037284 1053.220796826172
431632.0658816975 5304005.51575118 1053.220796826172
431632.0946764485 5304005.511960279 1053.220796826172
431632.12369202543 5304005.510693432 1053.220796826172
431632.1527076024 5304005.511960279 1053.220796826172
431632.1815023533 5304005.51575118 1053.220796826172
431632.2098571328 5304005.522037284 1053.220796826172
431632.23755614366 5304005.530770748 1053.220796826172
431632.2643885799 5304005.541885107 1053.220796826172
431632.2901502304 5304005.555295773 1053.220796826172
431632.3146450335 5304005.570900684 1053.220796826172
431632.3376865688 5304005.588581076 1053.220796826172
431632.3590994764 5304005.60820239 1053.220796826172
431632.37872079125 5304005.6296152985 1053.220796826172
431632.3964011832 5304005.652656834 1053.220796826172
431632.4120060938 5304005.677151636 1053.220796826172
431632.42541676015 5304005.702913287 1053.220796826172
431632.4365311192 5304005.729745723 1053.220796826172
431632.4452645837 5304005.757444735 1053.220796826172
431632.451550687 5304005.785799514 1053.220796826172
431632.4553415879 5304005.814594264 1053.220796826172
431692.3237032883 5304008.742806492 1053.0217611816408
431692.32292346767 5304008.760667321 1053.0217611816408
431692.3205899407 5304008.778392218 1053.0217611816408
431692.316720467 5304008.795846286 1053.0217611816408
431692.3113444955 5304008.812896689 1053.0217611816408
431692.3045029406 5304008.829413664 1053.0217611816408
431692.2962478708 5304008.845271505 1053.0217611816408
431692.286642112 5304008.860349527 1053.0217611816408
431692.2757587698 5304008.874532974 1053.0217611816408
431692.26368067326 5304008.887713904 1053.0217611816408
431692.2504997437 5304008.899792001 1053.0217611816408
431692.23631629616 5304008.910675342 1053.0217611816408
431692.2212382751 5304008.920281101 1053.0217611816408
431692.2053804334 5304008.928536171 1053.0217611816408
431692.1888634589 5304008.935377726 1053.0217611816408
431692.1718130557 5304008.940753697 1053.0217611816408
431692.1543589875 5304008.944623171 1053.0217611816408
431692.13663409057 5304008.946956698 1053.0217611816408
431692.1187732619 5304008.947736518 1053.0217611816408
431692.1009124332 5304008.946956698 1053.0217611816408
431692.0831875363 5304008.944623171 1053.0217611816408
431692.06573346816 5304008.940753697 1053.0217611816408
431692.0486830649 5304008.935377726 1053.0217611816408
431692.0321660904 5304008.928536171 1053.0217611816408
431692.0163082487 5304008.920281101 1053.0217611816408
431692.0012302277 5304008.910675342 1053.0217611816408
431691.98704678006 5304008.899792001 1053.0217611816408
431691.97386585054 5304008.887713904 1053.0217611816408
431691.961787754 5304008.874532974 1053.0217611816408
431691.9509044119 5304008.860349527 1053.0217611816408
431691.941298653 5304008.845271505 1053.0217611816408
431691.9330435832 5304008.829413664 1053.0217611816408
431691.9262020283 5304008.812896689 1053.0217611816408
431691.9208260568 5304008.795846286 1053.0217611816408
431691.9169565831 5304008.778392218 1053.0217611816408
431691.9146230561 5304008.760667321 1053.0217611816408
431691.9138432355 5304008.742806492 1053.0217611816408
431691.9146230561 5304008.724945664 1053.0217611816408
431691.9169565831 5304008.707220767 1053.0217611816408
431691.9208260568 5304008.6897666985 1053.0217611816408
431691.9262020283 5304008.672716295 1053.0217611816408
431691.9330435832 5304008.656199321 1053.0217611816408
431691.941298653 5304008.640341479 1053.0217611816408
431691.9509044119 5304008.625263458 1053.0217611816408
431691.961787754 5304008.61108001 1053.0217611816408
431691.97386585054 5304008.597899081 1053.0217611816408
431691.98704678006 5304008.585820984 1053.0217611816408
431692.0012302277 5304008.574937643 1053.0217611816408
431692.0163082487 5304008.565331884 1053.0217611816408
431692.0321660904 5304008.557076814 1053.0217611816408
431692.0486830649 5304008.550235258 1053.0217611816408
431692.06573346816 5304008.544859287 1053.0217611816408
431692.0831875363 5304008.540989813 1053.0217611816408
431692.1009124332 5304008.538656287 1053.0217611816408
431692.1187732619 5304008.537876466 1053.0217611816408
431692.13663409057 5304008.538656287 1053.0217611816408
431692.1543589875 5304008.540989813 1053.0217611816408
431692.1718130557 5304008.544859287 1053.0217611816408
431692.1888634589 5304008.550235258 1053.0217611816408
431692.2053804334 5304008.557076814 1053.0217611816408
431692.2212382751 5304008.565331884 1053.0217611816408
431692.23631629616 5304008.574937643 1053.0217611816408
431692.2504997437 5304008.585820984 1053.0217611816408
431692.26368067326 5304008.597899081 1053.0217611816408
431692.2757587698 5304008.61108001 1053.0217611816408
431692.286642112 5304008.625263458 1053.0217611816408
431692.2962478708 5304008.640341479 1053.0217611816408
431692.3045029406 5304008.656199321 1053.0217611816408
431692.3113444955 5304008.672716295 1053.0217611816408
431692.316720467 5304008.6897666985 1053.0217611816408
431692.3205899407 5304008.707220767 1053.0217611816408
431692.32292346767 5304008.724945664 1053.0217611816408
431716.98979841947 5303942.19946877 1051.1427938964846
431716.9894632184 5303942.207146138 1051.1427938964846
431716.98846016615 5303942.214765076 1051.1427938964846
431716.9867968966 5303942.2222676 1051.1427938964846
431716.98448606825 5303942.229596611 1051.1427938964846
431716.9815452679 5303942.236696331 1051.1427938964846
431716.9779968768 5303942.243512727 1051.1427938964846
431716.9738679004 5303942.249993921 1051.1427938964846
431716.96918976255 5303942.25609059 1051.1427938964846
431716.9639980669 5303942.261756331 1051.1427938964846
431716.9583323253 5303942.266948027 1051.1427938964846
431716.9522356574 5303942.271626164 1051.1427938964846
431716.9457544626 5303942.275755141 1051.1427938964846
431716.9389380667 5303942.279303532 1051.1427938964846
431716.93183834665 5303942.282244332 1051.1427938964846
431716.9245093355 5303942.28455516 1051.1427938964846
431716.9170068115 5303942.286218431 1051.1427938964846
431716.9093878733 5303942.287221483 1051.1427938964846
431716.9017105058 5303942.287556684 1051.1427938964846
431716.89403313823 5303942.287221483 1051.1427938964846
431716.88641420007 5303942.286218431 1051.1427938964846
431716.87891167606 5303942.28455516 1051.1427938964846
431716.8715826649 5303942.282244332 1051.1427938964846
431716.8644829448 5303942.279303532 1051.1427938964846
431716.8576665489 5303942.275755141 1051.1427938964846
431716.8511853542 5303942.271626164 1051.1427938964846
431716.8450886863 5303942.266948027 1051.1427938964846
431716.83942294464 5303942.261756331 1051.1427938964846
431716.834231249 5303942.25609059 1051.1427938964846
431716.8295531112 5303942.249993921 1051.1427938964846
431716.82542413473 5303942.243512727 1051.1427938964846
431716.8218757436 5303942.236696331 1051.1427938964846
431716.8189349433 5303942.229596611 1051.1427938964846
431716.8166241149 5303942.2222676 1051.1427938964846
431716.8149608454 5303942.214765076 1051.1427938964846
431716.8139577932 5303942.207146138 1051.1427938964846
431716.8136225921 5303942.19946877 1051.1427938964846
431716.8139577932 5303942.191791402 1051.1427938964846
431716.8149608454 5303942.184172465 1051.1427938964846
431716.8166241149 5303942.17666994 1051.1427938964846
431716.8189349433 5303942.169340929 1051.1427938964846
431716.8218757436 5303942.162241209 1051.1427938964846
431716.82542413473 5303942.155424813 1051.1427938964846
431716.8295531112 5303942.148943619 1051.1427938964846
431716.834231249 5303942.14284695 1051.1427938964846
431716.83942294464 5303942.137181209 1051.1427938964846
431716.8450886863 5303942.1319895135 1051.1427938964846
431716.8511853542 5303942.127311376 1051.1427938964846
431716.8576665489 5303942.123182399 1051.1427938964846
431716.8644829448 5303942.119634008 1051.1427938964846
431716.8715826649 5303942.116693208 1051.1427938964846
431716.87891167606 5303942.11438238 1051.1427938964846
431716.88641420007 5303942.112719109 1051.1427938964846
431716.89403313823 5303942.111716057 1051.1427938964846
431716.9017105058 5303942.1113808565 1051.1427938964846
431716.9093878733 5303942.111716057 1051.1427938964846
431716.9170068115 5303942.112719109 1051.1427938964846
431716.9245093355 5303942.11438238 1051.1427938964846
431716.93183834665 5303942.116693208 1051.1427938964846
431716.9389380667 5303942.119634008 1051.1427938964846
431716.9457544626 5303942.123182399 1051.1427938964846
431716.9522356574 5303942.127311376 1051.1427938964846
431716.9583323253 5303942.1319895135 1051.1427938964846
431716.9639980669 5303942.137181209 1051.1427938964846
431716.96918976255 5303942.14284695 1051.1427938964846
431716.9738679004 5303942.148943619 1051.1427938964846
431716.9779968768 5303942.155424813 1051.1427938964846
431716.9815452679 5303942.162241209 1051.1427938964846
431716.98448606825 5303942.169340929 1051.1427938964846
431716.9867968966 5303942.17666994 1051.1427938964846
431716.98846016615 5303942.184172465 1051.1427938964846
431716.9894632184 5303942.191791402 1051.1427938964846
431594.0714848153 5304031.734123028 1055.9357626464846
431594.0708151065 5304031.74946188 1055.9357626464846
431594.0688110772 5304031.7646839935 1055.9357626464846
431594.0654879791 5304031.7796735205 1055.9357626464846
431594.0608711032 5304031.79431638 1055.9357626464846
431594.0549955864 5304031.808501133 1055.9357626464846
431594.0479061452 5304031.822119823 1055.9357626464846
431594.0396567344 5304031.835068803 1055.9357626464846
431594.0303101371 5304031.847249527 1055.9357626464846
431594.0199374865 5304031.858569289 1055.9357626464846
431594.0086177246 5304031.8689419385 1055.9357626464846
431593.99643700174 5304031.878288536 1055.9357626464846
431593.9834880207 5304031.886537947 1055.9357626464846
431593.9698693308 5304031.893627388 1055.9357626464846
431593.9556845786 5304031.899502905 1055.9357626464846
431593.9410417188 5304031.904119781 1055.9357626464846
431593.9260521921 5304031.907442879 1055.9357626464846
431593.91083007806 5304031.909446908 1055.9357626464846
431593.89549122605 5304031.910116617 1055.9357626464846
431593.8801523741 5304031.909446908 1055.9357626464846
431593.86493026 5304031.907442879 1055.9357626464846
431593.8499407333 5304031.904119781 1055.9357626464846
431593.8352978735 5304031.899502905 1055.9357626464846
431593.8211131213 5304031.893627388 1055.9357626464846
431593.8074944314 5304031.886537947 1055.9357626464846
431593.7945454504 5304031.878288536 1055.9357626464846
431593.7823647275 5304031.8689419385 1055.9357626464846
431593.77104496566 5304031.858569289 1055.9357626464846
431593.760672315 5304031.847249527 1055.9357626464846
431593.75132571766 5304031.835068803 1055.9357626464846
431593.7430763069 5304031.822119823 1055.9357626464846
431593.7359868657 5304031.808501133 1055.9357626464846
431593.73011134897 5304031.79431638 1055.9357626464846
431593.725494473 5304031.7796735205 1055.9357626464846
431593.72217137495 5304031.7646839935 1055.9357626464846
431593.7201673456 5304031.74946188 1055.9357626464846
431593.7194976368 5304031.734123028 1055.9357626464846
431593.7201673456 5304031.718784176 1055.9357626464846
431593.72217137495 5304031.703562062 1055.9357626464846
431593.725494473 5304031.688572535 1055.9357626464846
431593.73011134897 5304031.673929676 1055.9357626464846
431593.7359868657 5304031.659744923 1055.9357626464846
431593.7430763069 5304031.646126233 1055.9357626464846
431593.75132571766 5304031.6331772525 1055.9357626464846
431593.760672315 5304031.620996529 1055.9357626464846
431593.77104496566 5304031.609676767 1055.9357626464846
431593.7823647275 5304031.599304117 1055.9357626464846
431593.7945454504 5304031.589957519 1055.9357626464846
431593.8074944314 5304031.581708109 1055.9357626464846
431593.8211131213 5304031.574618667 1055.9357626464846
431593.8352978735 5304031.568743151 1055.9357626464846
431593.8499407333 5304031.564126275 1055.9357626464846
431593.86493026 5304031.560803177 1055.9357626464846
431593.8801523741 5304031.558799148 1055.9357626464846
431593.89549122605 5304031.558129439 1055.9357626464846
431593.91083007806 5304031.558799148 1055.9357626464846
431593.9260521921 5304031.560803177 1055.9357626464846
431593.9410417188 5304031.564126275 1055.9357626464846
431593.9556845786 5304031.568743151 1055.9357626464846
431593.9698693308 5304031.574618667 1055.9357626464846
431593.9834880207 5304031.581708109 1055.9357626464846
431593.99643700174 5304031.589957519 1055.9357626464846
431594.0086177246 5304031.599304117 1055.9357626464846
431594.0199374865 5304031.609676767 1055.9357626464846
431594.0303101371 5304031.620996529 1055.9357626464846
431594.0396567344 5304031.6331772525 1055.9357626464846
431594.0479061452 5304031.646126233 1055.9357626464846
431594.0549955864 5304031.659744923 1055.9357626464846
431594.0608711032 5304031.673929676 1055.9357626464846
431594.0654879791 5304031.688572535 1055.9357626464846
431594.0688110772 5304031.703562062 1055.9357626464846
431594.0708151065 5304031.718784176 1055.9357626464846
431706.245770406 5304010.006915594 1052.5587484863283
431706.2449142759 5304010.026524198 1052.5587484863283
431706.2423524012 5304010.045983569 1052.5587484863283
431706.2381042793 5304010.065145608 1052.5587484863283
431706.232202241 5304010.083864482 1052.5587484863283
431706.2246912045 5304010.101997728 1052.5587484863283
431706.2156283331 5304010.119407342 1052.5587484863283
431706.2050826008 5304010.135960826 1052.5587484863283
431706.1931342671 5304010.151532197 1052.5587484863283
431706.1798742659 5304010.16600295 1052.5587484863283
431706.1654035139 5304010.179262951 1052.5587484863283
431706.1498321422 5304010.191211284 1052.5587484863283
431706.1332786584 5304010.201757017 1052.5587484863283
431706.1158690445 5304010.210819888 1052.5587484863283
431706.0977357981 5304010.218330924 1052.5587484863283
431706.0790169242 5304010.224232963 1052.5587484863283
431706.0598548848 5304010.228481085 1052.5587484863283
431706.0403955144 5304010.23104296 1052.5587484863283
431706.0207869108 5304010.23189909 1052.5587484863283
431706.0011783072 5304010.23104296 1052.5587484863283
431705.9817189368 5304010.228481085 1052.5587484863283
431705.9625568974 5304010.224232963 1052.5587484863283
431705.9438380235 5304010.218330924 1052.5587484863283
431705.9257047771 5304010.210819888 1052.5587484863283
431705.9082951632 5304010.201757017 1052.5587484863283
431705.89174167934 5304010.191211284 1052.5587484863283
431705.8761703077 5304010.179262951 1052.5587484863283
431705.86169955565 5304010.16600295 1052.5587484863283
431705.84843955445 5304010.151532197 1052.5587484863283
431705.8364912208 5304010.135960826 1052.5587484863283
431705.82594548847 5304010.119407342 1052.5587484863283
431705.81688261713 5304010.101997728 1052.5587484863283
431705.8093715805 5304010.083864482 1052.5587484863283
431705.80346954224 5304010.065145608 1052.5587484863283
431705.7992214204 5304010.045983569 1052.5587484863283
431705.7966595457 5304010.026524198 1052.5587484863283
431705.7958034156 5304010.006915594 1052.5587484863283
431705.7966595457 5304009.987306991 1052.5587484863283
431705.7992214204 5304009.96784762 1052.5587484863283
431705.80346954224 5304009.948685581 1052.5587484863283
431705.8093715805 5304009.929966707 1052.5587484863283
431705.81688261713 5304009.91183346 1052.5587484863283
431705.82594548847 5304009.894423847 1052.5587484863283
431705.8364912208 5304009.877870363 1052.5587484863283
431705.84843955445 5304009.862298992 1052.5587484863283
431705.86169955565 5304009.847828239 1052.5587484863283
431705.8761703077 5304009.834568238 1052.5587484863283
431705.89174167934 5304009.822619905 1052.5587484863283
431705.9082951632 5304009.812074172 1052.5587484863283
431705.9257047771 5304009.803011301 1052.5587484863283
431705.9438380235 5304009.7955002645 1052.5587484863283
431705.9625568974 5304009.789598226 1052.5587484863283
431705.9817189368 5304009.785350104 1052.5587484863283
431706.0011783072 5304009.782788229 1052.5587484863283
431706.0207869108 5304009.781932099 1052.5587484863283
431706.0403955144 5304009.782788229 1052.5587484863283
431706.0598548848 5304009.785350104 1052.5587484863283
431706.0790169242 5304009.789598226 1052.5587484863283
431706.0977357981 5304009.7955002645 1052.5587484863283
431706.1158690445 5304009.803011301 1052.5587484863283
431706.1332786584 5304009.812074172 1052.5587484863283
431706.1498321422 5304009.822619905 1052.5587484863283
431706.1654035139 5304009.834568238 1052.5587484863283
431706.1798742659 5304009.847828239 1052.5587484863283
431706.1931342671 5304009.862298992 1052.5587484863283
431706.2050826008 5304009.877870363 1052.5587484863283
431706.2156283331 5304009.894423847 1052.5587484863283
431706.2246912045 5304009.91183346 1052.5587484863283
431706.232202241 5304009.929966707 1052.5587484863283
431706.2381042793 5304009.948685581 1052.5587484863283
431706.2423524012 5304009.96784762 1052.5587484863283
431706.2449142759 5304009.987306991 1052.5587484863283
431655.3375306559 5304005.879773673 1050.6207602050783
431655.3368083046 5304005.896318238 1050.6207602050783
431655.3346467481 5304005.91273689 1050.6207602050783
431655.3310624372 5304005.928904671 1050.6207602050783
431655.3260826507 5304005.944698537 1050.6207602050783
431655.31974528776 5304005.9599982845 1050.6207602050783
431655.31209857954 5304005.974687474 1050.6207602050783
431655.3032007221 5304005.988654313 1050.6207602050783
431655.2931194335 5304006.001792504 1050.6207602050783
431655.2819314384 5304006.014002058 1050.6207602050783
431655.2697218843 5304006.025190053 1050.6207602050783
431655.2565836932 5304006.035271341 1050.6207602050783
431655.2426168547 5304006.044169199 1050.6207602050783
431655.2279276649 5304006.051815907 1050.6207602050783
431655.2126279173 5304006.05815327 1050.6207602050783
431655.1968340523 5304006.063133056 1050.6207602050783
431655.1806662707 5304006.066717368 1050.6207602050783
431655.1642476192 5304006.068878924 1050.6207602050783
431655.1477030535 5304006.069601275 1050.6207602050783
431655.1311584878 5304006.068878924 1050.6207602050783
431655.11473983625 5304006.066717368 1050.6207602050783
431655.0985720547 5304006.063133056 1050.6207602050783
431655.0827781897 5304006.05815327 1050.6207602050783
431655.0674784421 5304006.051815907 1050.6207602050783
431655.05278925225 5304006.044169199 1050.6207602050783
431655.0388224138 5304006.035271341 1050.6207602050783
431655.0256842227 5304006.025190053 1050.6207602050783
431655.01347466855 5304006.014002058 1050.6207602050783
431655.0022866735 5304006.001792504 1050.6207602050783
431654.9922053849 5304005.988654313 1050.6207602050783
431654.9833075274 5304005.974687474 1050.6207602050783
431654.9756608192 5304005.9599982845 1050.6207602050783
431654.9693234563 5304005.944698537 1050.6207602050783
431654.96434366977 5304005.928904671 1050.6207602050783
431654.9607593589 5304005.91273689 1050.6207602050783
431654.9585978024 5304005.896318238 1050.6207602050783
431654.9578754511 5304005.879773673 1050.6207602050783
431654.9585978024 5304005.863229107 1050.6207602050783
431654.9607593589 5304005.846810455 1050.6207602050783
431654.96434366977 5304005.830642674 1050.6207602050783
431654.9693234563 5304005.814848809 1050.6207602050783
431654.9756608192 5304005.799549061 1050.6207602050783
431654.9833075274 5304005.784859872 1050.6207602050783
431654.9922053849 5304005.770893033 1050.6207602050783
431655.0022866735 5304005.757754842 1050.6207602050783
431655.01347466855 5304005.745545288 1050.6207602050783
431655.0256842227 5304005.734357293 1050.6207602050783
431655.0388224138 5304005.724276004 1050.6207602050783
431655.05278925225 5304005.715378147 1050.6207602050783
431655.0674784421 5304005.707731439 1050.6207602050783
431655.0827781897 5304005.701394076 1050.6207602050783
431655.0985720547 5304005.696414289 1050.6207602050783
431655.11473983625 5304005.692829978 1050.6207602050783
431655.1311584878 5304005.690668422 1050.6207602050783
431655.1477030535 5304005.68994607 1050.6207602050783
431655.1642476192 5304005.690668422 1050.6207602050783
431655.1806662707 5304005.692829978 1050.6207602050783
431655.1968340523 5304005.696414289 1050.6207602050783
431655.2126279173 5304005.701394076 1050.6207602050783
431655.2279276649 5304005.707731439 1050.6207602050783
431655.2426168547 5304005.715378147 1050.6207602050783
431655.2565836932 5304005.724276004 1050.6207602050783
431655.2697218843 5304005.734357293 1050.6207602050783
431655.2819314384 5304005.745545288 1050.6207602050783
431655.2931194335 5304005.757754842 1050.6207602050783
431655.3032007221 5304005.770893033 1050.6207602050783
431655.31209857954 5304005.784859872 1050.6207602050783
431655.31974528776 5304005.799549061 1050.6207602050783
431655.3260826507 5304005.814848809 1050.6207602050783
431655.3310624372 5304005.830642674 1050.6207602050783
431655.3346467481 5304005.846810455 1050.6207602050783
431655.3368083046 5304005.863229107 1050.6207602050783
431628.74598679785 5304001.851064118 1053.2787802246096
431628.74528281705 5304001.86718793 1053.2787802246096
431628.7431762322 5304001.88318903 1053.2787802246096
431628.7396830758 5304001.898945641 1053.2787802246096
431628.73482993286 5304001.914337844 1053.2787802246096
431628.7286537387 5304001.929248495 1053.2787802246096
431628.7212014978 5304001.943564117 1053.2787802246096
431628.7125299264 5304001.957175757 1053.2787802246096
431628.7027050203 5304001.9699798245 1053.2787802246096
431628.691801553 5304001.981878871 1053.2787802246096
431628.6799025064 5304001.992782338 1053.2787802246096
431628.66709843953 5304002.002607244 1053.2787802246096
431628.6534867989 5304002.011278816 1053.2787802246096
431628.6391711775 5304002.018731057 1053.2787802246096
431628.6242605258 5304002.024907251 1053.2787802246096
431628.6088683228 5304002.029760393 1053.2787802246096
431628.5931117125 5304002.03325355 1053.2787802246096
431628.5771106122 5304002.035360134 1053.2787802246096
431628.5609868 5304002.036064115 1053.2787802246096
431628.54486298776 5304002.035360134 1053.2787802246096
431628.5288618875 5304002.03325355 1053.2787802246096
431628.5131052772 5304002.029760393 1053.2787802246096
431628.4977130742 5304002.024907251 1053.2787802246096
431628.4828024225 5304002.018731057 1053.2787802246096
431628.4684868011 5304002.011278816 1053.2787802246096
431628.4548751605 5304002.002607244 1053.2787802246096
431628.4420710936 5304001.992782338 1053.2787802246096
431628.430172047 5304001.981878871 1053.2787802246096
431628.4192685797 5304001.9699798245 1053.2787802246096
431628.4094436736 5304001.957175757 1053.2787802246096
431628.4007721022 5304001.943564117 1053.2787802246096
431628.3933198613 5304001.929248495 1053.2787802246096
431628.3871436672 5304001.914337844 1053.2787802246096
431628.3822905242 5304001.898945641 1053.2787802246096
431628.3787973678 5304001.88318903 1053.2787802246096
431628.37669078296 5304001.86718793 1053.2787802246096
431628.37598680216 5304001.851064118 1053.2787802246096
431628.37669078296 5304001.834940305 1053.2787802246096
431628.3787973678 5304001.818939205 1053.2787802246096
431628.3822905242 5304001.8031825945 1053.2787802246096
431628.3871436672 5304001.787790392 1053.2787802246096
431628.3933198613 5304001.77287974 1053.2787802246096
431628.4007721022 5304001.758564118 1053.2787802246096
431628.4094436736 5304001.744952478 1053.2787802246096
431628.4192685797 5304001.732148411 1053.2787802246096
431628.430172047 5304001.720249364 1053.2787802246096
431628.4420710936 5304001.709345898 1053.2787802246096
431628.4548751605 5304001.699520991 1053.2787802246096
431628.4684868011 5304001.69084942 1053.2787802246096
431628.4828024225 5304001.683397179 1053.2787802246096
431628.4977130742 5304001.677220984 1053.2787802246096
431628.5131052772 5304001.672367842 1053.2787802246096
431628.5288618875 5304001.668874686 1053.2787802246096
431628.54486298776 5304001.666768101 1053.2787802246096
431628.5609868 5304001.66606412 1053.2787802246096
431628.5771106122 5304001.666768101 1053.2787802246096
431628.5931117125 5304001.668874686 1053.2787802246096
431628.6088683228 5304001.672367842 1053.2787802246096
431628.6242605258 5304001.677220984 1053.2787802246096
431628.6391711775 5304001.683397179 1053.2787802246096
431628.6534867989 5304001.69084942 1053.2787802246096
431628.66709843953 5304001.699520991 1053.2787802246096
431628.6799025064 5304001.709345898 1053.2787802246096
431628.691801553 5304001.720249364 1053.2787802246096
431628.7027050203 5304001.732148411 1053.2787802246096
431628.7125299264 5304001.744952478 1053.2787802246096
431628.7212014978 5304001.758564118 1053.2787802246096
431628.7286537387 5304001.77287974 1053.2787802246096
431628.73482993286 5304001.787790392 1053.2787802246096
431628.7396830758 5304001.8031825945 1053.2787802246096
431628.7431762322 5304001.818939205 1053.2787802246096
431628.74528281705 5304001.834940305 1053.2787802246096
431636.1526282305 5303994.549543959 1051.1437704589846
431636.1517135655 5303994.570493233 1051.1437704589846
431636.1489765314 5303994.591283071 1051.1437704589846
431636.1444379589 5303994.611755248 1051.1437704589846
431636.1381323892 5303994.631753961 1051.1437704589846
431636.1301078115 5303994.651127005 1051.1437704589846
431636.1204252976 5303994.669726941 1051.1437704589846
431636.10915853735 5303994.687412212 1051.1437704589846
431636.0963932776 5303994.704048222 1051.1437704589846
431636.08222666977 5303994.719508362 1051.1437704589846
431636.06676653016 5303994.7336749695 1051.1437704589846
431636.0501305198 5303994.746440229 1051.1437704589846
431636.0324452488 5303994.7577069895 1051.1437704589846
431636.0138453127 5303994.767389503 1051.1437704589846
431635.9944722683 5303994.775414081 1051.1437704589846
431635.97447355615 5303994.781719651 1051.1437704589846
431635.95400137856 5303994.786258224 1051.1437704589846
431635.9332115411 5303994.788995258 1051.1437704589846
431635.912262267 5303994.7899099225 1051.1437704589846
431635.89131299296 5303994.788995258 1051.1437704589846
431635.8705231555 5303994.786258224 1051.1437704589846
431635.8500509779 5303994.781719651 1051.1437704589846
431635.8300522657 5303994.775414081 1051.1437704589846
431635.81067922135 5303994.767389503 1051.1437704589846
431635.7920792853 5303994.7577069895 1051.1437704589846
431635.7743940143 5303994.746440229 1051.1437704589846
431635.7577580039 5303994.7336749695 1051.1437704589846
431635.7422978643 5303994.719508362 1051.1437704589846
431635.7281312564 5303994.704048222 1051.1437704589846
431635.7153659967 5303994.687412212 1051.1437704589846
431635.70409923646 5303994.669726941 1051.1437704589846
431635.6944167226 5303994.651127005 1051.1437704589846
431635.6863921449 5303994.631753961 1051.1437704589846
431635.6800865752 5303994.611755248 1051.1437704589846
431635.67554800265 5303994.591283071 1051.1437704589846
431635.6728109686 5303994.570493233 1051.1437704589846
431635.67189630354 5303994.549543959 1051.1437704589846
431635.6728109686 5303994.528594685 1051.1437704589846
431635.67554800265 5303994.507804847 1051.1437704589846
431635.6800865752 5303994.48733267 1051.1437704589846
431635.6863921449 5303994.467333958 1051.1437704589846
431635.6944167226 5303994.447960913 1051.1437704589846
431635.70409923646 5303994.429360977 1051.1437704589846
431635.7153659967 5303994.4116757065 1051.1437704589846
431635.7281312564 5303994.395039696 1051.1437704589846
431635.7422978643 5303994.379579556 1051.1437704589846
431635.7577580039 5303994.365412949 1051.1437704589846
431635.7743940143 5303994.352647689 1051.1437704589846
431635.7920792853 5303994.341380929 1051.1437704589846
431635.81067922135 5303994.331698415 1051.1437704589846
431635.8300522657 5303994.323673837 1051.1437704589846
431635.8500509779 5303994.317368267 1051.1437704589846
431635.8705231555 5303994.312829695 1051.1437704589846
431635.89131299296 5303994.310092661 1051.1437704589846
431635.912262267 5303994.309177996 1051.1437704589846
431635.9332115411 5303994.310092661 1051.1437704589846
431635.95400137856 5303994.312829695 1051.1437704589846
431635.97447355615 5303994.317368267 1051.1437704589846
431635.9944722683 5303994.323673837 1051.1437704589846
431636.0138453127 5303994.331698415 1051.1437704589846
431636.0324452488 5303994.341380929 1051.1437704589846
431636.0501305198 5303994.352647689 1051.1437704589846
431636.06676653016 5303994.365412949 1051.1437704589846
431636.08222666977 5303994.379579556 1051.1437704589846
431636.0963932776 5303994.395039696 1051.1437704589846
431636.10915853735 5303994.4116757065 1051.1437704589846
431636.1204252976 5303994.429360977 1051.1437704589846
431636.1301078115 5303994.447960913 1051.1437704589846
431636.1381323892 5303994.467333958 1051.1437704589846
431636.1444379589 5303994.48733267 1051.1437704589846
431636.1489765314 5303994.507804847 1051.1437704589846
431636.1517135655 5303994.528594685 1051.1437704589846
431653.8348657463 5303989.644313414 1049.1127645996096
431653.8336718458 5303989.671658231 1049.1127645996096
431653.8300992305 5303989.698794939 1049.1127645996096
431653.8241750903 5303989.725517008 1049.1127645996096
431653.8159445113 5303989.751621069 1049.1127645996096
431653.8054701333 5303989.776908455 1049.1127645996096
431653.7928316727 5303989.801186712 1049.1127645996096
431653.7781253156 5303989.824271069 1049.1127645996096
431653.76146298647 5303989.845985839 1049.1127645996096
431653.7429714956 5303989.86616576 1049.1127645996096
431653.7227915744 5303989.884657251 1049.1127645996096
431653.7010768043 5303989.90131958 1049.1127645996096
431653.6779924478 5303989.916025938 1049.1127645996096
431653.6537141907 5303989.928664397 1049.1127645996096
431653.6284268053 5303989.939138776 1049.1127645996096
431653.6023227439 5303989.947369355 1049.1127645996096
431653.5756006741 5303989.953293495 1049.1127645996096
431653.5484639669 5303989.956866111 1049.1127645996096
431653.5211191492 5303989.95806001 1049.1127645996096
431653.4937743315 5303989.956866111 1049.1127645996096
431653.4666376244 5303989.953293495 1049.1127645996096
431653.43991555454 5303989.947369355 1049.1127645996096
431653.41381149314 5303989.939138776 1049.1127645996096
431653.38852410775 5303989.928664397 1049.1127645996096
431653.36424585065 5303989.916025938 1049.1127645996096
431653.3411614941 5303989.90131958 1049.1127645996096
431653.319446724 5303989.884657251 1049.1127645996096
431653.2992668029 5303989.86616576 1049.1127645996096
431653.280775312 5303989.845985839 1049.1127645996096
431653.2641129829 5303989.824271069 1049.1127645996096
431653.2494066258 5303989.801186712 1049.1127645996096
431653.23676816514 5303989.776908455 1049.1127645996096
431653.2262937871 5303989.751621069 1049.1127645996096
431653.21806320816 5303989.725517008 1049.1127645996096
431653.212139068 5303989.698794939 1049.1127645996096
431653.2085664527 5303989.671658231 1049.1127645996096
431653.2073725521 5303989.644313414 1049.1127645996096
431653.2085664527 5303989.616968596 1049.1127645996096
431653.212139068 5303989.589831889 1049.1127645996096
431653.21806320816 5303989.563109819 1049.1127645996096
431653.2262937871 5303989.537005758 1049.1127645996096
431653.23676816514 5303989.511718372 1049.1127645996096
431653.2494066258 5303989.487440115 1049.1127645996096
431653.2641129829 5303989.464355758 1049.1127645996096
431653.280775312 5303989.442640988 1049.1127645996096
431653.2992668029 5303989.422461067 1049.1127645996096
431653.319446724 5303989.403969577 1049.1127645996096
431653.3411614941 5303989.387307247 1049.1127645996096
431653.36424585065 5303989.37260089 1049.1127645996096
431653.38852410775 5303989.35996243 1049.1127645996096
431653.41381149314 5303989.349488052 1049.1127645996096
431653.43991555454 5303989.3412574725 1049.1127645996096
431653.4666376244 5303989.335333332 1049.1127645996096
431653.4937743315 5303989.331760717 1049.1127645996096
431653.5211191492 5303989.330566817 1049.1127645996096
431653.5484639669 5303989.331760717 1049.1127645996096
431653.5756006741 5303989.335333332 1049.1127645996096
431653.6023227439 5303989.3412574725 1049.1127645996096
431653.6284268053 5303989.349488052 1049.1127645996096
431653.6537141907 5303989.35996243 1049.1127645996096
431653.6779924478 5303989.37260089 1049.1127645996096
431653.7010768043 5303989.387307247 1049.1127645996096
431653.7227915744 5303989.403969577 1049.1127645996096
431653.7429714956 5303989.422461067 1049.1127645996096
431653.76146298647 5303989.442640988 1049.1127645996096
431653.7781253156 5303989.464355758 1049.1127645996096
431653.7928316727 5303989.487440115 1049.1127645996096
431653.8054701333 5303989.511718372 1049.1127645996096
431653.8159445113 5303989.537005758 1049.1127645996096
431653.8241750903 5303989.563109819 1049.1127645996096
431653.8300992305 5303989.589831889 1049.1127645996096
431653.8336718458 5303989.616968596 1049.1127645996096
431668.3278550221 5304015.074236776 1052.5817587402346
431668.326985536 5304015.094151281 1052.5817587402346
431668.3243836952 5304015.113914224 1052.5817587402346
431668.32006930106 5304015.133375198 1052.5817587402346
431668.31407518894 5304015.1523860935 1052.5817587402346
431668.3064469775 5304015.170802224 1052.5817587402346
431668.29724272207 5304015.188483435 1052.5817587402346
431668.28653247264 5304015.205295159 1052.5817587402346
431668.2743977407 5304015.22110945 1052.5817587402346
431668.2609308787 5304015.23580595 1052.5817587402346
431668.2462343778 5304015.249272812 1052.5817587402346
431668.2304200872 5304015.261407544 1052.5817587402346
431668.2136083631 5304015.272117794 1052.5817587402346
431668.195927153 5304015.281322049 1052.5817587402346
431668.1775110215 5304015.288950261 1052.5817587402346
431668.1585001265 5304015.294944373 1052.5817587402346
431668.1390391524 5304015.299258767 1052.5817587402346
431668.119276209 5304015.301860607 1052.5817587402346
431668.09936170414 5304015.302730094 1052.5817587402346
431668.0794471993 5304015.301860607 1052.5817587402346
431668.0596842559 5304015.299258767 1052.5817587402346
431668.0402232818 5304015.294944373 1052.5817587402346
431668.0212123868 5304015.288950261 1052.5817587402346
431668.0027962553 5304015.281322049 1052.5817587402346
431667.9851150452 5304015.272117794 1052.5817587402346
431667.9683033211 5304015.261407544 1052.5817587402346
431667.9524890305 5304015.249272812 1052.5817587402346
431667.9377925296 5304015.23580595 1052.5817587402346
431667.9243256676 5304015.22110945 1052.5817587402346
431667.9121909356 5304015.205295159 1052.5817587402346
431667.9014806862 5304015.188483435 1052.5817587402346
431667.8922764308 5304015.170802224 1052.5817587402346
431667.8846482193 5304015.1523860935 1052.5817587402346
431667.8786541072 5304015.133375198 1052.5817587402346
431667.87433971313 5304015.113914224 1052.5817587402346
431667.87173787225 5304015.094151281 1052.5817587402346
431667.8708683862 5304015.074236776 1052.5817587402346
431667.87173787225 5304015.054322271 1052.5817587402346
431667.87433971313 5304015.034559327 1052.5817587402346
431667.8786541072 5304015.015098354 1052.5817587402346
431667.8846482193 5304014.996087458 1052.5817587402346
431667.8922764308 5304014.977671327 1052.5817587402346
431667.9014806862 5304014.959990117 1052.5817587402346
431667.9121909356 5304014.943178393 1052.5817587402346
431667.9243256676 5304014.927364102 1052.5817587402346
431667.9377925296 5304014.912667601 1052.5817587402346
431667.9524890305 5304014.899200739 1052.5817587402346
431667.9683033211 5304014.887066008 1052.5817587402346
431667.9851150452 5304014.876355758 1052.5817587402346
431668.0027962553 5304014.867151503 1052.5817587402346
431668.0212123868 5304014.859523291 1052.5817587402346
431668.0402232818 5304014.853529179 1052.5817587402346
431668.0596842559 5304014.849214785 1052.5817587402346
431668.0794471993 5304014.846612944 1052.5817587402346
431668.09936170414 5304014.845743458 1052.5817587402346
431668.119276209 5304014.846612944 1052.5817587402346
431668.1390391524 5304014.849214785 1052.5817587402346
431668.1585001265 5304014.853529179 1052.5817587402346
431668.1775110215 5304014.859523291 1052.5817587402346
431668.195927153 5304014.867151503 1052.5817587402346
431668.2136083631 5304014.876355758 1052.5817587402346
431668.2304200872 5304014.887066008 1052.5817587402346
431668.2462343778 5304014.899200739 1052.5817587402346
431668.2609308787 5304014.912667601 1052.5817587402346
431668.2743977407 5304014.927364102 1052.5817587402346
431668.28653247264 5304014.943178393 1052.5817587402346
431668.29724272207 5304014.959990117 1052.5817587402346
431668.3064469775 5304014.977671327 1052.5817587402346
431668.31407518894 5304014.996087458 1052.5817587402346
431668.32006930106 5304015.015098354 1052.5817587402346
431668.3243836952 5304015.034559327 1052.5817587402346
431668.326985536 5304015.054322271 1052.5817587402346
431688.4185343207 5304016.526474944 1053.6737997558596
431688.4176310226 5304016.547163872 1053.6737997558596
431688.41492800304 5304016.567695344 1053.6737997558596
431688.4104458335 5304016.587913104 1053.6737997558596
431688.4042186261 5304016.607663283 1053.6737997558596
431688.3962937736 5304016.626795569 1053.6737997558596
431688.38673158886 5304016.645164356 1053.6737997558596
431688.375604846 5304016.662629843 1053.6737997558596
431688.3629982262 5304016.67905911 1053.6737997558596
431688.3490076735 5304016.694327119 1053.6737997558596
431688.3337396643 5304016.708317672 1053.6737997558596
431688.3173103975 5304016.720924292 1053.6737997558596
431688.2998449097 5304016.732051034 1053.6737997558596
431688.2814761238 5304016.74161322 1053.6737997558596
431688.2623438374 5304016.749538071 1053.6737997558596
431688.24259365874 5304016.755765279 1053.6737997558596
431688.2223758985 5304016.760247448 1053.6737997558596
431688.2018444262 5304016.762950468 1053.6737997558596
431688.18115549866 5304016.763853766 1053.6737997558596
431688.1604665711 5304016.762950468 1053.6737997558596
431688.1399350988 5304016.760247448 1053.6737997558596
431688.1197173386 5304016.755765279 1053.6737997558596
431688.0999671599 5304016.749538071 1053.6737997558596
431688.0808348736 5304016.74161322 1053.6737997558596
431688.0624660876 5304016.732051034 1053.6737997558596
431688.0450005999 5304016.720924292 1053.6737997558596
431688.028571333 5304016.708317672 1053.6737997558596
431688.0133033239 5304016.694327119 1053.6737997558596
431687.9993127712 5304016.67905911 1053.6737997558596
431687.98670615134 5304016.662629843 1053.6737997558596
431687.97557940846 5304016.645164356 1053.6737997558596
431687.9660172238 5304016.626795569 1053.6737997558596
431687.9580923712 5304016.607663283 1053.6737997558596
431687.9518651638 5304016.587913104 1053.6737997558596
431687.9473829943 5304016.567695344 1053.6737997558596
431687.9446799747 5304016.547163872 1053.6737997558596
431687.9437766766 5304016.526474944 1053.6737997558596
431687.9446799747 5304016.505786017 1053.6737997558596
431687.9473829943 5304016.485254545 1053.6737997558596
431687.9518651638 5304016.465036784 1053.6737997558596
431687.9580923712 5304016.4452866055 1053.6737997558596
431687.9660172238 5304016.426154319 1053.6737997558596
431687.97557940846 5304016.407785533 1053.6737997558596
431687.98670615134 5304016.390320046 1053.6737997558596
431687.9993127712 5304016.373890779 1053.6737997558596
431688.0133033239 5304016.35862277 1053.6737997558596
431688.028571333 5304016.344632217 1053.6737997558596
431688.0450005999 5304016.332025597 1053.6737997558596
431688.0624660876 5304016.320898854 1053.6737997558596
431688.0808348736 5304016.311336669 1053.6737997558596
431688.0999671599 5304016.303411817 1053.6737997558596
431688.1197173386 5304016.29718461 1053.6737997558596
431688.1399350988 5304016.29270244 1053.6737997558596
431688.1604665711 5304016.289999421 1053.6737997558596
431688.18115549866 5304016.289096123 1053.6737997558596
431688.2018444262 5304016.289999421 1053.6737997558596
431688.2223758985 5304016.29270244 1053.6737997558596
431688.24259365874 5304016.29718461 1053.6737997558596
431688.2623438374 5304016.303411817 1053.6737997558596
431688.2814761238 5304016.311336669 1053.6737997558596
431688.2998449097 5304016.320898854 1053.6737997558596
431688.3173103975 5304016.332025597 1053.6737997558596
431688.3337396643 5304016.344632217 1053.6737997558596
431688.3490076735 5304016.35862277 1053.6737997558596
431688.3629982262 5304016.373890779 1053.6737997558596
431688.375604846 5304016.390320046 1053.6737997558596
431688.38673158886 5304016.407785533 1053.6737997558596
431688.3962937736 5304016.426154319 1053.6737997558596
431688.4042186261 5304016.4452866055 1053.6737997558596
431688.4104458335 5304016.465036784 1053.6737997558596
431688.41492800304 5304016.485254545 1053.6737997558596
431688.4176310226 5304016.505786017 1053.6737997558596
431678.5135564201 5303958.3030967945 1047.4807455566408
431678.5125122685 5303958.327011798 1047.4807455566408
431678.5093877604 5303958.350744792 1047.4807455566408
431678.5042066752 5303958.374115158 1047.4807455566408
431678.497008444 5303958.39694503 1047.4807455566408
431678.4878478498 5303958.419060661 1047.4807455566408
431678.4767946102 5303958.440293737 1047.4807455566408
431678.46393284696 5303958.460482661 1047.4807455566408
431678.449360446 5303958.479473784 1047.4807455566408
431678.433188312 5303958.497122571 1047.4807455566408
431678.4155395247 5303958.513294705 1047.4807455566408
431678.396548402 5303958.527867106 1047.4807455566408
431678.3763594778 5303958.540728869 1047.4807455566408
431678.3551264021 5303958.551782109 1047.4807455566408
431678.33301077125 5303958.560942703 1047.4807455566408
431678.3101808987 5303958.568140934 1047.4807455566408
431678.2868105336 5303958.57332202 1047.4807455566408
431678.2630775384 5303958.576446528 1047.4807455566408
431678.2391625355 5303958.577490679 1047.4807455566408
431678.2152475327 5303958.576446528 1047.4807455566408
431678.1915145375 5303958.57332202 1047.4807455566408
431678.1681441724 5303958.568140934 1047.4807455566408
431678.1453142998 5303958.560942703 1047.4807455566408
431678.123198669 5303958.551782109 1047.4807455566408
431678.1019655932 5303958.540728869 1047.4807455566408
431678.0817766691 5303958.527867106 1047.4807455566408
431678.0627855464 5303958.513294705 1047.4807455566408
431678.0451367591 5303958.497122571 1047.4807455566408
431678.028964625 5303958.479473784 1047.4807455566408
431678.0143922241 5303958.460482661 1047.4807455566408
431678.0015304608 5303958.440293737 1047.4807455566408
431677.99047722126 5303958.419060661 1047.4807455566408
431677.981316627 5303958.39694503 1047.4807455566408
431677.9741183959 5303958.374115158 1047.4807455566408
431677.9689373106 5303958.350744792 1047.4807455566408
431677.96581280255 5303958.327011798 1047.4807455566408
431677.964768651 5303958.3030967945 1047.4807455566408
431677.96581280255 5303958.279181792 1047.4807455566408
431677.9689373106 5303958.255448797 1047.4807455566408
431677.9741183959 5303958.232078431 1047.4807455566408
431677.981316627 5303958.209248559 1047.4807455566408
431677.99047722126 5303958.187132928 1047.4807455566408
431678.0015304608 5303958.165899852 1047.4807455566408
431678.0143922241 5303958.145710928 1047.4807455566408
431678.028964625 5303958.126719805 1047.4807455566408
431678.0451367591 5303958.109071018 1047.4807455566408
431678.0627855464 5303958.092898884 1047.4807455566408
431678.0817766691 5303958.078326483 1047.4807455566408
431678.1019655932 5303958.06546472 1047.4807455566408
431678.123198669 5303958.05441148 1047.4807455566408
431678.1453142998 5303958.045250886 1047.4807455566408
431678.1681441724 5303958.038052655 1047.4807455566408
431678.1915145375 5303958.0328715695 1047.4807455566408
431678.2152475327 5303958.029747061 1047.4807455566408
431678.2391625355 5303958.02870291 1047.4807455566408
431678.2630775384 5303958.029747061 1047.4807455566408
431678.2868105336 5303958.0328715695 1047.4807455566408
431678.3101808987 5303958.038052655 1047.4807455566408
431678.33301077125 5303958.045250886 1047.4807455566408
431678.3551264021 5303958.05441148 1047.4807455566408
431678.3763594778 5303958.06546472 1047.4807455566408
431678.396548402 5303958.078326483 1047.4807455566408
431678.4155395247 5303958.092898884 1047.4807455566408
431678.433188312 5303958.109071018 1047.4807455566408
431678.449360446 5303958.126719805 1047.4807455566408
431678.46393284696 5303958.145710928 1047.4807455566408
431678.4767946102 5303958.165899852 1047.4807455566408
431678.4878478498 5303958.187132928 1047.4807455566408
431678.497008444 5303958.209248559 1047.4807455566408
431678.5042066752 5303958.232078431 1047.4807455566408
431678.5093877604 5303958.255448797 1047.4807455566408
431678.5125122685 5303958.279181792 1047.4807455566408
431609.78051792405 5304010.899499437 1052.776766064453
431609.7801900897 5304010.907008079 1052.776766064453
431609.7792090816 5304010.914459575 1052.776766064453
431609.7775823658 5304010.921797216 1052.776766064453
431609.7753223226 5304010.928965157 1052.776766064453
431609.7724461524 5304010.935908846 1052.776766064453
431609.7689757444 5304010.942575438 1052.776766064453
431609.7649375107 5304010.9489141945 1052.776766064453
431609.76036218455 5304010.954876876 1052.776766064453
431609.75528458704 5304010.960418101 1052.776766064453
431609.74974336167 5304010.965495699 1052.776766064453
431609.7437806806 5304010.970071025 1052.776766064453
431609.7374419233 5304010.9741092585 1052.776766064453
431609.73077533167 5304010.977579666 1052.776766064453
431609.7238316424 5304010.980455837 1052.776766064453
431609.7166637013 5304010.9827158805 1052.776766064453
431609.7093260606 5304010.984342596 1052.776766064453
431609.7018745642 5304010.985323604 1052.776766064453
431609.69436592254 5304010.985651438 1052.776766064453
431609.6868572809 5304010.985323604 1052.776766064453
431609.67940578447 5304010.984342596 1052.776766064453
431609.6720681438 5304010.9827158805 1052.776766064453
431609.66490020265 5304010.980455837 1052.776766064453
431609.6579565134 5304010.977579666 1052.776766064453
431609.6512899218 5304010.9741092585 1052.776766064453
431609.6449511645 5304010.970071025 1052.776766064453
431609.6389884834 5304010.965495699 1052.776766064453
431609.633447258 5304010.960418101 1052.776766064453
431609.6283696605 5304010.954876876 1052.776766064453
431609.6237943344 5304010.9489141945 1052.776766064453
431609.61975610064 5304010.942575438 1052.776766064453
431609.6162856927 5304010.935908846 1052.776766064453
431609.61340952246 5304010.928965157 1052.776766064453
431609.6111494793 5304010.921797216 1052.776766064453
431609.60952276347 5304010.914459575 1052.776766064453
431609.60854175535 5304010.907008079 1052.776766064453
431609.608213921 5304010.899499437 1052.776766064453
431609.60854175535 5304010.891990795 1052.776766064453
431609.60952276347 5304010.884539299 1052.776766064453
431609.6111494793 5304010.877201658 1052.776766064453
431609.61340952246 5304010.870033717 1052.776766064453
431609.6162856927 5304010.863090028 1052.776766064453
431609.61975610064 5304010.856423436 1052.776766064453
431609.6237943344 5304010.850084679 1052.776766064453
431609.6283696605 5304010.844121997 1052.776766064453
431609.633447258 5304010.838580772 1052.776766064453
431609.6389884834 5304010.833503175 1052.776766064453
431609.6449511645 5304010.8289278485 1052.776766064453
431609.6512899218 5304010.824889615 1052.776766064453
431609.6579565134 5304010.821419207 1052.776766064453
431609.66490020265 5304010.8185430365 1052.776766064453
431609.6720681438 5304010.816282993 1052.776766064453
431609.67940578447 5304010.814656278 1052.776766064453
431609.6868572809 5304010.8136752695 1052.776766064453
431609.69436592254 5304010.813347436 1052.776766064453
431609.7018745642 5304010.8136752695 1052.776766064453
431609.7093260606 5304010.814656278 1052.776766064453
431609.7166637013 5304010.816282993 1052.776766064453
431609.7238316424 5304010.8185430365 1052.776766064453
431609.73077533167 5304010.821419207 1052.776766064453
431609.7374419233 5304010.824889615 1052.776766064453
431609.7437806806 5304010.8289278485 1052.776766064453
431609.74974336167 5304010.833503175 1052.776766064453
431609.75528458704 5304010.838580772 1052.776766064453
431609.76036218455 5304010.844121997 1052.776766064453
431609.7649375107 5304010.850084679 1052.776766064453
431609.7689757444 5304010.856423436 1052.776766064453
431609.7724461524 5304010.863090028 1052.776766064453
431609.7753223226 5304010.870033717 1052.776766064453
431609.7775823658 5304010.877201658 1052.776766064453
431609.7792090816 5304010.884539299 1052.776766064453
431609.7801900897 5304010.891990795 1052.776766064453
431631.6526546548 5303990.342012167 1051.6407797363283
431631.6518197962 5303990.361133572 1051.6407797363283
431631.6493215743 5303990.380109451 1051.6407797363283
431631.6451790021 5303990.398795387 1051.6407797363283
431631.6394236069 5303990.417049168 1051.6407797363283
431631.63209919096 5303990.434731872 1051.6407797363283
431631.6232614974 5303990.451708923 1051.6407797363283
431631.6129777864 5303990.467851116 1051.6407797363283
431631.6013263232 5303990.483035599 1051.6407797363283
431631.58839578246 5303990.497146808 1051.6407797363283
431631.5742845735 5303990.510077349 1051.6407797363283
431631.559100091 5303990.521728812 1051.6407797363283
431631.5429578982 5303990.532012523 1051.6407797363283
431631.5259808467 5303990.5408502165 1051.6407797363283
431631.5082981424 5303990.548174633 1051.6407797363283
431631.4900443612 5303990.553930027 1051.6407797363283
431631.4713584253 5303990.5580726 1051.6407797363283
431631.4523825462 5303990.560570821 1051.6407797363283
431631.4332611416 5303990.56140568 1051.6407797363283
431631.41413973697 5303990.560570821 1051.6407797363283
431631.3951638578 5303990.5580726 1051.6407797363283
431631.376477922 5303990.553930027 1051.6407797363283
431631.3582241408 5303990.548174633 1051.6407797363283
431631.34054143645 5303990.5408502165 1051.6407797363283
431631.323564385 5303990.532012523 1051.6407797363283
431631.3074221922 5303990.521728812 1051.6407797363283
431631.2922377097 5303990.510077349 1051.6407797363283
431631.2781265007 5303990.497146808 1051.6407797363283
431631.26519596 5303990.483035599 1051.6407797363283
431631.2535444968 5303990.467851116 1051.6407797363283
431631.24326078576 5303990.451708923 1051.6407797363283
431631.2344230922 5303990.434731872 1051.6407797363283
431631.22709867626 5303990.417049168 1051.6407797363283
431631.2213432811 5303990.398795387 1051.6407797363283
431631.21720070887 5303990.380109451 1051.6407797363283
431631.214702487 5303990.361133572 1051.6407797363283
431631.2138676284 5303990.342012167 1051.6407797363283
431631.214702487 5303990.322890762 1051.6407797363283
431631.21720070887 5303990.303914883 1051.6407797363283
431631.2213432811 5303990.285228947 1051.6407797363283
431631.22709867626 5303990.266975166 1051.6407797363283
431631.2344230922 5303990.249292462 1051.6407797363283
431631.24326078576 5303990.232315411 1051.6407797363283
431631.2535444968 5303990.216173218 1051.6407797363283
431631.26519596 5303990.200988735 1051.6407797363283
431631.2781265007 5303990.186877526 1051.6407797363283
431631.2922377097 5303990.173946985 1051.6407797363283
431631.3074221922 5303990.162295522 1051.6407797363283
431631.323564385 5303990.152011811 1051.6407797363283
431631.34054143645 5303990.143174117 1051.6407797363283
431631.3582241408 5303990.135849701 1051.6407797363283
431631.376477922 5303990.130094307 1051.6407797363283
431631.3951638578 5303990.125951734 1051.6407797363283
431631.41413973697 5303990.123453513 1051.6407797363283
431631.4332611416 5303990.122618654 1051.6407797363283
431631.4523825462 5303990.123453513 1051.6407797363283
431631.4713584253 5303990.125951734 1051.6407797363283
431631.4900443612 5303990.130094307 1051.6407797363283
431631.5082981424 5303990.135849701 1051.6407797363283
431631.5259808467 5303990.143174117 1051.6407797363283
431631.5429578982 5303990.152011811 1051.6407797363283
431631.559100091 5303990.162295522 1051.6407797363283
431631.5742845735 5303990.173946985 1051.6407797363283
431631.58839578246 5303990.186877526 1051.6407797363283
431631.6013263232 5303990.200988735 1051.6407797363283
431631.6129777864 5303990.216173218 1051.6407797363283
431631.6232614974 5303990.232315411 1051.6407797363283
431631.63209919096 5303990.249292462 1051.6407797363283
431631.6394236069 5303990.266975166 1051.6407797363283
431631.6451790021 5303990.285228947 1051.6407797363283
431631.6493215743 5303990.303914883 1051.6407797363283
431631.6518197962 5303990.322890762 1051.6407797363283
431652.63937292254 5303993.080391524 1048.9777548339846
431652.6386853252 5303993.096140092 1048.9777548339846
431652.6366277662 5303993.1117688045 1048.9777548339846
431652.6332159048 5303993.127158717 1048.9777548339846
431652.6284757074 5303993.142192703 1048.9777548339846
431652.6224432496 5303993.156756344 1048.9777548339846
431652.6151644422 5303993.170738803 1048.9777548339846
431652.6066946813 5303993.184033665 1048.9777548339846
431652.5970984269 5303993.196539747 1048.9777548339846
431652.5864487121 5303993.208161871 1048.9777548339846
431652.5748265879 5303993.218811586 1048.9777548339846
431652.5623205056 5303993.22840784 1048.9777548339846
431652.549025644 5303993.236877601 1048.9777548339846
431652.5350431851 5303993.244156408 1048.9777548339846
431652.5204795438 5303993.250188867 1048.9777548339846
431652.5054455582 5303993.254929064 1048.9777548339846
431652.4900556461 5303993.258340925 1048.9777548339846
431652.47442693386 5303993.260398484 1048.9777548339846
431652.4586783655 5303993.261086081 1048.9777548339846
431652.4429297972 5303993.260398484 1048.9777548339846
431652.427301085 5303993.258340925 1048.9777548339846
431652.4119111728 5303993.254929064 1048.9777548339846
431652.3968771873 5303993.250188867 1048.9777548339846
431652.3823135459 5303993.244156408 1048.9777548339846
431652.368331087 5303993.236877601 1048.9777548339846
431652.3550362254 5303993.22840784 1048.9777548339846
431652.3425301431 5303993.218811586 1048.9777548339846
431652.3309080189 5303993.208161871 1048.9777548339846
431652.3202583042 5303993.196539747 1048.9777548339846
431652.31066204974 5303993.184033665 1048.9777548339846
431652.3021922888 5303993.170738803 1048.9777548339846
431652.2949134814 5303993.156756344 1048.9777548339846
431652.2888810237 5303993.142192703 1048.9777548339846
431652.2841408262 5303993.127158717 1048.9777548339846
431652.2807289648 5303993.1117688045 1048.9777548339846
431652.27867140586 5303993.096140092 1048.9777548339846
431652.2779838085 5303993.080391524 1048.9777548339846
431652.27867140586 5303993.0646429565 1048.9777548339846
431652.2807289648 5303993.049014244 1048.9777548339846
431652.2841408262 5303993.033624332 1048.9777548339846
431652.2888810237 5303993.018590346 1048.9777548339846
431652.2949134814 5303993.0040267045 1048.9777548339846
431652.3021922888 5303992.9900442455 1048.9777548339846
431652.31066204974 5303992.976749384 1048.9777548339846
431652.3202583042 5303992.964243302 1048.9777548339846
431652.3309080189 5303992.952621178 1048.9777548339846
431652.3425301431 5303992.941971463 1048.9777548339846
431652.3550362254 5303992.9323752085 1048.9777548339846
431652.368331087 5303992.923905448 1048.9777548339846
431652.3823135459 5303992.916626641 1048.9777548339846
431652.3968771873 5303992.910594182 1048.9777548339846
431652.4119111728 5303992.905853985 1048.9777548339846
431652.427301085 5303992.902442124 1048.9777548339846
431652.4429297972 5303992.900384565 1048.9777548339846
431652.4586783655 5303992.899696968 1048.9777548339846
431652.47442693386 5303992.900384565 1048.9777548339846
431652.4900556461 5303992.902442124 1048.9777548339846
431652.5054455582 5303992.905853985 1048.9777548339846
431652.5204795438 5303992.910594182 1048.9777548339846
431652.5350431851 5303992.916626641 1048.9777548339846
431652.549025644 5303992.923905448 1048.9777548339846
431652.5623205056 5303992.9323752085 1048.9777548339846
431652.5748265879 5303992.941971463 1048.9777548339846
431652.5864487121 5303992.952621178 1048.9777548339846
431652.5970984269 5303992.964243302 1048.9777548339846
431652.6066946813 5303992.976749384 1048.9777548339846
431652.6151644422 5303992.9900442455 1048.9777548339846
431652.6224432496 5303993.0040267045 1048.9777548339846
431652.6284757074 5303993.018590346 1048.9777548339846
431652.6332159048 5303993.033624332 1048.9777548339846
431652.6366277662 5303993.049014244 1048.9777548339846
431652.6386853252 5303993.0646429565 1048.9777548339846
431643.53729961 5304013.741309498 1051.8237631347658
431643.5369882185 5304013.748441537 1051.8237631347658
431643.5360564138 5304013.755519296 1051.8237631347658
431643.53451128746 5304013.762488911 1051.8237631347658
431643.5323645989 5304013.769297337 1051.8237631347658
431643.52963268576 5304013.775892759 1051.8237631347658
431643.5263363394 5304013.782224981 1051.8237631347658
431643.5225006472 5304013.788245812 1051.8237631347658
431643.51815480087 5304013.79390943 1051.8237631347658
431643.5133318751 5304013.799172729 1051.8237631347658
431643.5080685752 5304013.803995655 1051.8237631347658
431643.50240495807 5304013.808341501 1051.8237631347658
431643.4963841272 5304013.812177193 1051.8237631347658
431643.49005190487 5304013.81547354 1051.8237631347658
431643.4834564831 5304013.8182054525 1051.8237631347658
431643.4766480569 5304013.820352142 1051.8237631347658
431643.4696784425 5304013.821897267 1051.8237631347658
431643.4626006831 5304013.822829072 1051.8237631347658
431643.4554686445 5304013.823140464 1051.8237631347658
431643.4483366059 5304013.822829072 1051.8237631347658
431643.4412588465 5304013.821897267 1051.8237631347658
431643.4342892321 5304013.820352142 1051.8237631347658
431643.427480806 5304013.8182054525 1051.8237631347658
431643.42088538414 5304013.81547354 1051.8237631347658
431643.41455316177 5304013.812177193 1051.8237631347658
431643.4085323309 5304013.808341501 1051.8237631347658
431643.4028687138 5304013.803995655 1051.8237631347658
431643.3976054139 5304013.799172729 1051.8237631347658
431643.39278248814 5304013.79390943 1051.8237631347658
431643.3884366418 5304013.788245812 1051.8237631347658
431643.3846009496 5304013.782224981 1051.8237631347658
431643.3813046032 5304013.775892759 1051.8237631347658
431643.37857269007 5304013.769297337 1051.8237631347658
431643.3764260016 5304013.762488911 1051.8237631347658
431643.3748808752 5304013.755519296 1051.8237631347658
431643.3739490705 5304013.748441537 1051.8237631347658
431643.37363767903 5304013.741309498 1051.8237631347658
431643.3739490705 5304013.73417746 1051.8237631347658
431643.3748808752 5304013.727099701 1051.8237631347658
431643.3764260016 5304013.720130086 1051.8237631347658
431643.37857269007 5304013.71332166 1051.8237631347658
431643.3813046032 5304013.706726238 1051.8237631347658
431643.3846009496 5304013.700394016 1051.8237631347658
431643.3884366418 5304013.694373185 1051.8237631347658
431643.39278248814 5304013.688709567 1051.8237631347658
431643.3976054139 5304013.683446268 1051.8237631347658
431643.4028687138 5304013.678623342 1051.8237631347658
431643.4085323309 5304013.674277496 1051.8237631347658
431643.41455316177 5304013.670441804 1051.8237631347658
431643.42088538414 5304013.667145457 1051.8237631347658
431643.427480806 5304013.664413544 1051.8237631347658
431643.4342892321 5304013.662266855 1051.8237631347658
431643.4412588465 5304013.6607217295 1051.8237631347658
431643.4483366059 5304013.6597899245 1051.8237631347658
431643.4554686445 5304013.659478533 1051.8237631347658
431643.4626006831 5304013.6597899245 1051.8237631347658
431643.4696784425 5304013.6607217295 1051.8237631347658
431643.4766480569 5304013.662266855 1051.8237631347658
431643.4834564831 5304013.664413544 1051.8237631347658
431643.49005190487 5304013.667145457 1051.8237631347658
431643.4963841272 5304013.670441804 1051.8237631347658
431643.50240495807 5304013.674277496 1051.8237631347658
431643.5080685752 5304013.678623342 1051.8237631347658
431643.5133318751 5304013.683446268 1051.8237631347658
431643.51815480087 5304013.688709567 1051.8237631347658
431643.5225006472 5304013.694373185 1051.8237631347658
431643.5263363394 5304013.700394016 1051.8237631347658
431643.52963268576 5304013.706726238 1051.8237631347658
431643.5323645989 5304013.71332166 1051.8237631347658
431643.53451128746 5304013.720130086 1051.8237631347658
431643.5360564138 5304013.727099701 1051.8237631347658
431643.5369882185 5304013.73417746 1051.8237631347658
431682.94146363984 5303983.3150294 1046.9957602050783
431682.940667465 5303983.333264802 1046.9957602050783
431682.9382849999 5303983.351361421 1046.9957602050783
431682.9343343765 5303983.369181532 1046.9957602050783
431682.9288456615 5303983.386589511 1046.9957602050783
431682.9218606272 5303983.403452876 1046.9957602050783
431682.9134324341 5303983.419643285 1046.9957602050783
431682.9036252257 5303983.435037518 1046.9957602050783
431682.8925136408 5303983.449518417 1046.9957602050783
431682.8801822453 5303983.462975774 1046.9957602050783
431682.8667248886 5303983.475307169 1046.9957602050783
431682.8522439893 5303983.486418755 1046.9957602050783
431682.8368497557 5303983.496225962 1046.9957602050783
431682.82065934734 5303983.504654156 1046.9957602050783
431682.8037959829 5303983.51163919 1046.9957602050783
431682.7863880028 5303983.517127905 1046.9957602050783
431682.7685678923 5303983.521078529 1046.9957602050783
431682.7504712732 5303983.523460994 1046.9957602050783
431682.73223587166 5303983.524257168 1046.9957602050783
431682.7140004701 5303983.523460994 1046.9957602050783
431682.695903851 5303983.521078529 1046.9957602050783
431682.6780837405 5303983.517127905 1046.9957602050783
431682.6606757604 5303983.51163919 1046.9957602050783
431682.643812396 5303983.504654156 1046.9957602050783
431682.6276219876 5303983.496225962 1046.9957602050783
431682.612227754 5303983.486418755 1046.9957602050783
431682.5977468547 5303983.475307169 1046.9957602050783
431682.584289498 5303983.462975774 1046.9957602050783
431682.5719581025 5303983.449518417 1046.9957602050783
431682.5608465177 5303983.435037518 1046.9957602050783
431682.5510393093 5303983.419643285 1046.9957602050783
431682.54261111614 5303983.403452876 1046.9957602050783
431682.53562608187 5303983.386589511 1046.9957602050783
431682.5301373669 5303983.369181532 1046.9957602050783
431682.52618674346 5303983.351361421 1046.9957602050783
431682.5238042784 5303983.333264802 1046.9957602050783
431682.5230081035 5303983.3150294 1046.9957602050783
431682.5238042784 5303983.296793999 1046.9957602050783
431682.52618674346 5303983.27869738 1046.9957602050783
431682.5301373669 5303983.260877269 1046.9957602050783
431682.53562608187 5303983.2434692895 1046.9957602050783
431682.54261111614 5303983.226605925 1046.9957602050783
431682.5510393093 5303983.210415516 1046.9957602050783
431682.5608465177 5303983.195021283 1046.9957602050783
431682.5719581025 5303983.180540384 1046.9957602050783
431682.584289498 5303983.167083027 1046.9957602050783
431682.5977468547 5303983.154751631 1046.9957602050783
431682.612227754 5303983.143640046 1046.9957602050783
431682.6276219876 5303983.133832838 1046.9957602050783
431682.643812396 5303983.125404645 1046.9957602050783
431682.6606757604 5303983.118419611 1046.9957602050783
431682.6780837405 5303983.112930896 1046.9957602050783
431682.695903851 5303983.108980272 1046.9957602050783
431682.7140004701 5303983.106597807 1046.9957602050783
431682.73223587166 5303983.105801633 1046.9957602050783
431682.7504712732 5303983.106597807 1046.9957602050783
431682.7685678923 5303983.108980272 1046.9957602050783
431682.7863880028 5303983.112930896 1046.9957602050783
431682.8037959829 5303983.118419611 1046.9957602050783
431682.82065934734 5303983.125404645 1046.9957602050783
431682.8368497557 5303983.133832838 1046.9957602050783
431682.8522439893 5303983.143640046 1046.9957602050783
431682.8667248886 5303983.154751631 1046.9957602050783
431682.8801822453 5303983.167083027 1046.9957602050783
431682.8925136408 5303983.180540384 1046.9957602050783
431682.9036252257 5303983.195021283 1046.9957602050783
431682.9134324341 5303983.210415516 1046.9957602050783
431682.9218606272 5303983.226605925 1046.9957602050783
431682.9288456615 5303983.2434692895 1046.9957602050783
431682.9343343765 5303983.260877269 1046.9957602050783
431682.9382849999 5303983.27869738 1046.9957602050783
431682.940667465 5303983.296793999 1046.9957602050783
431584.7237225622 5304025.603715088 1055.492769482422
431584.7225263952 5304025.631111817 1055.492769482422
431584.7189469977 5304025.65830004 1055.492769482422
431584.7130116112 5304025.685072838 1055.492769482422
431584.70476540737 5304025.711226456 1055.492769482422
431584.6942711449 5304025.736561847 1055.492769482422
431584.6816086916 5304025.760886193 1055.492769482422
431584.6668744162 5304025.784014373 1055.492769482422
431584.6501804555 5304025.8057703655 1055.492769482422
431584.63165386056 5304025.825988596 1055.492769482422
431584.61143563007 5304025.844515191 1055.492769482422
431584.5896796369 5304025.861209152 1055.492769482422
431584.5665514573 5304025.875943427 1055.492769482422
431584.5422271108 5304025.888605881 1055.492769482422
431584.5168917201 5304025.899100143 1055.492769482422
431584.4907381031 5304025.907346347 1055.492769482422
431584.4639653044 5304025.913281733 1055.492769482422
431584.4367770812 5304025.916861131 1055.492769482422
431584.4093803525 5304025.918057298 1055.492769482422
431584.3819836237 5304025.916861131 1055.492769482422
431584.3547954006 5304025.913281733 1055.492769482422
431584.3280226019 5304025.907346347 1055.492769482422
431584.3018689848 5304025.899100143 1055.492769482422
431584.2765335942 5304025.888605881 1055.492769482422
431584.2522092476 5304025.875943427 1055.492769482422
431584.229081068 5304025.861209152 1055.492769482422
431584.2073250749 5304025.844515191 1055.492769482422
431584.1871068444 5304025.825988596 1055.492769482422
431584.1685802495 5304025.8057703655 1055.492769482422
431584.1518862888 5304025.784014373 1055.492769482422
431584.13715201337 5304025.760886193 1055.492769482422
431584.12448956 5304025.736561847 1055.492769482422
431584.1139952976 5304025.711226456 1055.492769482422
431584.1057490938 5304025.685072838 1055.492769482422
431584.0998137072 5304025.65830004 1055.492769482422
431584.0962343098 5304025.631111817 1055.492769482422
431584.0950381428 5304025.603715088 1055.492769482422
431584.0962343098 5304025.576318359 1055.492769482422
431584.0998137072 5304025.549130136 1055.492769482422
431584.1057490938 5304025.522357338 1055.492769482422
431584.1139952976 5304025.496203721 1055.492769482422
431584.12448956 5304025.4708683295 1055.492769482422
431584.13715201337 5304025.446543983 1055.492769482422
431584.1518862888 5304025.423415803 1055.492769482422
431584.1685802495 5304025.401659811 1055.492769482422
431584.1871068444 5304025.38144158 1055.492769482422
431584.2073250749 5304025.362914985 1055.492769482422
431584.229081068 5304025.346221024 1055.492769482422
431584.2522092476 5304025.331486749 1055.492769482422
431584.2765335942 5304025.318824296 1055.492769482422
431584.3018689848 5304025.308330033 1055.492769482422
431584.3280226019 5304025.300083829 1055.492769482422
431584.3547954006 5304025.294148443 1055.492769482422
431584.3819836237 5304025.290569046 1055.492769482422
431584.4093803525 5304025.289372878 1055.492769482422
431584.4367770812 5304025.290569046 1055.492769482422
431584.4639653044 5304025.294148443 1055.492769482422
431584.4907381031 5304025.300083829 1055.492769482422
431584.5168917201 5304025.308330033 1055.492769482422
431584.5422271108 5304025.318824296 1055.492769482422
431584.5665514573 5304025.331486749 1055.492769482422
431584.5896796369 5304025.346221024 1055.492769482422
431584.61143563007 5304025.362914985 1055.492769482422
431584.63165386056 5304025.38144158 1055.492769482422
431584.6501804555 5304025.401659811 1055.492769482422
431584.6668744162 5304025.423415803 1055.492769482422
431584.6816086916 5304025.446543983 1055.492769482422
431584.6942711449 5304025.4708683295 1055.492769482422
431584.70476540737 5304025.496203721 1055.492769482422
431584.7130116112 5304025.522357338 1055.492769482422
431584.7189469977 5304025.549130136 1055.492769482422
431584.7225263952 5304025.576318359 1055.492769482422
431630.9310752161 5303991.673868087 1052.1537802246096
431630.9306961076 5303991.6825511 1052.1537802246096
431630.92956166726 5303991.69116803 1052.1537802246096
431630.9276805289 5303991.699653296 1052.1537802246096
431630.9250670092 5303991.707942322 1052.1537802246096
431630.92174099846 5303991.715972022 1052.1537802246096
431630.91772780975 5303991.723681286 1052.1537802246096
431630.9130579858 5303991.731011441 1052.1537802246096
431630.9077670668 5303991.737906701 1052.1537802246096
431630.9018953199 5303991.744314589 1052.1537802246096
431630.8954874325 5303991.750186335 1052.1537802246096
431630.8885921727 5303991.755477254 1052.1537802246096
431630.8812620174 5303991.760147078 1052.1537802246096
431630.8735527537 5303991.764160267 1052.1537802246096
431630.8655230535 5303991.767486277 1052.1537802246096
431630.8572340278 5303991.770099797 1052.1537802246096
431630.8487487611 5303991.771980936 1052.1537802246096
431630.8401318314 5303991.773115376 1052.1537802246096
431630.8314488188 5303991.773494485 1052.1537802246096
431630.82276580617 5303991.773115376 1052.1537802246096
431630.81414887647 5303991.771980936 1052.1537802246096
431630.80566360976 5303991.770099797 1052.1537802246096
431630.7973745841 5303991.767486277 1052.1537802246096
431630.78934488393 5303991.764160267 1052.1537802246096
431630.78163562017 5303991.760147078 1052.1537802246096
431630.7743054649 5303991.755477254 1052.1537802246096
431630.767410205 5303991.750186335 1052.1537802246096
431630.7610023177 5303991.744314589 1052.1537802246096
431630.7551305708 5303991.737906701 1052.1537802246096
431630.7498396518 5303991.731011441 1052.1537802246096
431630.74516982783 5303991.723681286 1052.1537802246096
431630.7411566391 5303991.715972022 1052.1537802246096
431630.7378306284 5303991.707942322 1052.1537802246096
431630.7352171087 5303991.699653296 1052.1537802246096
431630.7333359703 5303991.69116803 1052.1537802246096
431630.73220153 5303991.6825511 1052.1537802246096
431630.7318224215 5303991.673868087 1052.1537802246096
431630.73220153 5303991.665185074 1052.1537802246096
431630.7333359703 5303991.656568144 1052.1537802246096
431630.7352171087 5303991.648082878 1052.1537802246096
431630.7378306284 5303991.639793852 1052.1537802246096
431630.7411566391 5303991.631764152 1052.1537802246096
431630.74516982783 5303991.624054888 1052.1537802246096
431630.7498396518 5303991.616724733 1052.1537802246096
431630.7551305708 5303991.609829473 1052.1537802246096
431630.7610023177 5303991.603421586 1052.1537802246096
431630.767410205 5303991.597549839 1052.1537802246096
431630.7743054649 5303991.59225892 1052.1537802246096
431630.78163562017 5303991.587589096 1052.1537802246096
431630.78934488393 5303991.583575907 1052.1537802246096
431630.7973745841 5303991.580249897 1052.1537802246096
431630.80566360976 5303991.577636377 1052.1537802246096
431630.81414887647 5303991.575755239 1052.1537802246096
431630.82276580617 5303991.574620798 1052.1537802246096
431630.8314488188 5303991.574241689 1052.1537802246096
431630.8401318314 5303991.574620798 1052.1537802246096
431630.8487487611 5303991.575755239 1052.1537802246096
431630.8572340278 5303991.577636377 1052.1537802246096
431630.8655230535 5303991.580249897 1052.1537802246096
431630.8735527537 5303991.583575907 1052.1537802246096
431630.8812620174 5303991.587589096 1052.1537802246096
431630.8885921727 5303991.59225892 1052.1537802246096
431630.8954874325 5303991.597549839 1052.1537802246096
431630.9018953199 5303991.603421586 1052.1537802246096
431630.9077670668 5303991.609829473 1052.1537802246096
431630.9130579858 5303991.616724733 1052.1537802246096
431630.91772780975 5303991.624054888 1052.1537802246096
431630.92174099846 5303991.631764152 1052.1537802246096
431630.9250670092 5303991.639793852 1052.1537802246096
431630.9276805289 5303991.648082878 1052.1537802246096
431630.92956166726 5303991.656568144 1052.1537802246096
431630.9306961076 5303991.665185074 1052.1537802246096
431659.9865292589 5304006.483820097 1050.368746044922
431659.98555868486 5304006.506049897 1050.368746044922
431659.9826543494 5304006.528110514 1050.368746044922
431659.9778383563 5304006.549834056 1050.368746044922
431659.9711473581 5304006.571055191 1050.368746044922
431659.9626322775 5304006.5916124135 1050.368746044922
431659.9523579192 5304006.611349273 1050.368746044922
431659.9404024774 5304006.6301155565 1050.368746044922
431659.9268569402 5304006.647768444 1050.368746044922
431659.9118243973 5304006.664173586 1050.368746044922
431659.8954192554 5304006.679206129 1050.368746044922
431659.8777663676 5304006.6927516665 1050.368746044922
431659.8590000831 5304006.704707108 1050.368746044922
431659.8392632245 5304006.7149814665 1050.368746044922
431659.8187060013 5304006.723496548 1050.368746044922
431659.7974848663 5304006.7301875455 1050.368746044922
431659.77576132526 5304006.735003538 1050.368746044922
431659.75370070734 5304006.737907874 1050.368746044922
431659.7314709073 5304006.7388784485 1050.368746044922
431659.7092411072 5304006.737907874 1050.368746044922
431659.6871804893 5304006.735003538 1050.368746044922
431659.6654569483 5304006.7301875455 1050.368746044922
431659.6442358133 5304006.723496548 1050.368746044922
431659.6236785901 5304006.7149814665 1050.368746044922
431659.6039417315 5304006.704707108 1050.368746044922
431659.5851754469 5304006.6927516665 1050.368746044922
431659.5675225592 5304006.679206129 1050.368746044922
431659.5511174173 5304006.664173586 1050.368746044922
431659.5360848744 5304006.647768444 1050.368746044922
431659.5225393372 5304006.6301155565 1050.368746044922
431659.5105838954 5304006.611349273 1050.368746044922
431659.5003095371 5304006.5916124135 1050.368746044922
431659.4917944565 5304006.571055191 1050.368746044922
431659.4851034583 5304006.549834056 1050.368746044922
431659.4802874652 5304006.528110514 1050.368746044922
431659.4773831297 5304006.506049897 1050.368746044922
431659.4764125557 5304006.483820097 1050.368746044922
431659.4773831297 5304006.461590297 1050.368746044922
431659.4802874652 5304006.439529679 1050.368746044922
431659.4851034583 5304006.417806137 1050.368746044922
431659.4917944565 5304006.396585003 1050.368746044922
431659.5003095371 5304006.37602778 1050.368746044922
431659.5105838954 5304006.356290921 1050.368746044922
431659.5225393372 5304006.337524637 1050.368746044922
431659.5360848744 5304006.319871749 1050.368746044922
431659.5511174173 5304006.303466607 1050.368746044922
431659.5675225592 5304006.288434064 1050.368746044922
431659.5851754469 5304006.274888527 1050.368746044922
431659.6039417315 5304006.262933085 1050.368746044922
431659.6236785901 5304006.252658727 1050.368746044922
431659.6442358133 5304006.244143645 1050.368746044922
431659.6654569483 5304006.237452648 1050.368746044922
431659.6871804893 5304006.232636655 1050.368746044922
431659.7092411072 5304006.229732319 1050.368746044922
431659.7314709073 5304006.228761745 1050.368746044922
431659.75370070734 5304006.229732319 1050.368746044922
431659.77576132526 5304006.232636655 1050.368746044922
431659.7974848663 5304006.237452648 1050.368746044922
431659.8187060013 5304006.244143645 1050.368746044922
431659.8392632245 5304006.252658727 1050.368746044922
431659.8590000831 5304006.262933085 1050.368746044922
431659.8777663676 5304006.274888527 1050.368746044922
431659.8954192554 5304006.288434064 1050.368746044922
431659.9118243973 5304006.303466607 1050.368746044922
431659.9268569402 5304006.319871749 1050.368746044922
431659.9404024774 5304006.337524637 1050.368746044922
431659.9523579192 5304006.356290921 1050.368746044922
431659.9626322775 5304006.37602778 1050.368746044922
431659.9711473581 5304006.396585003 1050.368746044922
431659.9778383563 5304006.417806137 1050.368746044922
431659.9826543494 5304006.439529679 1050.368746044922
431659.98555868486 5304006.461590297 1050.368746044922
431691.5740283718 5303999.763391557 1051.0497763183596
431691.57337617816 5303999.778329247 1051.0497763183596
431691.57142456085 5303999.793153252 1051.0497763183596
431691.56818837294 5303999.807750752 1051.0497763183596
431691.56369224365 5303999.822010653 1051.0497763183596
431691.5579703913 5303999.835824426 1051.0497763183596
431691.55106636265 5303999.849086942 1051.0497763183596
431691.54303270153 5303999.861697264 1051.0497763183596
431691.5339305489 5303999.87355942 1051.0497763183596
431691.52382917766 5303999.884583132 1051.0497763183596
431691.5128054654 5303999.894684504 1051.0497763183596
431691.5009433092 5303999.903786656 1051.0497763183596
431691.4883329871 5303999.911820318 1051.0497763183596
431691.47507047147 5303999.918724346 1051.0497763183596
431691.461256698 5303999.924446198 1051.0497763183596
431691.44699679775 5303999.928942327 1051.0497763183596
431691.4323992973 5303999.932178516 1051.0497763183596
431691.4175752923 5303999.934130133 1051.0497763183596
431691.40263760247 5303999.934782326 1051.0497763183596
431691.3876999127 5303999.934130133 1051.0497763183596
431691.3728759077 5303999.932178516 1051.0497763183596
431691.3582784072 5303999.928942327 1051.0497763183596
431691.344018507 5303999.924446198 1051.0497763183596
431691.3302047335 5303999.918724346 1051.0497763183596
431691.3169422178 5303999.911820318 1051.0497763183596
431691.3043318958 5303999.903786656 1051.0497763183596
431691.2924697396 5303999.894684504 1051.0497763183596
431691.2814460273 5303999.884583132 1051.0497763183596
431691.27134465607 5303999.87355942 1051.0497763183596
431691.2622425034 5303999.861697264 1051.0497763183596
431691.2542088423 5303999.849086942 1051.0497763183596
431691.2473048137 5303999.835824426 1051.0497763183596
431691.2415829613 5303999.822010653 1051.0497763183596
431691.237086832 5303999.807750752 1051.0497763183596
431691.2338506441 5303999.793153252 1051.0497763183596
431691.2318990268 5303999.778329247 1051.0497763183596
431691.2312468332 5303999.763391557 1051.0497763183596
431691.2318990268 5303999.748453868 1051.0497763183596
431691.2338506441 5303999.733629863 1051.0497763183596
431691.237086832 5303999.719032362 1051.0497763183596
431691.2415829613 5303999.704772461 1051.0497763183596
431691.2473048137 5303999.690958688 1051.0497763183596
431691.2542088423 5303999.677696172 1051.0497763183596
431691.2622425034 5303999.66508585 1051.0497763183596
431691.27134465607 5303999.653223694 1051.0497763183596
431691.2814460273 5303999.642199982 1051.0497763183596
431691.2924697396 5303999.6320986105 1051.0497763183596
431691.3043318958 5303999.622996458 1051.0497763183596
431691.3169422178 5303999.614962797 1051.0497763183596
431691.3302047335 5303999.608058768 1051.0497763183596
431691.344018507 5303999.602336916 1051.0497763183596
431691.3582784072 5303999.597840787 1051.0497763183596
431691.3728759077 5303999.594604598 1051.0497763183596
431691.3876999127 5303999.592652981 1051.0497763183596
431691.40263760247 5303999.592000788 1051.0497763183596
431691.4175752923 5303999.592652981 1051.0497763183596
431691.4323992973 5303999.594604598 1051.0497763183596
431691.44699679775 5303999.597840787 1051.0497763183596
431691.461256698 5303999.602336916 1051.0497763183596
431691.47507047147 5303999.608058768 1051.0497763183596
431691.4883329871 5303999.614962797 1051.0497763183596
431691.5009433092 5303999.622996458 1051.0497763183596
431691.5128054654 5303999.6320986105 1051.0497763183596
431691.52382917766 5303999.642199982 1051.0497763183596
431691.5339305489 5303999.653223694 1051.0497763183596
431691.54303270153 5303999.66508585 1051.0497763183596
431691.55106636265 5303999.677696172 1051.0497763183596
431691.5579703913 5303999.690958688 1051.0497763183596
431691.56369224365 5303999.704772461 1051.0497763183596
431691.56818837294 5303999.719032362 1051.0497763183596
431691.57142456085 5303999.733629863 1051.0497763183596
431691.57337617816 5303999.748453868 1051.0497763183596
431659.7136660332 5303930.357775522 1050.5377523925783
431659.7123038209 5303930.388975314 1050.5377523925783
431659.70822755113 5303930.419937657 1050.5377523925783
431659.7014682469 5303930.450426908 1050.5377523925783
431659.69207735045 5303930.480211026 1050.5377523925783
431659.6801263322 5303930.509063336 1050.5377523925783
431659.6657061468 5303930.536764255 1050.5377523925783
431659.6489265404 5303930.5631029615 1050.5377523925783
431659.629915216 5303930.587879001 1050.5377523925783
431659.6088168611 5303930.610903815 1050.5377523925783
431659.5857920472 5303930.63200217 1050.5377523925783
431659.56101600674 5303930.651013495 1050.5377523925783
431659.5346773005 5303930.667793102 1050.5377523925783
431659.5069763821 5303930.682213287 1050.5377523925783
431659.4781240719 5303930.694164305 1050.5377523925783
431659.44833995367 5303930.703555201 1050.5377523925783
431659.4178507024 5303930.710314506 1050.5377523925783
431659.3868883598 5303930.714390775 1050.5377523925783
431659.3556885679 5303930.715752988 1050.5377523925783
431659.324488776 5303930.714390775 1050.5377523925783
431659.2935264334 5303930.710314506 1050.5377523925783
431659.26303718216 5303930.703555201 1050.5377523925783
431659.2332530639 5303930.694164305 1050.5377523925783
431659.2044007538 5303930.682213287 1050.5377523925783
431659.1766998353 5303930.667793102 1050.5377523925783
431659.1503611291 5303930.651013495 1050.5377523925783
431659.1255850887 5303930.63200217 1050.5377523925783
431659.1025602747 5303930.610903815 1050.5377523925783
431659.0814619199 5303930.587879001 1050.5377523925783
431659.0624505954 5303930.5631029615 1050.5377523925783
431659.045670989 5303930.536764255 1050.5377523925783
431659.0312508036 5303930.509063336 1050.5377523925783
431659.0192997854 5303930.480211026 1050.5377523925783
431659.00990888895 5303930.450426908 1050.5377523925783
431659.0031495847 5303930.419937657 1050.5377523925783
431658.99907331495 5303930.388975314 1050.5377523925783
431658.99771110265 5303930.357775522 1050.5377523925783
431658.99907331495 5303930.326575731 1050.5377523925783
431659.0031495847 5303930.295613388 1050.5377523925783
431659.00990888895 5303930.265124137 1050.5377523925783
431659.0192997854 5303930.235340019 1050.5377523925783
431659.0312508036 5303930.206487709 1050.5377523925783
431659.045670989 5303930.17878679 1050.5377523925783
431659.0624505954 5303930.152448083 1050.5377523925783
431659.0814619199 5303930.127672044 1050.5377523925783
431659.1025602747 5303930.104647229 1050.5377523925783
431659.1255850887 5303930.083548875 1050.5377523925783
431659.1503611291 5303930.06453755 1050.5377523925783
431659.1766998353 5303930.047757943 1050.5377523925783
431659.2044007538 5303930.033337758 1050.5377523925783
431659.2332530639 5303930.02138674 1050.5377523925783
431659.26303718216 5303930.011995844 1050.5377523925783
431659.2935264334 5303930.005236539 1050.5377523925783
431659.324488776 5303930.00116027 1050.5377523925783
431659.3556885679 5303929.999798057 1050.5377523925783
431659.3868883598 5303930.00116027 1050.5377523925783
431659.4178507024 5303930.005236539 1050.5377523925783
431659.44833995367 5303930.011995844 1050.5377523925783
431659.4781240719 5303930.02138674 1050.5377523925783
431659.5069763821 5303930.033337758 1050.5377523925783
431659.5346773005 5303930.047757943 1050.5377523925783
431659.56101600674 5303930.06453755 1050.5377523925783
431659.5857920472 5303930.083548875 1050.5377523925783
431659.6088168611 5303930.104647229 1050.5377523925783
431659.629915216 5303930.127672044 1050.5377523925783
431659.6489265404 5303930.152448083 1050.5377523925783
431659.6657061468 5303930.17878679 1050.5377523925783
431659.6801263322 5303930.206487709 1050.5377523925783
431659.69207735045 5303930.235340019 1050.5377523925783
431659.7014682469 5303930.265124137 1050.5377523925783
431659.70822755113 5303930.295613388 1050.5377523925783
431659.7123038209 5303930.326575731 1050.5377523925783
431649.49865973217 5303989.604084238 1048.5827963378908
431649.4979719006 5303989.61983817 1048.5827963378908
431649.4959136409 5303989.6354722055 1048.5827963378908
431649.4925006176 5303989.650867359 1048.5827963378908
431649.48775880574 5303989.665906465 1048.5827963378908
431649.4817242936 5303989.6804750655 1048.5827963378908
431649.4744430072 5303989.694462286 1048.5827963378908
431649.4659703617 5303989.707761676 1048.5827963378908
431649.4563708391 5303989.720272018 1048.5827963378908
431649.44571749744 5303989.731898099 1048.5827963378908
431649.4340914151 5303989.742551441 1048.5827963378908
431649.4215810736 5303989.752150964 1048.5827963378908
431649.4082816842 5303989.76062361 1048.5827963378908
431649.3942944633 5303989.767904895 1048.5827963378908
431649.3797258621 5303989.773939407 1048.5827963378908
431649.36468675645 5303989.77868122 1048.5827963378908
431649.34929160296 5303989.782094243 1048.5827963378908
431649.3336575681 5303989.784152503 1048.5827963378908
431649.3179036363 5303989.784840334 1048.5827963378908
431649.3021497045 5303989.784152503 1048.5827963378908
431649.28651566966 5303989.782094243 1048.5827963378908
431649.2711205162 5303989.77868122 1048.5827963378908
431649.2560814105 5303989.773939407 1048.5827963378908
431649.2415128093 5303989.767904895 1048.5827963378908
431649.2275255884 5303989.76062361 1048.5827963378908
431649.214226199 5303989.752150964 1048.5827963378908
431649.2017158576 5303989.742551441 1048.5827963378908
431649.1900897752 5303989.731898099 1048.5827963378908
431649.1794364336 5303989.720272018 1048.5827963378908
431649.1698369109 5303989.707761676 1048.5827963378908
431649.1613642654 5303989.694462286 1048.5827963378908
431649.1540829791 5303989.6804750655 1048.5827963378908
431649.1480484669 5303989.665906465 1048.5827963378908
431649.1433066551 5303989.650867359 1048.5827963378908
431649.1398936317 5303989.6354722055 1048.5827963378908
431649.137835372 5303989.61983817 1048.5827963378908
431649.13714754046 5303989.604084238 1048.5827963378908
431649.137835372 5303989.588330307 1048.5827963378908
431649.1398936317 5303989.572696271 1048.5827963378908
431649.1433066551 5303989.557301118 1048.5827963378908
431649.1480484669 5303989.542262012 1048.5827963378908
431649.1540829791 5303989.527693411 1048.5827963378908
431649.1613642654 5303989.513706191 1048.5827963378908
431649.1698369109 5303989.500406801 1048.5827963378908
431649.1794364336 5303989.487896459 1048.5827963378908
431649.1900897752 5303989.476270378 1048.5827963378908
431649.2017158576 5303989.465617036 1048.5827963378908
431649.214226199 5303989.456017513 1048.5827963378908
431649.2275255884 5303989.447544867 1048.5827963378908
431649.2415128093 5303989.440263581 1048.5827963378908
431649.2560814105 5303989.434229069 1048.5827963378908
431649.2711205162 5303989.429487257 1048.5827963378908
431649.28651566966 5303989.426074234 1048.5827963378908
431649.3021497045 5303989.424015974 1048.5827963378908
431649.3179036363 5303989.423328143 1048.5827963378908
431649.3336575681 5303989.424015974 1048.5827963378908
431649.34929160296 5303989.426074234 1048.5827963378908
431649.36468675645 5303989.429487257 1048.5827963378908
431649.3797258621 5303989.434229069 1048.5827963378908
431649.3942944633 5303989.440263581 1048.5827963378908
431649.4082816842 5303989.447544867 1048.5827963378908
431649.4215810736 5303989.456017513 1048.5827963378908
431649.4340914151 5303989.465617036 1048.5827963378908
431649.44571749744 5303989.476270378 1048.5827963378908
431649.4563708391 5303989.487896459 1048.5827963378908
431649.4659703617 5303989.500406801 1048.5827963378908
431649.4744430072 5303989.513706191 1048.5827963378908
431649.4817242936 5303989.527693411 1048.5827963378908
431649.48775880574 5303989.542262012 1048.5827963378908
431649.4925006176 5303989.557301118 1048.5827963378908
431649.4959136409 5303989.572696271 1048.5827963378908
431649.4979719006 5303989.588330307 1048.5827963378908
431667.9957555693 5304009.304057766 1050.881746533203
431667.9950590658 5304009.3200103175 1050.881746533203
431667.9929748563 5304009.33584146 1050.881746533203
431667.9895188028 5304009.35143071 1050.881746533203
431667.9847172079 5304009.366659424 1050.881746533203
431667.9786066148 5304009.3814117005 1050.881746533203
431667.9712335286 5304009.395575267 1050.881746533203
431667.962654063 5304009.409042331 1050.881746533203
431667.952933513 5304009.421710398 1050.881746533203
431667.9421458579 5304009.433483058 1050.881746533203
431667.93037319806 5304009.444270713 1050.881746533203
431667.9177051307 5304009.453991263 1050.881746533203
431667.9042380674 5304009.462570729 1050.881746533203
431667.89007450064 5304009.469943815 1050.881746533203
431667.87532222376 5304009.476054409 1050.881746533203
431667.8600935104 5304009.480856003 1050.881746533203
431667.8445042604 5304009.484312057 1050.881746533203
431667.8286731172 5304009.486396266 1050.881746533203
431667.81272056553 5304009.48709277 1050.881746533203
431667.79676801385 5304009.486396266 1050.881746533203
431667.78093687067 5304009.484312057 1050.881746533203
431667.7653476207 5304009.480856003 1050.881746533203
431667.7501189073 5304009.476054409 1050.881746533203
431667.7353666304 5304009.469943815 1050.881746533203
431667.7212030637 5304009.462570729 1050.881746533203
431667.7077360004 5304009.453991263 1050.881746533203
431667.695067933 5304009.444270713 1050.881746533203
431667.6832952732 5304009.433483058 1050.881746533203
431667.672507618 5304009.421710398 1050.881746533203
431667.66278706805 5304009.409042331 1050.881746533203
431667.6542076025 5304009.395575267 1050.881746533203
431667.6468345163 5304009.3814117005 1050.881746533203
431667.6407239232 5304009.366659424 1050.881746533203
431667.6359223283 5304009.35143071 1050.881746533203
431667.6324662748 5304009.33584146 1050.881746533203
431667.6303820652 5304009.3200103175 1050.881746533203
431667.62968556175 5304009.304057766 1050.881746533203
431667.6303820652 5304009.288105214 1050.881746533203
431667.6324662748 5304009.272274071 1050.881746533203
431667.6359223283 5304009.256684821 1050.881746533203
431667.6407239232 5304009.241456107 1050.881746533203
431667.6468345163 5304009.226703831 1050.881746533203
431667.6542076025 5304009.212540264 1050.881746533203
431667.66278706805 5304009.1990732 1050.881746533203
431667.672507618 5304009.186405133 1050.881746533203
431667.6832952732 5304009.174632474 1050.881746533203
431667.695067933 5304009.163844818 1050.881746533203
431667.7077360004 5304009.154124268 1050.881746533203
431667.7212030637 5304009.145544803 1050.881746533203
431667.7353666304 5304009.138171717 1050.881746533203
431667.7501189073 5304009.132061123 1050.881746533203
431667.7653476207 5304009.127259528 1050.881746533203
431667.78093687067 5304009.123803475 1050.881746533203
431667.79676801385 5304009.121719265 1050.881746533203
431667.81272056553 5304009.121022762 1050.881746533203
431667.8286731172 5304009.121719265 1050.881746533203
431667.8445042604 5304009.123803475 1050.881746533203
431667.8600935104 5304009.127259528 1050.881746533203
431667.87532222376 5304009.132061123 1050.881746533203
431667.89007450064 5304009.138171717 1050.881746533203
431667.9042380674 5304009.145544803 1050.881746533203
431667.9177051307 5304009.154124268 1050.881746533203
431667.93037319806 5304009.163844818 1050.881746533203
431667.9421458579 5304009.174632474 1050.881746533203
431667.952933513 5304009.186405133 1050.881746533203
431667.962654063 5304009.1990732 1050.881746533203
431667.9712335286 5304009.212540264 1050.881746533203
431667.9786066148 5304009.226703831 1050.881746533203
431667.9847172079 5304009.241456107 1050.881746533203
431667.9895188028 5304009.256684821 1050.881746533203
431667.9929748563 5304009.272274071 1050.881746533203
431667.9950590658 5304009.288105214 1050.881746533203
431630.6637219865 5304052.141132513 1054.378755810547
431630.6633737749 5304052.149107871 1054.378755810547
431630.6623317901 5304052.157022531 1054.378755810547
431630.6606039623 5304052.1648162585 1054.378755810547
431630.6582034412 5304052.172429739 1054.378755810547
431630.6551484963 5304052.179805028 1054.378755810547
431630.6514623776 5304052.186885997 1054.378755810547
431630.6471731387 5304052.193618753 1054.378755810547
431630.6423134232 5304052.199952058 1054.378755810547
431630.63692021655 5304052.20583771 1054.378755810547
431630.6310345642 5304052.211230916 1054.378755810547
431630.6247012597 5304052.216090632 1054.378755810547
431630.6179685032 5304052.22037987 1054.378755810547
431630.6108875351 5304052.224065989 1054.378755810547
431630.60351224575 5304052.227120934 1054.378755810547
431630.5958987656 5304052.229521455 1054.378755810547
431630.5881050379 5304052.231249283 1054.378755810547
431630.5801903776 5304052.232291268 1054.378755810547
431630.5722150199 5304052.232639479 1054.378755810547
431630.5642396623 5304052.232291268 1054.378755810547
431630.5563250019 5304052.231249283 1054.378755810547
431630.5485312742 5304052.229521455 1054.378755810547
431630.5409177941 5304052.227120934 1054.378755810547
431630.5335425047 5304052.224065989 1054.378755810547
431630.5264615366 5304052.22037987 1054.378755810547
431630.5197287801 5304052.216090632 1054.378755810547
431630.5133954756 5304052.211230916 1054.378755810547
431630.5075098233 5304052.20583771 1054.378755810547
431630.5021166166 5304052.199952058 1054.378755810547
431630.4972569011 5304052.193618753 1054.378755810547
431630.49296766217 5304052.186885997 1054.378755810547
431630.4892815435 5304052.179805028 1054.378755810547
431630.4862265986 5304052.172429739 1054.378755810547
431630.4838260776 5304052.1648162585 1054.378755810547
431630.4820982497 5304052.157022531 1054.378755810547
431630.4810562649 5304052.149107871 1054.378755810547
431630.4807080533 5304052.141132513 1054.378755810547
431630.4810562649 5304052.133157156 1054.378755810547
431630.4820982497 5304052.125242495 1054.378755810547
431630.4838260776 5304052.117448768 1054.378755810547
431630.4862265986 5304052.109835288 1054.378755810547
431630.4892815435 5304052.102459998 1054.378755810547
431630.49296766217 5304052.095379029 1054.378755810547
431630.4972569011 5304052.088646273 1054.378755810547
431630.5021166166 5304052.082312969 1054.378755810547
431630.5075098233 5304052.076427316 1054.378755810547
431630.5133954756 5304052.07103411 1054.378755810547
431630.5197287801 5304052.066174394 1054.378755810547
431630.5264615366 5304052.061885156 1054.378755810547
431630.5335425047 5304052.058199037 1054.378755810547
431630.5409177941 5304052.055144092 1054.378755810547
431630.5485312742 5304052.052743571 1054.378755810547
431630.5563250019 5304052.051015743 1054.378755810547
431630.5642396623 5304052.049973758 1054.378755810547
431630.5722150199 5304052.049625547 1054.378755810547
431630.5801903776 5304052.049973758 1054.378755810547
431630.5881050379 5304052.051015743 1054.378755810547
431630.5958987656 5304052.052743571 1054.378755810547
431630.60351224575 5304052.055144092 1054.378755810547
431630.6108875351 5304052.058199037 1054.378755810547
431630.6179685032 5304052.061885156 1054.378755810547
431630.6247012597 5304052.066174394 1054.378755810547
431630.6310345642 5304052.07103411 1054.378755810547
431630.63692021655 5304052.076427316 1054.378755810547
431630.6423134232 5304052.082312969 1054.378755810547
431630.6471731387 5304052.088646273 1054.378755810547
431630.6514623776 5304052.095379029 1054.378755810547
431630.6551484963 5304052.102459998 1054.378755810547
431630.6582034412 5304052.109835288 1054.378755810547
431630.6606039623 5304052.117448768 1054.378755810547
431630.6623317901 5304052.125242495 1054.378755810547
431630.6633737749 5304052.133157156 1054.378755810547
431663.8687617764 5304002.163656327 1049.4277670410158
431663.8680870896 5304002.179109195 1049.4277670410158
431663.866068164 5304002.194444458 1049.4277670410158
431663.8627203647 5304002.209545405 1049.4277670410158
431663.8580691706 5304002.224297108 1049.4277670410158
431663.8521499801 5304002.238587298 1049.4277670410158
431663.8450078417 5304002.2523072185 1049.4277670410158
431663.8366971116 5304002.265352451 1049.4277670410158
431663.8272810392 5304002.277623716 1049.4277670410158
431663.81683128665 5304002.289027619 1049.4277670410158
431663.8054273829 5304002.299477372 1049.4277670410158
431663.79315611854 5304002.308893444 1049.4277670410158
431663.7801108852 5304002.317204175 1049.4277670410158
431663.7663909651 5304002.324346313 1049.4277670410158
431663.752100775 5304002.330265503 1049.4277670410158
431663.737349072 5304002.334916698 1049.4277670410158
431663.7222481254 5304002.338264497 1049.4277670410158
431663.70691286254 5304002.340283423 1049.4277670410158
431663.691459994 5304002.340958109 1049.4277670410158
431663.6760071255 5304002.340283423 1049.4277670410158
431663.6606718626 5304002.338264497 1049.4277670410158
431663.645570916 5304002.334916698 1049.4277670410158
431663.630819213 5304002.330265503 1049.4277670410158
431663.6165290229 5304002.324346313 1049.4277670410158
431663.6028091028 5304002.317204175 1049.4277670410158
431663.5897638695 5304002.308893444 1049.4277670410158
431663.5774926051 5304002.299477372 1049.4277670410158
431663.56608870137 5304002.289027619 1049.4277670410158
431663.5556389488 5304002.277623716 1049.4277670410158
431663.54622287647 5304002.265352451 1049.4277670410158
431663.5379121463 5304002.2523072185 1049.4277670410158
431663.5307700079 5304002.238587298 1049.4277670410158
431663.5248508174 5304002.224297108 1049.4277670410158
431663.5201996233 5304002.209545405 1049.4277670410158
431663.51685182407 5304002.194444458 1049.4277670410158
431663.5148328984 5304002.179109195 1049.4277670410158
431663.5141582116 5304002.163656327 1049.4277670410158
431663.5148328984 5304002.148203459 1049.4277670410158
431663.51685182407 5304002.132868196 1049.4277670410158
431663.5201996233 5304002.117767249 1049.4277670410158
431663.5248508174 5304002.103015546 1049.4277670410158
431663.5307700079 5304002.088725355 1049.4277670410158
431663.5379121463 5304002.075005435 1049.4277670410158
431663.54622287647 5304002.061960203 1049.4277670410158
431663.5556389488 5304002.049688938 1049.4277670410158
431663.56608870137 5304002.038285035 1049.4277670410158
431663.5774926051 5304002.027835282 1049.4277670410158
431663.5897638695 5304002.01841921 1049.4277670410158
431663.6028091028 5304002.010108479 1049.4277670410158
431663.6165290229 5304002.002966341 1049.4277670410158
431663.630819213 5304001.997047151 1049.4277670410158
431663.645570916 5304001.992395956 1049.4277670410158
431663.6606718626 5304001.989048157 1049.4277670410158
431663.6760071255 5304001.987029231 1049.4277670410158
431663.691459994 5304001.986354545 1049.4277670410158
431663.70691286254 5304001.987029231 1049.4277670410158
431663.7222481254 5304001.989048157 1049.4277670410158
431663.737349072 5304001.992395956 1049.4277670410158
431663.752100775 5304001.997047151 1049.4277670410158
431663.7663909651 5304002.002966341 1049.4277670410158
431663.7801108852 5304002.010108479 1049.4277670410158
431663.79315611854 5304002.01841921 1049.4277670410158
431663.8054273829 5304002.027835282 1049.4277670410158
431663.81683128665 5304002.038285035 1049.4277670410158
431663.8272810392 5304002.049688938 1049.4277670410158
431663.8366971116 5304002.061960203 1049.4277670410158
431663.8450078417 5304002.075005435 1049.4277670410158
431663.8521499801 5304002.088725355 1049.4277670410158
431663.8580691706 5304002.103015546 1049.4277670410158
431663.8627203647 5304002.117767249 1049.4277670410158
431663.866068164 5304002.132868196 1049.4277670410158
431663.8680870896 5304002.148203459 1049.4277670410158
431617.3600598129 5303986.823864156 1052.9527914550783
431617.3589562965 5303986.849138837 1052.9527914550783
431617.3556541458 5303986.874221162 1052.9527914550783
431617.3501784921 5303986.89892024 1052.9527914550783
431617.3425710084 5303986.923048095 1052.9527914550783
431617.3328895924 5303986.946421101 1052.9527914550783
431617.3212079253 5303986.968861375 1052.9527914550783
431617.3076149119 5303986.990198132 1052.9527914550783
431617.292214003 5303987.010268987 1052.9527914550783
431617.2751224089 5303987.028921189 1052.9527914550783
431617.25647020695 5303987.046012783 1052.9527914550783
431617.2363993517 5303987.061413692 1052.9527914550783
431617.2150625945 5303987.075006706 1052.9527914550783
431617.1926223209 5303987.086688372 1052.9527914550783
431617.1692493149 5303987.096369789 1052.9527914550783
431617.1451214593 5303987.103977272 1052.9527914550783
431617.1204223816 5303987.109452926 1052.9527914550783
431617.09534005664 5303987.112755077 1052.9527914550783
431617.0700653761 5303987.113858594 1052.9527914550783
431617.0447906956 5303987.112755077 1052.9527914550783
431617.0197083706 5303987.109452926 1052.9527914550783
431616.9950092929 5303987.103977272 1052.9527914550783
431616.9708814373 5303987.096369789 1052.9527914550783
431616.9475084313 5303987.086688372 1052.9527914550783
431616.9250681577 5303987.075006706 1052.9527914550783
431616.9037314005 5303987.061413692 1052.9527914550783
431616.8836605453 5303987.046012783 1052.9527914550783
431616.86500834336 5303987.028921189 1052.9527914550783
431616.8479167493 5303987.010268987 1052.9527914550783
431616.8325158404 5303986.990198132 1052.9527914550783
431616.8189228269 5303986.968861375 1052.9527914550783
431616.80724115984 5303986.946421101 1052.9527914550783
431616.7975597438 5303986.923048095 1052.9527914550783
431616.78995226015 5303986.89892024 1052.9527914550783
431616.7844766064 5303986.874221162 1052.9527914550783
431616.7811744557 5303986.849138837 1052.9527914550783
431616.7800709393 5303986.823864156 1052.9527914550783
431616.7811744557 5303986.798589475 1052.9527914550783
431616.7844766064 5303986.773507151 1052.9527914550783
431616.78995226015 5303986.748808073 1052.9527914550783
431616.7975597438 5303986.724680218 1052.9527914550783
431616.80724115984 5303986.701307212 1052.9527914550783
431616.8189228269 5303986.678866938 1052.9527914550783
431616.8325158404 5303986.657530181 1052.9527914550783
431616.8479167493 5303986.637459326 1052.9527914550783
431616.86500834336 5303986.618807124 1052.9527914550783
431616.8836605453 5303986.601715529 1052.9527914550783
431616.9037314005 5303986.58631462 1052.9527914550783
431616.9250681577 5303986.572721607 1052.9527914550783
431616.9475084313 5303986.56103994 1052.9527914550783
431616.9708814373 5303986.551358524 1052.9527914550783
431616.9950092929 5303986.5437510405 1052.9527914550783
431617.0197083706 5303986.538275387 1052.9527914550783
431617.0447906956 5303986.534973236 1052.9527914550783
431617.0700653761 5303986.533869719 1052.9527914550783
431617.09534005664 5303986.534973236 1052.9527914550783
431617.1204223816 5303986.538275387 1052.9527914550783
431617.1451214593 5303986.5437510405 1052.9527914550783
431617.1692493149 5303986.551358524 1052.9527914550783
431617.1926223209 5303986.56103994 1052.9527914550783
431617.2150625945 5303986.572721607 1052.9527914550783
431617.2363993517 5303986.58631462 1052.9527914550783
431617.25647020695 5303986.601715529 1052.9527914550783
431617.2751224089 5303986.618807124 1052.9527914550783
431617.292214003 5303986.637459326 1052.9527914550783
431617.3076149119 5303986.657530181 1052.9527914550783
431617.3212079253 5303986.678866938 1052.9527914550783
431617.3328895924 5303986.701307212 1052.9527914550783
431617.3425710084 5303986.724680218 1052.9527914550783
431617.3501784921 5303986.748808073 1052.9527914550783
431617.3556541458 5303986.773507151 1052.9527914550783
431617.3589562965 5303986.798589475 1052.9527914550783
431668.9406062058 5304057.987266659 1054.8297445800783
431668.9393751439 5304058.015462614 1054.8297445800783
431668.93569132703 5304058.04344398 1054.8297445800783
431668.9295827915 5304058.070997804 1054.8297445800783
431668.9210960269 5304058.097914382 1054.8297445800783
431668.91029562254 5304058.123988864 1054.8297445800783
431668.89726377616 5304058.149022808 1054.8297445800783
431668.8820996679 5304058.17282569 1054.8297445800783
431668.86491870566 5304058.195216357 1054.8297445800783
431668.8458516472 5304058.2160244 1054.8297445800783
431668.82504360407 5304058.235091458 1054.8297445800783
431668.80265293823 5304058.252272421 1054.8297445800783
431668.7788500562 5304058.267436529 1054.8297445800783
431668.75381611206 5304058.280468375 1054.8297445800783
431668.7277416295 5304058.291268779 1054.8297445800783
431668.7008250509 5304058.299755544 1054.8297445800783
431668.6732712277 5304058.305864079 1054.8297445800783
431668.6452898613 5304058.3095478965 1054.8297445800783
431668.6170939065 5304058.310778958 1054.8297445800783
431668.58889795176 5304058.3095478965 1054.8297445800783
431668.56091658527 5304058.305864079 1054.8297445800783
431668.5333627621 5304058.299755544 1054.8297445800783
431668.50644618354 5304058.291268779 1054.8297445800783
431668.48037170095 5304058.280468375 1054.8297445800783
431668.4553377568 5304058.267436529 1054.8297445800783
431668.4315348748 5304058.252272421 1054.8297445800783
431668.40914420894 5304058.235091458 1054.8297445800783
431668.38833616587 5304058.2160244 1054.8297445800783
431668.36926910735 5304058.195216357 1054.8297445800783
431668.3520881452 5304058.17282569 1054.8297445800783
431668.3369240369 5304058.149022808 1054.8297445800783
431668.32389219047 5304058.123988864 1054.8297445800783
431668.3130917861 5304058.097914382 1054.8297445800783
431668.3046050215 5304058.070997804 1054.8297445800783
431668.298496486 5304058.04344398 1054.8297445800783
431668.2948126692 5304058.015462614 1054.8297445800783
431668.2935816072 5304057.987266659 1054.8297445800783
431668.2948126692 5304057.959070704 1054.8297445800783
431668.298496486 5304057.931089338 1054.8297445800783
431668.3046050215 5304057.903535514 1054.8297445800783
431668.3130917861 5304057.876618936 1054.8297445800783
431668.32389219047 5304057.850544454 1054.8297445800783
431668.3369240369 5304057.825510509 1054.8297445800783
431668.3520881452 5304057.801707627 1054.8297445800783
431668.36926910735 5304057.779316961 1054.8297445800783
431668.38833616587 5304057.758508918 1054.8297445800783
431668.40914420894 5304057.73944186 1054.8297445800783
431668.4315348748 5304057.722260897 1054.8297445800783
431668.4553377568 5304057.707096789 1054.8297445800783
431668.48037170095 5304057.694064943 1054.8297445800783
431668.50644618354 5304057.683264539 1054.8297445800783
431668.5333627621 5304057.674777774 1054.8297445800783
431668.56091658527 5304057.668669239 1054.8297445800783
431668.58889795176 5304057.664985421 1054.8297445800783
431668.6170939065 5304057.66375436 1054.8297445800783
431668.6452898613 5304057.664985421 1054.8297445800783
431668.6732712277 5304057.668669239 1054.8297445800783
431668.7008250509 5304057.674777774 1054.8297445800783
431668.7277416295 5304057.683264539 1054.8297445800783
431668.75381611206 5304057.694064943 1054.8297445800783
431668.7788500562 5304057.707096789 1054.8297445800783
431668.80265293823 5304057.722260897 1054.8297445800783
431668.82504360407 5304057.73944186 1054.8297445800783
431668.8458516472 5304057.758508918 1054.8297445800783
431668.86491870566 5304057.779316961 1054.8297445800783
431668.8820996679 5304057.801707627 1054.8297445800783
431668.89726377616 5304057.825510509 1054.8297445800783
431668.91029562254 5304057.850544454 1054.8297445800783
431668.9210960269 5304057.876618936 1054.8297445800783
431668.9295827915 5304057.903535514 1054.8297445800783
431668.93569132703 5304057.931089338 1054.8297445800783
431668.9393751439 5304057.959070704 1054.8297445800783
431655.1676080415 5303920.554448401 1051.2307455566408
431655.1669015364 5303920.570630027 1051.2307455566408
431655.16478739824 5303920.586688501 1051.2307455566408
431655.1612817167 5303920.602501608 1051.2307455566408
431655.1564111722 5303920.6179490015 1051.2307455566408
431655.1502128327 5303920.632913117 1051.2307455566408
431655.142733871 5303920.647280069 1051.2307455566408
431655.13403120666 5303920.660940515 1051.2307455566408
431655.12417107227 5303920.673790493 1051.2307455566408
431655.1132285093 5303920.6857322045 1051.2307455566408
431655.1012867974 5303920.696674768 1051.2307455566408
431655.0884368201 5303920.706534902 1051.2307455566408
431655.0747763734 5303920.715237566 1051.2307455566408
431655.06040942174 5303920.722716528 1051.2307455566408
431655.04544530617 5303920.728914867 1051.2307455566408
431655.0299979127 5303920.733785412 1051.2307455566408
431655.0141848053 5303920.737291094 1051.2307455566408
431654.9981263313 5303920.739405232 1051.2307455566408
431654.98194470536 5303920.740111737 1051.2307455566408
431654.9657630794 5303920.739405232 1051.2307455566408
431654.9497046054 5303920.737291094 1051.2307455566408
431654.933891498 5303920.733785412 1051.2307455566408
431654.91844410455 5303920.728914867 1051.2307455566408
431654.903479989 5303920.722716528 1051.2307455566408
431654.8891130373 5303920.715237566 1051.2307455566408
431654.8754525906 5303920.706534902 1051.2307455566408
431654.8626026133 5303920.696674768 1051.2307455566408
431654.8506609014 5303920.6857322045 1051.2307455566408
431654.83971833845 5303920.673790493 1051.2307455566408
431654.82985820406 5303920.660940515 1051.2307455566408
431654.8211555397 5303920.647280069 1051.2307455566408
431654.81367657805 5303920.632913117 1051.2307455566408
431654.8074782385 5303920.6179490015 1051.2307455566408
431654.802607694 5303920.602501608 1051.2307455566408
431654.7991020125 5303920.586688501 1051.2307455566408
431654.7969878743 5303920.570630027 1051.2307455566408
431654.7962813692 5303920.554448401 1051.2307455566408
431654.7969878743 5303920.538266774 1051.2307455566408
431654.7991020125 5303920.5222083 1051.2307455566408
431654.802607694 5303920.506395193 1051.2307455566408
431654.8074782385 5303920.4909478 1051.2307455566408
431654.81367657805 5303920.475983684 1051.2307455566408
431654.8211555397 5303920.461616732 1051.2307455566408
431654.82985820406 5303920.447956286 1051.2307455566408
431654.83971833845 5303920.435106308 1051.2307455566408
431654.8506609014 5303920.423164597 1051.2307455566408
431654.8626026133 5303920.412222033 1051.2307455566408
431654.8754525906 5303920.4023619 1051.2307455566408
431654.8891130373 5303920.393659235 1051.2307455566408
431654.903479989 5303920.386180273 1051.2307455566408
431654.91844410455 5303920.379981934 1051.2307455566408
431654.933891498 5303920.375111389 1051.2307455566408
431654.9497046054 5303920.371605707 1051.2307455566408
431654.9657630794 5303920.36949157 1051.2307455566408
431654.98194470536 5303920.368785065 1051.2307455566408
431654.9981263313 5303920.36949157 1051.2307455566408
431655.0141848053 5303920.371605707 1051.2307455566408
431655.0299979127 5303920.375111389 1051.2307455566408
431655.04544530617 5303920.379981934 1051.2307455566408
431655.06040942174 5303920.386180273 1051.2307455566408
431655.0747763734 5303920.393659235 1051.2307455566408
431655.0884368201 5303920.4023619 1051.2307455566408
431655.1012867974 5303920.412222033 1051.2307455566408
431655.1132285093 5303920.423164597 1051.2307455566408
431655.12417107227 5303920.435106308 1051.2307455566408
431655.13403120666 5303920.447956286 1051.2307455566408
431655.142733871 5303920.461616732 1051.2307455566408
431655.1502128327 5303920.475983684 1051.2307455566408
431655.1564111722 5303920.4909478 1051.2307455566408
431655.1612817167 5303920.506395193 1051.2307455566408
431655.16478739824 5303920.5222083 1051.2307455566408
431655.1669015364 5303920.538266774 1051.2307455566408
431672.6625810338 5304011.011363567 1051.971773388672
431672.6615549833 5304011.034863986 1051.971773388672
431672.6584846408 5304011.058185552 1051.971773388672
431672.6533933734 5304011.081150776 1051.971773388672
431672.6463199288 5304011.103584876 1051.971773388672
431672.63731814 5304011.125317116 1051.971773388672
431672.62645651615 5304011.146182102 1051.971773388672
431672.6138177209 5304011.166021037 1051.971773388672
431672.5994979429 5304011.184682935 1051.971773388672
431672.5836061645 5304011.202025767 1051.971773388672
431672.56626333145 5304011.217917546 1051.971773388672
431672.5476014335 5304011.232237324 1051.971773388672
431672.5277624988 5304011.244876119 1051.971773388672
431672.5068975136 5304011.255737743 1051.971773388672
431672.4851652731 5304011.264739532 1051.971773388672
431672.4627311728 5304011.271812976 1051.971773388672
431672.4397659496 5304011.276904244 1051.971773388672
431672.41644438286 5304011.279974586 1051.971773388672
431672.39294396376 5304011.2810006365 1051.971773388672
431672.3694435447 5304011.279974586 1051.971773388672
431672.3461219779 5304011.276904244 1051.971773388672
431672.3231567548 5304011.271812976 1051.971773388672
431672.3007226544 5304011.264739532 1051.971773388672
431672.27899041394 5304011.255737743 1051.971773388672
431672.2581254288 5304011.244876119 1051.971773388672
431672.2382864941 5304011.232237324 1051.971773388672
431672.21962459607 5304011.217917546 1051.971773388672
431672.2022817631 5304011.202025767 1051.971773388672
431672.1863899846 5304011.184682935 1051.971773388672
431672.17207020667 5304011.166021037 1051.971773388672
431672.15943141136 5304011.146182102 1051.971773388672
431672.1485697876 5304011.125317116 1051.971773388672
431672.1395679988 5304011.103584876 1051.971773388672
431672.1324945541 5304011.081150776 1051.971773388672
431672.1274032867 5304011.058185552 1051.971773388672
431672.1243329442 5304011.034863986 1051.971773388672
431672.12330689374 5304011.011363567 1051.971773388672
431672.1243329442 5304010.987863148 1051.971773388672
431672.1274032867 5304010.964541581 1051.971773388672
431672.1324945541 5304010.941576358 1051.971773388672
431672.1395679988 5304010.919142257 1051.971773388672
431672.1485697876 5304010.897410017 1051.971773388672
431672.15943141136 5304010.876545032 1051.971773388672
431672.17207020667 5304010.856706097 1051.971773388672
431672.1863899846 5304010.838044199 1051.971773388672
431672.2022817631 5304010.820701366 1051.971773388672
431672.21962459607 5304010.804809588 1051.971773388672
431672.2382864941 5304010.79048981 1051.971773388672
431672.2581254288 5304010.777851014 1051.971773388672
431672.27899041394 5304010.76698939 1051.971773388672
431672.3007226544 5304010.757987602 1051.971773388672
431672.3231567548 5304010.750914157 1051.971773388672
431672.3461219779 5304010.74582289 1051.971773388672
431672.3694435447 5304010.742752547 1051.971773388672
431672.39294396376 5304010.741726497 1051.971773388672
431672.41644438286 5304010.742752547 1051.971773388672
431672.4397659496 5304010.74582289 1051.971773388672
431672.4627311728 5304010.750914157 1051.971773388672
431672.4851652731 5304010.757987602 1051.971773388672
431672.5068975136 5304010.76698939 1051.971773388672
431672.5277624988 5304010.777851014 1051.971773388672
431672.5476014335 5304010.79048981 1051.971773388672
431672.56626333145 5304010.804809588 1051.971773388672
431672.5836061645 5304010.820701366 1051.971773388672
431672.5994979429 5304010.838044199 1051.971773388672
431672.6138177209 5304010.856706097 1051.971773388672
431672.62645651615 5304010.876545032 1051.971773388672
431672.63731814 5304010.897410017 1051.971773388672
431672.6463199288 5304010.919142257 1051.971773388672
431672.6533933734 5304010.941576358 1051.971773388672
431672.6584846408 5304010.964541581 1051.971773388672
431672.6615549833 5304010.987863148 1051.971773388672
431637.5473024848 5304014.14063739 1052.0287802246096
431637.5466987188 5304014.154465904 1052.0287802246096
431637.5448920161 5304014.168189174 1052.0287802246096
431637.5418961266 5304014.181702757 1052.0287802246096
431637.5377338509 5304014.194903809 1052.0287802246096
431637.53243686655 5304014.20769186 1052.0287802246096
431637.5260454866 5304014.219969587 1052.0287802246096
431637.5186083535 5304014.231643548 1052.0287802246096
431637.5101820681 5304014.242624897 1052.0287802246096
431637.5008307597 5304014.252830059 1052.0287802246096
431637.4906255973 5304014.262181368 1052.0287802246096
431637.4796442485 5304014.270607653 1052.0287802246096
431637.4679702878 5304014.278044786 1052.0287802246096
431637.4556925612 5304014.284436166 1052.0287802246096
431637.4429045096 5304014.28973315 1052.0287802246096
431637.42970345775 5304014.293895426 1052.0287802246096
431637.4161898737 5304014.296891316 1052.0287802246096
431637.4024666039 5304014.298698018 1052.0287802246096
431637.3886380908 5304014.2993017845 1052.0287802246096
431637.3748095777 5304014.298698018 1052.0287802246096
431637.361086308 5304014.296891316 1052.0287802246096
431637.3475727239 5304014.293895426 1052.0287802246096
431637.33437167207 5304014.28973315 1052.0287802246096
431637.3215836205 5304014.284436166 1052.0287802246096
431637.3093058938 5304014.278044786 1052.0287802246096
431637.2976319332 5304014.270607653 1052.0287802246096
431637.2866505843 5304014.262181368 1052.0287802246096
431637.2764454219 5304014.252830059 1052.0287802246096
431637.2670941135 5304014.242624897 1052.0287802246096
431637.25866782817 5304014.231643548 1052.0287802246096
431637.251230695 5304014.219969587 1052.0287802246096
431637.2448393151 5304014.20769186 1052.0287802246096
431637.2395423307 5304014.194903809 1052.0287802246096
431637.235380055 5304014.181702757 1052.0287802246096
431637.2323841655 5304014.168189174 1052.0287802246096
431637.2305774628 5304014.154465904 1052.0287802246096
431637.22997369687 5304014.14063739 1052.0287802246096
431637.2305774628 5304014.126808877 1052.0287802246096
431637.2323841655 5304014.113085607 1052.0287802246096
431637.235380055 5304014.099572023 1052.0287802246096
431637.2395423307 5304014.086370972 1052.0287802246096
431637.2448393151 5304014.07358292 1052.0287802246096
431637.251230695 5304014.061305193 1052.0287802246096
431637.25866782817 5304014.049631232 1052.0287802246096
431637.2670941135 5304014.038649884 1052.0287802246096
431637.2764454219 5304014.028444721 1052.0287802246096
431637.2866505843 5304014.019093413 1052.0287802246096
431637.2976319332 5304014.010667128 1052.0287802246096
431637.3093058938 5304014.003229994 1052.0287802246096
431637.3215836205 5304013.996838614 1052.0287802246096
431637.33437167207 5304013.991541631 1052.0287802246096
431637.3475727239 5304013.987379354 1052.0287802246096
431637.361086308 5304013.984383465 1052.0287802246096
431637.3748095777 5304013.982576762 1052.0287802246096
431637.3886380908 5304013.981972996 1052.0287802246096
431637.4024666039 5304013.982576762 1052.0287802246096
431637.4161898737 5304013.984383465 1052.0287802246096
431637.42970345775 5304013.987379354 1052.0287802246096
431637.4429045096 5304013.991541631 1052.0287802246096
431637.4556925612 5304013.996838614 1052.0287802246096
431637.4679702878 5304014.003229994 1052.0287802246096
431637.4796442485 5304014.010667128 1052.0287802246096
431637.4906255973 5304014.019093413 1052.0287802246096
431637.5008307597 5304014.028444721 1052.0287802246096
431637.5101820681 5304014.038649884 1052.0287802246096
431637.5186083535 5304014.049631232 1052.0287802246096
431637.5260454866 5304014.061305193 1052.0287802246096
431637.53243686655 5304014.07358292 1052.0287802246096
431637.5377338509 5304014.086370972 1052.0287802246096
431637.5418961266 5304014.099572023 1052.0287802246096
431637.5448920161 5304014.113085607 1052.0287802246096
431637.5466987188 5304014.126808877 1052.0287802246096
431632.2288203206 5303995.8879697 1052.326753857422
431632.2280684605 5303995.905190127 1052.326753857422
431632.2258186023 5303995.922279497 1052.326753857422
431632.2220878688 5303995.939107749 1052.326753857422
431632.21690465306 5303995.955546808 1052.326753857422
431632.21030840254 5303995.971471566 1052.326753857422
431632.2023493187 5303995.986760824 1052.326753857422
431632.19308797497 5303996.001298222 1052.326753857422
431632.1825948557 5303996.014973121 1052.326753857422
431632.17094982 5303996.027681448 1052.326753857422
431632.1582414935 5303996.039326483 1052.326753857422
431632.1445665943 5303996.049819603 1052.326753857422
431632.13002919656 5303996.059080946 1052.326753857422
431632.1147399388 5303996.06704003 1052.326753857422
431632.09881518135 5303996.07363628 1052.326753857422
431632.0823761213 5303996.078819496 1052.326753857422
431632.0655478698 5303996.0825502295 1052.326753857422
431632.04845850007 5303996.084800088 1052.326753857422
431632.0312380725 5303996.085551948 1052.326753857422
431632.0140176449 5303996.084800088 1052.326753857422
431631.9969282752 5303996.0825502295 1052.326753857422
431631.9801000237 5303996.078819496 1052.326753857422
431631.9636609637 5303996.07363628 1052.326753857422
431631.94773620623 5303996.06704003 1052.326753857422
431631.9324469484 5303996.059080946 1052.326753857422
431631.9179095507 5303996.049819603 1052.326753857422
431631.9042346515 5303996.039326483 1052.326753857422
431631.89152632497 5303996.027681448 1052.326753857422
431631.87988128926 5303996.014973121 1052.326753857422
431631.86938817 5303996.001298222 1052.326753857422
431631.8601268263 5303995.986760824 1052.326753857422
431631.8521677424 5303995.971471566 1052.326753857422
431631.8455714919 5303995.955546808 1052.326753857422
431631.8403882762 5303995.939107749 1052.326753857422
431631.8366575427 5303995.922279497 1052.326753857422
431631.83440768445 5303995.905190127 1052.326753857422
431631.8336558244 5303995.8879697 1052.326753857422
431631.83440768445 5303995.870749272 1052.326753857422
431631.8366575427 5303995.853659903 1052.326753857422
431631.8403882762 5303995.836831651 1052.326753857422
431631.8455714919 5303995.820392591 1052.326753857422
431631.8521677424 5303995.804467834 1052.326753857422
431631.8601268263 5303995.789178575 1052.326753857422
431631.86938817 5303995.774641178 1052.326753857422
431631.87988128926 5303995.760966279 1052.326753857422
431631.89152632497 5303995.748257952 1052.326753857422
431631.9042346515 5303995.736612916 1052.326753857422
431631.9179095507 5303995.726119797 1052.326753857422
431631.9324469484 5303995.716858453 1052.326753857422
431631.94773620623 5303995.708899369 1052.326753857422
431631.9636609637 5303995.702303119 1052.326753857422
431631.9801000237 5303995.697119904 1052.326753857422
431631.9969282752 5303995.69338917 1052.326753857422
431632.0140176449 5303995.691139312 1052.326753857422
431632.0312380725 5303995.690387451 1052.326753857422
431632.04845850007 5303995.691139312 1052.326753857422
431632.0655478698 5303995.69338917 1052.326753857422
431632.0823761213 5303995.697119904 1052.326753857422
431632.09881518135 5303995.702303119 1052.326753857422
431632.1147399388 5303995.708899369 1052.326753857422
431632.13002919656 5303995.716858453 1052.326753857422
431632.1445665943 5303995.726119797 1052.326753857422
431632.1582414935 5303995.736612916 1052.326753857422
431632.17094982 5303995.748257952 1052.326753857422
431632.1825948557 5303995.760966279 1052.326753857422
431632.19308797497 5303995.774641178 1052.326753857422
431632.2023493187 5303995.789178575 1052.326753857422
431632.21030840254 5303995.804467834 1052.326753857422
431632.21690465306 5303995.820392591 1052.326753857422
431632.2220878688 5303995.836831651 1052.326753857422
431632.2258186023 5303995.853659903 1052.326753857422
431632.2280684605 5303995.870749272 1052.326753857422
431647.0777596344 5304001.563076948 1049.506746533203
431647.0775624366 5304001.5675935205 1049.506746533203
431647.0769723439 5304001.572075719 1049.506746533203
431647.0759938474 5304001.576489432 1049.506746533203
431647.0746343939 5304001.580801067 1049.506746533203
431647.07290432975 5304001.584977811 1049.506746533203
431647.07081682177 5304001.588987878 1049.506746533203
431647.0683877572 5304001.592800745 1049.506746533203
431647.0656356226 5304001.596387397 1049.506746533203
431647.06258136337 5304001.599720536 1049.506746533203
431647.0592482244 5304001.602774795 1049.506746533203
431647.0556615727 5304001.60552693 1049.506746533203
431647.051848705 5304001.607955994 1049.506746533203
431647.0478386395 5304001.6100435015 1049.506746533203
431647.0436618952 5304001.611773566 1049.506746533203
431647.0393502597 5304001.61313302 1049.506746533203
431647.034936547 5304001.614111516 1049.506746533203
431647.03045434825 5304001.614701609 1049.506746533203
431647.0259377757 5304001.614898806 1049.506746533203
431647.0214212031 5304001.614701609 1049.506746533203
431647.0169390044 5304001.614111516 1049.506746533203
431647.0125252917 5304001.61313302 1049.506746533203
431647.00821365614 5304001.611773566 1049.506746533203
431647.0040369118 5304001.6100435015 1049.506746533203
431647.0000268463 5304001.607955994 1049.506746533203
431646.9962139786 5304001.60552693 1049.506746533203
431646.992627327 5304001.602774795 1049.506746533203
431646.989294188 5304001.599720536 1049.506746533203
431646.9862399288 5304001.596387397 1049.506746533203
431646.9834877942 5304001.592800745 1049.506746533203
431646.9810587296 5304001.588987878 1049.506746533203
431646.9789712216 5304001.584977811 1049.506746533203
431646.97724115744 5304001.580801067 1049.506746533203
431646.975881704 5304001.576489432 1049.506746533203
431646.97490320745 5304001.572075719 1049.506746533203
431646.9743131148 5304001.5675935205 1049.506746533203
431646.97411591694 5304001.563076948 1049.506746533203
431646.9743131148 5304001.558560375 1049.506746533203
431646.97490320745 5304001.554078177 1049.506746533203
431646.975881704 5304001.549664464 1049.506746533203
431646.97724115744 5304001.545352829 1049.506746533203
431646.9789712216 5304001.541176084 1049.506746533203
431646.9810587296 5304001.537166018 1049.506746533203
431646.9834877942 5304001.533353151 1049.506746533203
431646.9862399288 5304001.529766499 1049.506746533203
431646.989294188 5304001.52643336 1049.506746533203
431646.992627327 5304001.5233791005 1049.506746533203
431646.9962139786 5304001.520626966 1049.506746533203
431647.0000268463 5304001.518197902 1049.506746533203
431647.0040369118 5304001.516110394 1049.506746533203
431647.00821365614 5304001.514380329 1049.506746533203
431647.0125252917 5304001.513020876 1049.506746533203
431647.0169390044 5304001.51204238 1049.506746533203
431647.0214212031 5304001.511452287 1049.506746533203
431647.0259377757 5304001.511255089 1049.506746533203
431647.03045434825 5304001.511452287 1049.506746533203
431647.034936547 5304001.51204238 1049.506746533203
431647.0393502597 5304001.513020876 1049.506746533203
431647.0436618952 5304001.514380329 1049.506746533203
431647.0478386395 5304001.516110394 1049.506746533203
431647.051848705 5304001.518197902 1049.506746533203
431647.0556615727 5304001.520626966 1049.506746533203
431647.0592482244 5304001.5233791005 1049.506746533203
431647.06258136337 5304001.52643336 1049.506746533203
431647.0656356226 5304001.529766499 1049.506746533203
431647.0683877572 5304001.533353151 1049.506746533203
431647.07081682177 5304001.537166018 1049.506746533203
431647.07290432975 5304001.541176084 1049.506746533203
431647.0746343939 5304001.545352829 1049.506746533203
431647.0759938474 5304001.549664464 1049.506746533203
431647.0769723439 5304001.554078177 1049.506746533203
431647.0775624366 5304001.558560375 1049.506746533203
431580.9916074086 5303994.757054796 1053.451753857422
431580.990519318 5303994.781976169 1053.451753857422
431580.9872633272 5303994.806707874 1053.451753857422
431580.98186421633 5303994.831061689 1053.451753857422
431580.9743630758 5303994.854852268 1053.451753857422
431580.9648169938 5303994.877898549 1053.451753857422
431580.9532986218 5303994.900025135 1053.451753857422
431580.9398956217 5303994.921063631 1053.451753857422
431580.9247099983 5303994.940853921 1053.451753857422
431580.9078573232 5303994.959245388 1053.451753857422
431580.8894658558 5303994.976098063 1053.451753857422
431580.869675566 5303994.991283687 1053.451753857422
431580.8486370699 5303995.004686687 1053.451753857422
431580.8265104833 5303995.016205059 1053.451753857422
431580.8034642027 5303995.025751141 1053.451753857422
431580.7796736243 5303995.033252281 1053.451753857422
431580.7553198088 5303995.038651393 1053.451753857422
431580.73058810335 5303995.041907383 1053.451753857422
431580.7056667312 5303995.042995474 1053.451753857422
431580.6807453591 5303995.041907383 1053.451753857422
431580.6560136537 5303995.038651393 1053.451753857422
431580.6316598381 5303995.033252281 1053.451753857422
431580.6078692598 5303995.025751141 1053.451753857422
431580.5848229792 5303995.016205059 1053.451753857422
431580.5626963925 5303995.004686687 1053.451753857422
431580.5416578965 5303994.991283687 1053.451753857422
431580.5218676067 5303994.976098063 1053.451753857422
431580.5034761392 5303994.959245388 1053.451753857422
431580.4866234642 5303994.940853921 1053.451753857422
431580.4714378408 5303994.921063631 1053.451753857422
431580.4580348406 5303994.900025135 1053.451753857422
431580.4465164687 5303994.877898549 1053.451753857422
431580.43697038665 5303994.854852268 1053.451753857422
431580.4294692461 5303994.831061689 1053.451753857422
431580.4240701352 5303994.806707874 1053.451753857422
431580.4208141444 5303994.781976169 1053.451753857422
431580.4197260538 5303994.757054796 1053.451753857422
431580.4208141444 5303994.732133424 1053.451753857422
431580.4240701352 5303994.707401719 1053.451753857422
431580.4294692461 5303994.683047904 1053.451753857422
431580.43697038665 5303994.659257325 1053.451753857422
431580.4465164687 5303994.636211044 1053.451753857422
431580.4580348406 5303994.614084458 1053.451753857422
431580.4714378408 5303994.593045962 1053.451753857422
431580.4866234642 5303994.573255672 1053.451753857422
431580.5034761392 5303994.5548642045 1053.451753857422
431580.5218676067 5303994.5380115295 1053.451753857422
431580.5416578965 5303994.522825906 1053.451753857422
431580.5626963925 5303994.509422906 1053.451753857422
431580.5848229792 5303994.4979045335 1053.451753857422
431580.6078692598 5303994.488358452 1053.451753857422
431580.6316598381 5303994.480857312 1053.451753857422
431580.6560136537 5303994.4754582 1053.451753857422
431580.6807453591 5303994.47220221 1053.451753857422
431580.7056667312 5303994.471114119 1053.451753857422
431580.73058810335 5303994.47220221 1053.451753857422
431580.7553198088 5303994.4754582 1053.451753857422
431580.7796736243 5303994.480857312 1053.451753857422
431580.8034642027 5303994.488358452 1053.451753857422
431580.8265104833 5303994.4979045335 1053.451753857422
431580.8486370699 5303994.509422906 1053.451753857422
431580.869675566 5303994.522825906 1053.451753857422
431580.8894658558 5303994.5380115295 1053.451753857422
431580.9078573232 5303994.5548642045 1053.451753857422
431580.9247099983 5303994.573255672 1053.451753857422
431580.9398956217 5303994.593045962 1053.451753857422
431580.9532986218 5303994.614084458 1053.451753857422
431580.9648169938 5303994.636211044 1053.451753857422
431580.9743630758 5303994.659257325 1053.451753857422
431580.98186421633 5303994.683047904 1053.451753857422
431580.9872633272 5303994.707401719 1053.451753857422
431580.990519318 5303994.732133424 1053.451753857422
431643.8218474022 5303992.722876756 1049.3307821777346
431643.8208692242 5303992.7452807175 1049.3307821777346
431643.81794213457 5303992.76751417 1049.3307821777346
431643.81308841024 5303992.789407906 1049.3307821777346
431643.8063449911 5303992.810795299 1049.3307821777346
431643.7977631985 5303992.831513579 1049.3307821777346
431643.7874083452 5303992.851405067 1049.3307821777346
431643.77535923774 5303992.870318377 1049.3307821777346
431643.7617075772 5303992.888109568 1049.3307821777346
431643.746557261 5303992.904643237 1049.3307821777346
431643.730023592 5303992.919793553 1049.3307821777346
431643.71223240165 5303992.933445213 1049.3307821777346
431643.6933190915 5303992.945494321 1049.3307821777346
431643.6734276033 5303992.955849174 1049.3307821777346
431643.6527093233 5303992.964430966 1049.3307821777346
431643.6313219301 5303992.971174386 1049.3307821777346
431643.6094281946 5303992.97602811 1049.3307821777346
431643.5871947415 5303992.9789552 1049.3307821777346
431643.5647907808 5303992.979933378 1049.3307821777346
431643.54238682 5303992.9789552 1049.3307821777346
431643.5201533669 5303992.97602811 1049.3307821777346
431643.49825963145 5303992.971174386 1049.3307821777346
431643.4768722383 5303992.964430966 1049.3307821777346
431643.4561539582 5303992.955849174 1049.3307821777346
431643.43626247 5303992.945494321 1049.3307821777346
431643.4173491599 5303992.933445213 1049.3307821777346
431643.39955796953 5303992.919793553 1049.3307821777346
431643.38302430057 5303992.904643237 1049.3307821777346
431643.36787398433 5303992.888109568 1049.3307821777346
431643.3542223238 5303992.870318377 1049.3307821777346
431643.3421732164 5303992.851405067 1049.3307821777346
431643.3318183631 5303992.831513579 1049.3307821777346
431643.32323657046 5303992.810795299 1049.3307821777346
431643.3164931513 5303992.789407906 1049.3307821777346
431643.311639427 5303992.76751417 1049.3307821777346
431643.3087123373 5303992.7452807175 1049.3307821777346
431643.30773415935 5303992.722876756 1049.3307821777346
431643.3087123373 5303992.700472795 1049.3307821777346
431643.311639427 5303992.678239343 1049.3307821777346
431643.3164931513 5303992.656345607 1049.3307821777346
431643.32323657046 5303992.634958214 1049.3307821777346
431643.3318183631 5303992.614239934 1049.3307821777346
431643.3421732164 5303992.594348446 1049.3307821777346
431643.3542223238 5303992.575435136 1049.3307821777346
431643.36787398433 5303992.557643945 1049.3307821777346
431643.38302430057 5303992.541110276 1049.3307821777346
431643.39955796953 5303992.52595996 1049.3307821777346
431643.4173491599 5303992.5123083 1049.3307821777346
431643.43626247 5303992.500259192 1049.3307821777346
431643.4561539582 5303992.4899043385 1049.3307821777346
431643.4768722383 5303992.4813225465 1049.3307821777346
431643.49825963145 5303992.474579127 1049.3307821777346
431643.5201533669 5303992.469725403 1049.3307821777346
431643.54238682 5303992.466798313 1049.3307821777346
431643.5647907808 5303992.465820135 1049.3307821777346
431643.5871947415 5303992.466798313 1049.3307821777346
431643.6094281946 5303992.469725403 1049.3307821777346
431643.6313219301 5303992.474579127 1049.3307821777346
431643.6527093233 5303992.4813225465 1049.3307821777346
431643.6734276033 5303992.4899043385 1049.3307821777346
431643.6933190915 5303992.500259192 1049.3307821777346
431643.71223240165 5303992.5123083 1049.3307821777346
431643.730023592 5303992.52595996 1049.3307821777346
431643.746557261 5303992.541110276 1049.3307821777346
431643.7617075772 5303992.557643945 1049.3307821777346
431643.77535923774 5303992.575435136 1049.3307821777346
431643.7874083452 5303992.594348446 1049.3307821777346
431643.7977631985 5303992.614239934 1049.3307821777346
431643.8063449911 5303992.634958214 1049.3307821777346
431643.81308841024 5303992.656345607 1049.3307821777346
431643.81794213457 5303992.678239343 1049.3307821777346
431643.8208692242 5303992.700472795 1049.3307821777346
431636.8081877515 5304012.09445946 1052.045747998047
431636.8079037636 5304012.100963853 1052.045747998047
431636.8070539611 5304012.107418744 1052.045747998047
431636.80564481154 5304012.113775007 1052.045747998047
431636.8036870394 5304012.119984266 1052.045747998047
431636.8011955446 5304012.125999267 1052.045747998047
431636.7981892888 5304012.131774231 1052.045747998047
431636.7946911514 5304012.137265206 1052.045747998047
431636.7907277555 5304012.142430405 1052.045747998047
431636.7863292648 5304012.147230515 1052.045747998047
431636.7815291545 5304012.151629006 1052.045747998047
431636.77636395633 5304012.1555924015 1052.045747998047
431636.7708729806 5304012.159090539 1052.045747998047
431636.76509801694 5304012.162096795 1052.045747998047
431636.75908301625 5304012.16458829 1052.045747998047
431636.7528737564 5304012.166546062 1052.045747998047
431636.7465174936 5304012.167955211 1052.045747998047
431636.7400626028 5304012.168805014 1052.045747998047
431636.7335582097 5304012.169089002 1052.045747998047
431636.72705381655 5304012.168805014 1052.045747998047
431636.7205989257 5304012.167955211 1052.045747998047
431636.7142426629 5304012.166546062 1052.045747998047
431636.7080334031 5304012.16458829 1052.045747998047
431636.7020184024 5304012.162096795 1052.045747998047
431636.6962434388 5304012.159090539 1052.045747998047
431636.690752463 5304012.1555924015 1052.045747998047
431636.6855872648 5304012.151629006 1052.045747998047
431636.6807871545 5304012.147230515 1052.045747998047
431636.6763886638 5304012.142430405 1052.045747998047
431636.6724252679 5304012.137265206 1052.045747998047
431636.6689271306 5304012.131774231 1052.045747998047
431636.66592087474 5304012.125999267 1052.045747998047
431636.6634293799 5304012.119984266 1052.045747998047
431636.6614716078 5304012.113775007 1052.045747998047
431636.6600624583 5304012.107418744 1052.045747998047
431636.6592126557 5304012.100963853 1052.045747998047
431636.65892866784 5304012.09445946 1052.045747998047
431636.6592126557 5304012.087955067 1052.045747998047
431636.6600624583 5304012.081500176 1052.045747998047
431636.6614716078 5304012.075143914 1052.045747998047
431636.6634293799 5304012.068934654 1052.045747998047
431636.66592087474 5304012.062919653 1052.045747998047
431636.6689271306 5304012.057144689 1052.045747998047
431636.6724252679 5304012.051653714 1052.045747998047
431636.6763886638 5304012.046488515 1052.045747998047
431636.6807871545 5304012.041688405 1052.045747998047
431636.6855872648 5304012.037289915 1052.045747998047
431636.690752463 5304012.033326519 1052.045747998047
431636.6962434388 5304012.029828381 1052.045747998047
431636.7020184024 5304012.026822126 1052.045747998047
431636.7080334031 5304012.02433063 1052.045747998047
431636.7142426629 5304012.022372859 1052.045747998047
431636.7205989257 5304012.020963709 1052.045747998047
431636.72705381655 5304012.020113906 1052.045747998047
431636.7335582097 5304012.019829919 1052.045747998047
431636.7400626028 5304012.020113906 1052.045747998047
431636.7465174936 5304012.020963709 1052.045747998047
431636.7528737564 5304012.022372859 1052.045747998047
431636.75908301625 5304012.02433063 1052.045747998047
431636.76509801694 5304012.026822126 1052.045747998047
431636.7708729806 5304012.029828381 1052.045747998047
431636.77636395633 5304012.033326519 1052.045747998047
431636.7815291545 5304012.037289915 1052.045747998047
431636.7863292648 5304012.041688405 1052.045747998047
431636.7907277555 5304012.046488515 1052.045747998047
431636.7946911514 5304012.051653714 1052.045747998047
431636.7981892888 5304012.057144689 1052.045747998047
431636.8011955446 5304012.062919653 1052.045747998047
431636.8036870394 5304012.068934654 1052.045747998047
431636.80564481154 5304012.075143914 1052.045747998047
431636.8070539611 5304012.081500176 1052.045747998047
431636.8079037636 5304012.087955067 1052.045747998047
431668.1791746675 5304048.058381586 1053.9247763183596
431668.1782015684 5304048.080669219 1053.9247763183596
431668.1752896772 5304048.102787228 1053.9247763183596
431668.17046115495 5304048.124567285 1053.9247763183596
431668.16375274974 5304048.145843628 1053.9247763183596
431668.1552155165 5304048.166454332 1053.9247763183596
431668.1449144288 5304048.186242538 1053.9247763183596
431668.1329278841 5304048.205057644 1053.9247763183596
431668.1193471073 5304048.222756457 1053.9247763183596
431668.1042754563 5304048.239204278 1053.9247763183596
431668.08782763535 5304048.254275929 1053.9247763183596
431668.0701288224 5304048.267856706 1053.9247763183596
431668.0513137161 5304048.27984325 1053.9247763183596
431668.0315255107 5304048.290144338 1053.9247763183596
431668.0109148065 5304048.298681571 1053.9247763183596
431667.98963846336 5304048.305389977 1053.9247763183596
431667.9678584071 5304048.310218499 1053.9247763183596
431667.9457403971 5304048.31313039 1053.9247763183596
431667.9234527647 5304048.314103489 1053.9247763183596
431667.9011651323 5304048.31313039 1053.9247763183596
431667.8790471223 5304048.310218499 1053.9247763183596
431667.857267066 5304048.305389977 1053.9247763183596
431667.8359907229 5304048.298681571 1053.9247763183596
431667.8153800186 5304048.290144338 1053.9247763183596
431667.7955918133 5304048.27984325 1053.9247763183596
431667.776776707 5304048.267856706 1053.9247763183596
431667.7590778941 5304048.254275929 1053.9247763183596
431667.7426300731 5304048.239204278 1053.9247763183596
431667.7275584221 5304048.222756457 1053.9247763183596
431667.71397764527 5304048.205057644 1053.9247763183596
431667.70199110056 5304048.186242538 1053.9247763183596
431667.69169001287 5304048.166454332 1053.9247763183596
431667.6831527797 5304048.145843628 1053.9247763183596
431667.6764443744 5304048.124567285 1053.9247763183596
431667.6716158522 5304048.102787228 1053.9247763183596
431667.66870396095 5304048.080669219 1053.9247763183596
431667.66773086187 5304048.058381586 1053.9247763183596
431667.66870396095 5304048.036093954 1053.9247763183596
431667.6716158522 5304048.013975944 1053.9247763183596
431667.6764443744 5304047.992195888 1053.9247763183596
431667.6831527797 5304047.970919545 1053.9247763183596
431667.69169001287 5304047.950308841 1053.9247763183596
431667.70199110056 5304047.930520635 1053.9247763183596
431667.71397764527 5304047.911705528 1053.9247763183596
431667.7275584221 5304047.894006716 1053.9247763183596
431667.7426300731 5304047.877558894 1053.9247763183596
431667.7590778941 5304047.862487244 1053.9247763183596
431667.776776707 5304047.848906467 1053.9247763183596
431667.7955918133 5304047.836919922 1053.9247763183596
431667.8153800186 5304047.826618834 1053.9247763183596
431667.8359907229 5304047.8180816015 1053.9247763183596
431667.857267066 5304047.811373196 1053.9247763183596
431667.8790471223 5304047.806544674 1053.9247763183596
431667.9011651323 5304047.803632783 1053.9247763183596
431667.9234527647 5304047.802659684 1053.9247763183596
431667.9457403971 5304047.803632783 1053.9247763183596
431667.9678584071 5304047.806544674 1053.9247763183596
431667.98963846336 5304047.811373196 1053.9247763183596
431668.0109148065 5304047.8180816015 1053.9247763183596
431668.0315255107 5304047.826618834 1053.9247763183596
431668.0513137161 5304047.836919922 1053.9247763183596
431668.0701288224 5304047.848906467 1053.9247763183596
431668.08782763535 5304047.862487244 1053.9247763183596
431668.1042754563 5304047.877558894 1053.9247763183596
431668.1193471073 5304047.894006716 1053.9247763183596
431668.1329278841 5304047.911705528 1053.9247763183596
431668.1449144288 5304047.930520635 1053.9247763183596
431668.1552155165 5304047.950308841 1053.9247763183596
431668.16375274974 5304047.970919545 1053.9247763183596
431668.17046115495 5304047.992195888 1053.9247763183596
431668.1752896772 5304048.013975944 1053.9247763183596
431668.1782015684 5304048.036093954 1053.9247763183596
431652.5749618327 5304035.201175334 1053.9337484863283
431652.5739851165 5304035.223545815 1053.9337484863283
431652.571062401 5304035.245746043 1053.9337484863283
431652.56621593 5304035.26760706 1053.9337484863283
431652.559482588 5304035.288962493 1053.9337484863283
431652.5509136199 5304035.309649812 1053.9337484863283
431652.54057424056 5304035.329511575 1053.9337484863283
431652.5285431391 5304035.348396622 1053.9337484863283
431652.5149118792 5304035.366161225 1053.9337484863283
431652.4997842033 5304035.382670186 1053.9337484863283
431652.48327524186 5304035.397797863 1053.9337484863283
431652.4655106382 5304035.411429122 1053.9337484863283
431652.4466255916 5304035.423460224 1053.9337484863283
431652.4267638288 5304035.433799603 1053.9337484863283
431652.4060765097 5304035.442368572 1053.9337484863283
431652.3847210773 5304035.449101914 1053.9337484863283
431652.3628600593 5304035.453948384 1053.9337484863283
431652.34065983136 5304035.4568711 1053.9337484863283
431652.31828935054 5304035.457847816 1053.9337484863283
431652.2959188697 5304035.4568711 1053.9337484863283
431652.2737186418 5304035.453948384 1053.9337484863283
431652.2518576238 5304035.449101914 1053.9337484863283
431652.2305021914 5304035.442368572 1053.9337484863283
431652.2098148723 5304035.433799603 1053.9337484863283
431652.1899531095 5304035.423460224 1053.9337484863283
431652.1710680629 5304035.411429122 1053.9337484863283
431652.1533034592 5304035.397797863 1053.9337484863283
431652.1367944978 5304035.382670186 1053.9337484863283
431652.1216668219 5304035.366161225 1053.9337484863283
431652.1080355621 5304035.348396622 1053.9337484863283
431652.0960044605 5304035.329511575 1053.9337484863283
431652.0856650812 5304035.309649812 1053.9337484863283
431652.07709611306 5304035.288962493 1053.9337484863283
431652.0703627711 5304035.26760706 1053.9337484863283
431652.0655163001 5304035.245746043 1053.9337484863283
431652.0625935847 5304035.223545815 1053.9337484863283
431652.0616168684 5304035.201175334 1053.9337484863283
431652.0625935847 5304035.178804853 1053.9337484863283
431652.0655163001 5304035.156604625 1053.9337484863283
431652.0703627711 5304035.134743608 1053.9337484863283
431652.07709611306 5304035.113388175 1053.9337484863283
431652.0856650812 5304035.092700856 1053.9337484863283
431652.0960044605 5304035.072839092 1053.9337484863283
431652.1080355621 5304035.053954046 1053.9337484863283
431652.1216668219 5304035.0361894425 1053.9337484863283
431652.1367944978 5304035.019680481 1053.9337484863283
431652.1533034592 5304035.004552805 1053.9337484863283
431652.1710680629 5304034.990921546 1053.9337484863283
431652.1899531095 5304034.978890444 1053.9337484863283
431652.2098148723 5304034.968551065 1053.9337484863283
431652.2305021914 5304034.959982096 1053.9337484863283
431652.2518576238 5304034.953248754 1053.9337484863283
431652.2737186418 5304034.948402284 1053.9337484863283
431652.2959188697 5304034.945479568 1053.9337484863283
431652.31828935054 5304034.944502852 1053.9337484863283
431652.34065983136 5304034.945479568 1053.9337484863283
431652.3628600593 5304034.948402284 1053.9337484863283
431652.3847210773 5304034.953248754 1053.9337484863283
431652.4060765097 5304034.959982096 1053.9337484863283
431652.4267638288 5304034.968551065 1053.9337484863283
431652.4466255916 5304034.978890444 1053.9337484863283
431652.4655106382 5304034.990921546 1053.9337484863283
431652.48327524186 5304035.004552805 1053.9337484863283
431652.4997842033 5304035.019680481 1053.9337484863283
431652.5149118792 5304035.0361894425 1053.9337484863283
431652.5285431391 5304035.053954046 1053.9337484863283
431652.54057424056 5304035.072839092 1053.9337484863283
431652.5509136199 5304035.092700856 1053.9337484863283
431652.559482588 5304035.113388175 1053.9337484863283
431652.56621593 5304035.134743608 1053.9337484863283
431652.571062401 5304035.156604625 1053.9337484863283
431652.5739851165 5304035.178804853 1053.9337484863283
431635.1454519216 5304008.414415783 1052.5797445800783
431635.1446422088 5304008.432961253 1052.5797445800783
431635.1422192331 5304008.451365581 1052.5797445800783
431635.1382014347 5304008.469488698 1052.5797445800783
431635.1326193915 5304008.487192677 1052.5797445800783
431635.1255155861 5304008.504342781 1052.5797445800783
431635.1169440829 5304008.520808485 1052.5797445800783
431635.10697011615 5304008.536464477 1052.5797445800783
431635.0956695938 5304008.551191605 1052.5797445800783
431635.08312851953 5304008.564877786 1052.5797445800783
431635.06944233866 5304008.57741886 1052.5797445800783
431635.0547152112 5304008.588719382 1052.5797445800783
431635.03905921936 5304008.598693349 1052.5797445800783
431635.0225935149 5304008.607264852 1052.5797445800783
431635.0054434117 5304008.614368658 1052.5797445800783
431634.9877394324 5304008.619950701 1052.5797445800783
431634.9696163149 5304008.623968499 1052.5797445800783
431634.9512119872 5304008.626391475 1052.5797445800783
431634.9326665172 5304008.627201187 1052.5797445800783
431634.9141210472 5304008.626391475 1052.5797445800783
431634.8957167195 5304008.623968499 1052.5797445800783
431634.87759360205 5304008.619950701 1052.5797445800783
431634.8598896227 5304008.614368658 1052.5797445800783
431634.8427395195 5304008.607264852 1052.5797445800783
431634.8262738151 5304008.598693349 1052.5797445800783
431634.81061782327 5304008.588719382 1052.5797445800783
431634.79589069576 5304008.57741886 1052.5797445800783
431634.7822045149 5304008.564877786 1052.5797445800783
431634.7696634407 5304008.551191605 1052.5797445800783
431634.7583629183 5304008.536464477 1052.5797445800783
431634.7483889515 5304008.520808485 1052.5797445800783
431634.7398174483 5304008.504342781 1052.5797445800783
431634.7327136429 5304008.487192677 1052.5797445800783
431634.7271315997 5304008.469488698 1052.5797445800783
431634.7231138013 5304008.451365581 1052.5797445800783
431634.7206908256 5304008.432961253 1052.5797445800783
431634.71988111286 5304008.414415783 1052.5797445800783
431634.7206908256 5304008.395870313 1052.5797445800783
431634.7231138013 5304008.377465986 1052.5797445800783
431634.7271315997 5304008.359342868 1052.5797445800783
431634.7327136429 5304008.341638889 1052.5797445800783
431634.7398174483 5304008.324488785 1052.5797445800783
431634.7483889515 5304008.308023081 1052.5797445800783
431634.7583629183 5304008.29236709 1052.5797445800783
431634.7696634407 5304008.277639962 1052.5797445800783
431634.7822045149 5304008.263953781 1052.5797445800783
431634.79589069576 5304008.251412706 1052.5797445800783
431634.81061782327 5304008.240112185 1052.5797445800783
431634.8262738151 5304008.230138217 1052.5797445800783
431634.8427395195 5304008.221566714 1052.5797445800783
431634.8598896227 5304008.214462909 1052.5797445800783
431634.87759360205 5304008.208880866 1052.5797445800783
431634.8957167195 5304008.204863068 1052.5797445800783
431634.9141210472 5304008.202440091 1052.5797445800783
431634.9326665172 5304008.201630379 1052.5797445800783
431634.9512119872 5304008.202440091 1052.5797445800783
431634.9696163149 5304008.204863068 1052.5797445800783
431634.9877394324 5304008.208880866 1052.5797445800783
431635.0054434117 5304008.214462909 1052.5797445800783
431635.0225935149 5304008.221566714 1052.5797445800783
431635.03905921936 5304008.230138217 1052.5797445800783
431635.0547152112 5304008.240112185 1052.5797445800783
431635.06944233866 5304008.251412706 1052.5797445800783
431635.08312851953 5304008.263953781 1052.5797445800783
431635.0956695938 5304008.277639962 1052.5797445800783
431635.10697011615 5304008.29236709 1052.5797445800783
431635.1169440829 5304008.308023081 1052.5797445800783
431635.1255155861 5304008.324488785 1052.5797445800783
431635.1326193915 5304008.341638889 1052.5797445800783
431635.1382014347 5304008.359342868 1052.5797445800783
431635.1422192331 5304008.377465986 1052.5797445800783
431635.1446422088 5304008.395870313 1052.5797445800783
431705.35934976087 5304040.117493412 1053.1147787597658
431705.3585251557 5304040.136379976 1053.1147787597658
431705.356057616 5304040.1551228 1053.1147787597658
431705.3519659212 5304040.173579243 1053.1147787597658
431705.3462812116 5304040.191608838 1053.1147787597658
431705.33904675127 5304040.209074371 1053.1147787597658
431705.3303175988 5304040.225842916 1053.1147787597658
431705.3201601883 5304040.241786857 1053.1147787597658
431705.30865182384 5304040.25678485 1053.1147787597658
431705.29588009097 5304040.270722751 1053.1147787597658
431705.2819421904 5304040.283494483 1053.1147787597658
431705.26694419776 5304040.295002848 1053.1147787597658
431705.251000257 5304040.305160258 1053.1147787597658
431705.23423171113 5304040.31388941 1053.1147787597658
431705.2167661789 5304040.321123871 1053.1147787597658
431705.1987365834 5304040.32680858 1053.1147787597658
431705.180280141 5304040.330900275 1053.1147787597658
431705.16153731616 5304040.333367815 1053.1147787597658
431705.1426507532 5304040.33419242 1053.1147787597658
431705.12376419024 5304040.333367815 1053.1147787597658
431705.1050213654 5304040.330900275 1053.1147787597658
431705.086564923 5304040.32680858 1053.1147787597658
431705.0685353276 5304040.321123871 1053.1147787597658
431705.05106979527 5304040.31388941 1053.1147787597658
431705.03430124937 5304040.305160258 1053.1147787597658
431705.01835730864 5304040.295002848 1053.1147787597658
431705.003359316 5304040.283494483 1053.1147787597658
431704.9894214154 5304040.270722751 1053.1147787597658
431704.97664968256 5304040.25678485 1053.1147787597658
431704.9651413181 5304040.241786857 1053.1147787597658
431704.9549839076 5304040.225842916 1053.1147787597658
431704.9462547552 5304040.209074371 1053.1147787597658
431704.9390202948 5304040.191608838 1053.1147787597658
431704.9333355852 5304040.173579243 1053.1147787597658
431704.9292438904 5304040.1551228 1053.1147787597658
431704.9267763507 5304040.136379976 1053.1147787597658
431704.9259517456 5304040.117493412 1053.1147787597658
431704.9267763507 5304040.098606849 1053.1147787597658
431704.9292438904 5304040.079864025 1053.1147787597658
431704.9333355852 5304040.061407582 1053.1147787597658
431704.9390202948 5304040.043377987 1053.1147787597658
431704.9462547552 5304040.025912454 1053.1147787597658
431704.9549839076 5304040.0091439085 1053.1147787597658
431704.9651413181 5304039.993199968 1053.1147787597658
431704.97664968256 5304039.978201975 1053.1147787597658
431704.9894214154 5304039.964264074 1053.1147787597658
431705.003359316 5304039.951492342 1053.1147787597658
431705.01835730864 5304039.939983977 1053.1147787597658
431705.03430124937 5304039.929826567 1053.1147787597658
431705.05106979527 5304039.921097415 1053.1147787597658
431705.0685353276 5304039.913862954 1053.1147787597658
431705.086564923 5304039.908178245 1053.1147787597658
431705.1050213654 5304039.90408655 1053.1147787597658
431705.12376419024 5304039.90161901 1053.1147787597658
431705.1426507532 5304039.900794405 1053.1147787597658
431705.16153731616 5304039.90161901 1053.1147787597658
431705.180280141 5304039.90408655 1053.1147787597658
431705.1987365834 5304039.908178245 1053.1147787597658
431705.2167661789 5304039.913862954 1053.1147787597658
431705.23423171113 5304039.921097415 1053.1147787597658
431705.251000257 5304039.929826567 1053.1147787597658
431705.26694419776 5304039.939983977 1053.1147787597658
431705.2819421904 5304039.951492342 1053.1147787597658
431705.29588009097 5304039.964264074 1053.1147787597658
431705.30865182384 5304039.978201975 1053.1147787597658
431705.3201601883 5304039.993199968 1053.1147787597658
431705.3303175988 5304040.0091439085 1053.1147787597658
431705.33904675127 5304040.025912454 1053.1147787597658
431705.3462812116 5304040.043377987 1053.1147787597658
431705.3519659212 5304040.061407582 1053.1147787597658
431705.356057616 5304040.079864025 1053.1147787597658
431705.3585251557 5304040.098606849 1053.1147787597658
431685.3205167188 5303954.081786055 1049.8337729003908
431685.3196949435 5303954.100607803 1049.8337729003908
431685.3172358719 5303954.119286307 1049.8337729003908
431685.3131582189 5303954.137679411 1049.8337729003908
431685.3074930181 5303954.155647133 1049.8337729003908
431685.30028338486 5303954.173052726 1049.8337729003908
431685.291584189 5303954.189763727 1049.8337729003908
431685.2814616365 5303954.205652951 1049.8337729003908
431685.2699927664 5303954.220599473 1049.8337729003908
431685.2572648634 5303954.234489542 1049.8337729003908
431685.24337479466 5303954.247217446 1049.8337729003908
431685.22842827206 5303954.258686315 1049.8337729003908
431685.2125390475 5303954.268808868 1049.8337729003908
431685.19582804776 5303954.277508063 1049.8337729003908
431685.1784224535 5303954.284717697 1049.8337729003908
431685.1604547318 5303954.2903828975 1049.8337729003908
431685.142061628 5303954.294460551 1049.8337729003908
431685.1233831245 5303954.296919622 1049.8337729003908
431685.10456137627 5303954.297741397 1049.8337729003908
431685.085739628 5303954.296919622 1049.8337729003908
431685.0670611246 5303954.294460551 1049.8337729003908
431685.0486680208 5303954.2903828975 1049.8337729003908
431685.0307002991 5303954.284717697 1049.8337729003908
431685.0132947048 5303954.277508063 1049.8337729003908
431684.996583705 5303954.268808868 1049.8337729003908
431684.9806944805 5303954.258686315 1049.8337729003908
431684.9657479579 5303954.247217446 1049.8337729003908
431684.95185788913 5303954.234489542 1049.8337729003908
431684.93912998616 5303954.220599473 1049.8337729003908
431684.927661116 5303954.205652951 1049.8337729003908
431684.9175385636 5303954.189763727 1049.8337729003908
431684.9088393677 5303954.173052726 1049.8337729003908
431684.9016297345 5303954.155647133 1049.8337729003908
431684.8959645336 5303954.137679411 1049.8337729003908
431684.8918868807 5303954.119286307 1049.8337729003908
431684.889427809 5303954.100607803 1049.8337729003908
431684.88860603375 5303954.081786055 1049.8337729003908
431684.889427809 5303954.062964307 1049.8337729003908
431684.8918868807 5303954.044285803 1049.8337729003908
431684.8959645336 5303954.025892699 1049.8337729003908
431684.9016297345 5303954.007924978 1049.8337729003908
431684.9088393677 5303953.990519384 1049.8337729003908
431684.9175385636 5303953.973808384 1049.8337729003908
431684.927661116 5303953.957919159 1049.8337729003908
431684.93912998616 5303953.942972637 1049.8337729003908
431684.95185788913 5303953.929082568 1049.8337729003908
431684.9657479579 5303953.916354665 1049.8337729003908
431684.9806944805 5303953.904885795 1049.8337729003908
431684.996583705 5303953.894763242 1049.8337729003908
431685.0132947048 5303953.886064047 1049.8337729003908
431685.0307002991 5303953.8788544135 1049.8337729003908
431685.0486680208 5303953.873189213 1049.8337729003908
431685.0670611246 5303953.869111559 1049.8337729003908
431685.085739628 5303953.866652488 1049.8337729003908
431685.10456137627 5303953.865830713 1049.8337729003908
431685.1233831245 5303953.866652488 1049.8337729003908
431685.142061628 5303953.869111559 1049.8337729003908
431685.1604547318 5303953.873189213 1049.8337729003908
431685.1784224535 5303953.8788544135 1049.8337729003908
431685.19582804776 5303953.886064047 1049.8337729003908
431685.2125390475 5303953.894763242 1049.8337729003908
431685.22842827206 5303953.904885795 1049.8337729003908
431685.24337479466 5303953.916354665 1049.8337729003908
431685.2572648634 5303953.929082568 1049.8337729003908
431685.2699927664 5303953.942972637 1049.8337729003908
431685.2814616365 5303953.957919159 1049.8337729003908
431685.291584189 5303953.973808384 1049.8337729003908
431685.30028338486 5303953.990519384 1049.8337729003908
431685.3074930181 5303954.007924978 1049.8337729003908
431685.3131582189 5303954.025892699 1049.8337729003908
431685.3172358719 5303954.044285803 1049.8337729003908
431685.3196949435 5303954.062964307 1049.8337729003908
431642.1608459846 5303972.864178958 1047.8207724121096
431642.1604934736 5303972.8722527865 1047.8207724121096
431642.1594386237 5303972.880265168 1047.8207724121096
431642.1576894626 5303972.888155123 1047.8207724121096
431642.1552593028 5303972.895862605 1047.8207724121096
431642.152166639 5303972.903328956 1047.8207724121096
431642.1484350084 5303972.910497352 1047.8207724121096
431642.14409281104 5303972.917313237 1047.8207724121096
431642.1391730935 5303972.923724737 1047.8207724121096
431642.1337132978 5303972.9296830585 1047.8207724121096
431642.1277549765 5303972.935142854 1047.8207724121096
431642.12134347577 5303972.940062571 1047.8207724121096
431642.1145275911 5303972.944404769 1047.8207724121096
431642.1073591955 5303972.9481364 1047.8207724121096
431642.0998928448 5303972.951229064 1047.8207724121096
431642.0921853624 5303972.953659223 1047.8207724121096
431642.0842954068 5303972.955408384 1047.8207724121096
431642.0762830256 5303972.9564632345 1047.8207724121096
431642.0682091976 5303972.956815746 1047.8207724121096
431642.06013536965 5303972.9564632345 1047.8207724121096
431642.0521229884 5303972.955408384 1047.8207724121096
431642.04423303285 5303972.953659223 1047.8207724121096
431642.0365255505 5303972.951229064 1047.8207724121096
431642.0290591997 5303972.9481364 1047.8207724121096
431642.0218908041 5303972.944404769 1047.8207724121096
431642.0150749194 5303972.940062571 1047.8207724121096
431642.0086634188 5303972.935142854 1047.8207724121096
431642.0027050974 5303972.9296830585 1047.8207724121096
431641.9972453017 5303972.923724737 1047.8207724121096
431641.9923255842 5303972.917313237 1047.8207724121096
431641.9879833868 5303972.910497352 1047.8207724121096
431641.9842517562 5303972.903328956 1047.8207724121096
431641.98115909245 5303972.895862605 1047.8207724121096
431641.9787289326 5303972.888155123 1047.8207724121096
431641.9769797716 5303972.880265168 1047.8207724121096
431641.9759249216 5303972.8722527865 1047.8207724121096
431641.9755724106 5303972.864178958 1047.8207724121096
431641.9759249216 5303972.85610513 1047.8207724121096
431641.9769797716 5303972.848092749 1047.8207724121096
431641.9787289326 5303972.8402027935 1047.8207724121096
431641.98115909245 5303972.832495311 1047.8207724121096
431641.9842517562 5303972.825028961 1047.8207724121096
431641.9879833868 5303972.817860565 1047.8207724121096
431641.9923255842 5303972.81104468 1047.8207724121096
431641.9972453017 5303972.80463318 1047.8207724121096
431642.0027050974 5303972.798674858 1047.8207724121096
431642.0086634188 5303972.793215063 1047.8207724121096
431642.0150749194 5303972.788295345 1047.8207724121096
431642.0218908041 5303972.783953148 1047.8207724121096
431642.0290591997 5303972.780221517 1047.8207724121096
431642.0365255505 5303972.777128853 1047.8207724121096
431642.04423303285 5303972.774698693 1047.8207724121096
431642.0521229884 5303972.772949533 1047.8207724121096
431642.06013536965 5303972.771894682 1047.8207724121096
431642.0682091976 5303972.771542171 1047.8207724121096
431642.0762830256 5303972.771894682 1047.8207724121096
431642.0842954068 5303972.772949533 1047.8207724121096
431642.0921853624 5303972.774698693 1047.8207724121096
431642.0998928448 5303972.777128853 1047.8207724121096
431642.1073591955 5303972.780221517 1047.8207724121096
431642.1145275911 5303972.783953148 1047.8207724121096
431642.12134347577 5303972.788295345 1047.8207724121096
431642.1277549765 5303972.793215063 1047.8207724121096
431642.1337132978 5303972.798674858 1047.8207724121096
431642.1391730935 5303972.80463318 1047.8207724121096
431642.14409281104 5303972.81104468 1047.8207724121096
431642.1484350084 5303972.817860565 1047.8207724121096
431642.152166639 5303972.825028961 1047.8207724121096
431642.1552593028 5303972.832495311 1047.8207724121096
431642.1576894626 5303972.8402027935 1047.8207724121096
431642.1594386237 5303972.848092749 1047.8207724121096
431642.1604934736 5303972.85610513 1047.8207724121096
431654.1441557706 5304012.255769523 1051.0527670410158
431654.1428185193 5304012.286397613 1051.0527670410158
431654.1388169428 5304012.316792604 1051.0527670410158
431654.1321814955 5304012.346723173 1051.0527670410158
431654.122962677 5304012.375961529 1051.0527670410158
431654.1112306483 5304012.404285152 1051.0527670410158
431654.09707469714 5304012.431478481 1051.0527670410158
431654.0806025588 5304012.457334559 1051.0527670410158
431654.0619395962 5304012.481656605 1051.0527670410158
431654.0412278459 5304012.504259515 1051.0527670410158
431654.01862493664 5304012.524971265 1051.0527670410158
431653.9943028903 5304012.543634228 1051.0527670410158
431653.9684468123 5304012.560106366 1051.0527670410158
431653.9412534831 5304012.574262317 1051.0527670410158
431653.9129298602 5304012.585994346 1051.0527670410158
431653.8836915036 5304012.595213165 1051.0527670410158
431653.8537609349 5304012.601848612 1051.0527670410158
431653.8233659436 5304012.605850188 1051.0527670410158
431653.792737854 5304012.60718744 1051.0527670410158
431653.7621097645 5304012.605850188 1051.0527670410158
431653.7317147732 5304012.601848612 1051.0527670410158
431653.7017842044 5304012.595213165 1051.0527670410158
431653.67254584783 5304012.585994346 1051.0527670410158
431653.64422222495 5304012.574262317 1051.0527670410158
431653.6170288957 5304012.560106366 1051.0527670410158
431653.59117281775 5304012.543634228 1051.0527670410158
431653.56685077137 5304012.524971265 1051.0527670410158
431653.5442478621 5304012.504259515 1051.0527670410158
431653.5235361118 5304012.481656605 1051.0527670410158
431653.5048731492 5304012.457334559 1051.0527670410158
431653.48840101087 5304012.431478481 1051.0527670410158
431653.4742450597 5304012.404285152 1051.0527670410158
431653.462513031 5304012.375961529 1051.0527670410158
431653.4532942125 5304012.346723173 1051.0527670410158
431653.4466587652 5304012.316792604 1051.0527670410158
431653.4426571887 5304012.286397613 1051.0527670410158
431653.4413199374 5304012.255769523 1051.0527670410158
431653.4426571887 5304012.225141433 1051.0527670410158
431653.4466587652 5304012.194746442 1051.0527670410158
431653.4532942125 5304012.164815873 1051.0527670410158
431653.462513031 5304012.135577517 1051.0527670410158
431653.4742450597 5304012.107253894 1051.0527670410158
431653.48840101087 5304012.080060565 1051.0527670410158
431653.5048731492 5304012.054204486 1051.0527670410158
431653.5235361118 5304012.02988244 1051.0527670410158
431653.5442478621 5304012.007279531 1051.0527670410158
431653.56685077137 5304011.98656778 1051.0527670410158
431653.59117281775 5304011.967904818 1051.0527670410158
431653.6170288957 5304011.95143268 1051.0527670410158
431653.64422222495 5304011.937276728 1051.0527670410158
431653.67254584783 5304011.9255447 1051.0527670410158
431653.7017842044 5304011.916325881 1051.0527670410158
431653.7317147732 5304011.909690434 1051.0527670410158
431653.7621097645 5304011.905688858 1051.0527670410158
431653.792737854 5304011.904351606 1051.0527670410158
431653.8233659436 5304011.905688858 1051.0527670410158
431653.8537609349 5304011.909690434 1051.0527670410158
431653.8836915036 5304011.916325881 1051.0527670410158
431653.9129298602 5304011.9255447 1051.0527670410158
431653.9412534831 5304011.937276728 1051.0527670410158
431653.9684468123 5304011.95143268 1051.0527670410158
431653.9943028903 5304011.967904818 1051.0527670410158
431654.01862493664 5304011.98656778 1051.0527670410158
431654.0412278459 5304012.007279531 1051.0527670410158
431654.0619395962 5304012.02988244 1051.0527670410158
431654.0806025588 5304012.054204486 1051.0527670410158
431654.09707469714 5304012.080060565 1051.0527670410158
431654.1112306483 5304012.107253894 1051.0527670410158
431654.122962677 5304012.135577517 1051.0527670410158
431654.1321814955 5304012.164815873 1051.0527670410158
431654.1388169428 5304012.194746442 1051.0527670410158
431654.1428185193 5304012.225141433 1051.0527670410158
431621.5363734636 5304036.894813778 1053.4897787597658
431621.5361254119 5304036.900495095 1053.4897787597658
431621.5353831446 5304036.906133175 1053.4897787597658
431621.534152311 5304036.911685107 1053.4897787597658
431621.5324422782 5304036.917108638 1053.4897787597658
431621.5302660608 5304036.922362492 1053.4897787597658
431621.52764022106 5304036.927406683 1053.4897787597658
431621.5245847432 5304036.932202823 1053.4897787597658
431621.5211228812 5304036.936714409 1053.4897787597658
431621.517280982 5304036.940907106 1053.4897787597658
431621.5130882847 5304036.944749005 1053.4897787597658
431621.5085766984 5304036.948210867 1053.4897787597658
431621.5037805588 5304036.951266345 1053.4897787597658
431621.4987363676 5304036.953892184 1053.4897787597658
431621.49348251394 5304036.956068402 1053.4897787597658
431621.488058983 5304036.957778435 1053.4897787597658
431621.482507051 5304036.959009268 1053.4897787597658
431621.47686897166 5304036.959751536 1053.4897787597658
431621.471187654 5304036.959999587 1053.4897787597658
431621.4655063364 5304036.959751536 1053.4897787597658
431621.459868257 5304036.959009268 1053.4897787597658
431621.454316325 5304036.957778435 1053.4897787597658
431621.4488927941 5304036.956068402 1053.4897787597658
431621.44363894046 5304036.953892184 1053.4897787597658
431621.43859474926 5304036.951266345 1053.4897787597658
431621.4337986097 5304036.948210867 1053.4897787597658
431621.4292870233 5304036.944749005 1053.4897787597658
431621.425094326 5304036.940907106 1053.4897787597658
431621.4212524268 5304036.936714409 1053.4897787597658
431621.4177905648 5304036.932202823 1053.4897787597658
431621.41473508696 5304036.927406683 1053.4897787597658
431621.4121092472 5304036.922362492 1053.4897787597658
431621.4099330298 5304036.917108638 1053.4897787597658
431621.408222997 5304036.911685107 1053.4897787597658
431621.4069921634 5304036.906133175 1053.4897787597658
431621.40624989616 5304036.900495095 1053.4897787597658
431621.4060018445 5304036.894813778 1053.4897787597658
431621.40624989616 5304036.889132461 1053.4897787597658
431621.4069921634 5304036.883494381 1053.4897787597658
431621.408222997 5304036.8779424485 1053.4897787597658
431621.4099330298 5304036.872518918 1053.4897787597658
431621.4121092472 5304036.867265064 1053.4897787597658
431621.41473508696 5304036.862220873 1053.4897787597658
431621.4177905648 5304036.857424733 1053.4897787597658
431621.4212524268 5304036.852913147 1053.4897787597658
431621.425094326 5304036.84872045 1053.4897787597658
431621.4292870233 5304036.844878551 1053.4897787597658
431621.4337986097 5304036.841416689 1053.4897787597658
431621.43859474926 5304036.838361211 1053.4897787597658
431621.44363894046 5304036.835735371 1053.4897787597658
431621.4488927941 5304036.833559154 1053.4897787597658
431621.454316325 5304036.831849121 1053.4897787597658
431621.459868257 5304036.830618287 1053.4897787597658
431621.4655063364 5304036.82987602 1053.4897787597658
431621.471187654 5304036.829627968 1053.4897787597658
431621.47686897166 5304036.82987602 1053.4897787597658
431621.482507051 5304036.830618287 1053.4897787597658
431621.488058983 5304036.831849121 1053.4897787597658
431621.49348251394 5304036.833559154 1053.4897787597658
431621.4987363676 5304036.835735371 1053.4897787597658
431621.5037805588 5304036.838361211 1053.4897787597658
431621.5085766984 5304036.841416689 1053.4897787597658
431621.5130882847 5304036.844878551 1053.4897787597658
431621.517280982 5304036.84872045 1053.4897787597658
431621.5211228812 5304036.852913147 1053.4897787597658
431621.5245847432 5304036.857424733 1053.4897787597658
431621.52764022106 5304036.862220873 1053.4897787597658
431621.5302660608 5304036.867265064 1053.4897787597658
431621.5324422782 5304036.872518918 1053.4897787597658
431621.534152311 5304036.8779424485 1053.4897787597658
431621.5353831446 5304036.883494381 1053.4897787597658
431621.5361254119 5304036.889132461 1053.4897787597658
431695.0275080413 5303993.15651304 1047.9347860839846
431695.026282476 5303993.1845831 1047.9347860839846
431695.0226151075 5303993.212439529 1047.9347860839846
431695.0165338466 5303993.239870324 1047.9347860839846
431695.00808497553 5303993.26666672 1047.9347860839846
431694.9973327952 5303993.292624779 1047.9347860839846
431694.9843591361 5303993.317546946 1047.9347860839846
431694.9692627357 5303993.341243548 1047.9347860839846
431694.9521584868 5303993.363534239 1047.9347860839846
431694.93317656295 5303993.384249374 1047.9347860839846
431694.9124614281 5303993.403231298 1047.9347860839846
431694.89017073694 5303993.420335547 1047.9347860839846
431694.866474135 5303993.435431947 1047.9347860839846
431694.84155196784 5303993.448405607 1047.9347860839846
431694.8155939082 5303993.459157786 1047.9347860839846
431694.7887975125 5303993.467606658 1047.9347860839846
431694.7613667175 5303993.473687919 1047.9347860839846
431694.7335102882 5303993.477355287 1047.9347860839846
431694.7054402288 5303993.478580852 1047.9347860839846
431694.6773701694 5303993.477355287 1047.9347860839846
431694.6495137401 5303993.473687919 1047.9347860839846
431694.62208294513 5303993.467606658 1047.9347860839846
431694.5952865494 5303993.459157786 1047.9347860839846
431694.5693284898 5303993.448405607 1047.9347860839846
431694.5444063226 5303993.435431947 1047.9347860839846
431694.5207097207 5303993.420335547 1047.9347860839846
431694.4984190295 5303993.403231298 1047.9347860839846
431694.47770389466 5303993.384249374 1047.9347860839846
431694.4587219708 5303993.363534239 1047.9347860839846
431694.44161772187 5303993.341243548 1047.9347860839846
431694.4265213215 5303993.317546946 1047.9347860839846
431694.4135476624 5303993.292624779 1047.9347860839846
431694.4027954821 5303993.26666672 1047.9347860839846
431694.394346611 5303993.239870324 1047.9347860839846
431694.3882653501 5303993.212439529 1047.9347860839846
431694.3845979816 5303993.1845831 1047.9347860839846
431694.3833724164 5303993.15651304 1047.9347860839846
431694.3845979816 5303993.12844298 1047.9347860839846
431694.3882653501 5303993.100586551 1047.9347860839846
431694.394346611 5303993.073155756 1047.9347860839846
431694.4027954821 5303993.04635936 1047.9347860839846
431694.4135476624 5303993.020401301 1047.9347860839846
431694.4265213215 5303992.995479134 1047.9347860839846
431694.44161772187 5303992.971782532 1047.9347860839846
431694.4587219708 5303992.949491841 1047.9347860839846
431694.47770389466 5303992.928776706 1047.9347860839846
431694.4984190295 5303992.909794782 1047.9347860839846
431694.5207097207 5303992.892690533 1047.9347860839846
431694.5444063226 5303992.877594133 1047.9347860839846
431694.5693284898 5303992.864620473 1047.9347860839846
431694.5952865494 5303992.853868294 1047.9347860839846
431694.62208294513 5303992.845419422 1047.9347860839846
431694.6495137401 5303992.839338161 1047.9347860839846
431694.6773701694 5303992.8356707925 1047.9347860839846
431694.7054402288 5303992.834445228 1047.9347860839846
431694.7335102882 5303992.8356707925 1047.9347860839846
431694.7613667175 5303992.839338161 1047.9347860839846
431694.7887975125 5303992.845419422 1047.9347860839846
431694.8155939082 5303992.853868294 1047.9347860839846
431694.84155196784 5303992.864620473 1047.9347860839846
431694.866474135 5303992.877594133 1047.9347860839846
431694.89017073694 5303992.892690533 1047.9347860839846
431694.9124614281 5303992.909794782 1047.9347860839846
431694.93317656295 5303992.928776706 1047.9347860839846
431694.9521584868 5303992.949491841 1047.9347860839846
431694.9692627357 5303992.971782532 1047.9347860839846
431694.9843591361 5303992.995479134 1047.9347860839846
431694.9973327952 5303993.020401301 1047.9347860839846
431695.00808497553 5303993.04635936 1047.9347860839846
431695.0165338466 5303993.073155756 1047.9347860839846
431695.0226151075 5303993.100586551 1047.9347860839846
431695.026282476 5303993.12844298 1047.9347860839846
431677.5770881424 5303961.545855402 1046.7987997558596
431677.576461186 5303961.560215064 1046.7987997558596
431677.5745850884 5303961.5744654415 1046.7987997558596
431677.5714741276 5303961.588498078 1046.7987997558596
431677.5671519801 5303961.602206179 1046.7987997558596
431677.5616515401 5303961.615485416 1046.7987997558596
431677.555014669 5303961.628234726 1046.7987997558596
431677.5472918777 5303961.640357081 1046.7987997558596
431677.5385419411 5303961.65176022 1046.7987997558596
431677.5288314516 5303961.662357359 1046.7987997558596
431677.51823431184 5303961.672067849 1046.7987997558596
431677.5068311725 5303961.680817786 1046.7987997558596
431677.4947088183 5303961.688540577 1046.7987997558596
431677.4819595076 5303961.695177448 1046.7987997558596
431677.4686802706 5303961.7006778885 1046.7987997558596
431677.4549721701 5303961.705000035 1046.7987997558596
431677.4409395331 5303961.7081109965 1046.7987997558596
431677.4266891565 5303961.709987094 1046.7987997558596
431677.4123294941 5303961.710614051 1046.7987997558596
431677.3979698317 5303961.709987094 1046.7987997558596
431677.38371945504 5303961.7081109965 1046.7987997558596
431677.3696868181 5303961.705000035 1046.7987997558596
431677.3559787176 5303961.7006778885 1046.7987997558596
431677.3426994805 5303961.695177448 1046.7987997558596
431677.3299501699 5303961.688540577 1046.7987997558596
431677.3178278157 5303961.680817786 1046.7987997558596
431677.3064246763 5303961.672067849 1046.7987997558596
431677.29582753655 5303961.662357359 1046.7987997558596
431677.2861170471 5303961.65176022 1046.7987997558596
431677.2773671105 5303961.640357081 1046.7987997558596
431677.2696443192 5303961.628234726 1046.7987997558596
431677.2630074481 5303961.615485416 1046.7987997558596
431677.257507008 5303961.602206179 1046.7987997558596
431677.2531848606 5303961.588498078 1046.7987997558596
431677.2500738998 5303961.5744654415 1046.7987997558596
431677.24819780217 5303961.560215064 1046.7987997558596
431677.24757084576 5303961.545855402 1046.7987997558596
431677.24819780217 5303961.53149574 1046.7987997558596
431677.2500738998 5303961.5172453625 1046.7987997558596
431677.2531848606 5303961.503212726 1046.7987997558596
431677.257507008 5303961.489504625 1046.7987997558596
431677.2630074481 5303961.476225388 1046.7987997558596
431677.2696443192 5303961.463476078 1046.7987997558596
431677.2773671105 5303961.451353723 1046.7987997558596
431677.2861170471 5303961.439950584 1046.7987997558596
431677.29582753655 5303961.429353445 1046.7987997558596
431677.3064246763 5303961.419642955 1046.7987997558596
431677.3178278157 5303961.410893018 1046.7987997558596
431677.3299501699 5303961.403170227 1046.7987997558596
431677.3426994805 5303961.396533356 1046.7987997558596
431677.3559787176 5303961.391032916 1046.7987997558596
431677.3696868181 5303961.386710769 1046.7987997558596
431677.38371945504 5303961.383599808 1046.7987997558596
431677.3979698317 5303961.38172371 1046.7987997558596
431677.4123294941 5303961.381096753 1046.7987997558596
431677.4266891565 5303961.38172371 1046.7987997558596
431677.4409395331 5303961.383599808 1046.7987997558596
431677.4549721701 5303961.386710769 1046.7987997558596
431677.4686802706 5303961.391032916 1046.7987997558596
431677.4819595076 5303961.396533356 1046.7987997558596
431677.4947088183 5303961.403170227 1046.7987997558596
431677.5068311725 5303961.410893018 1046.7987997558596
431677.51823431184 5303961.419642955 1046.7987997558596
431677.5288314516 5303961.429353445 1046.7987997558596
431677.5385419411 5303961.439950584 1046.7987997558596
431677.5472918777 5303961.451353723 1046.7987997558596
431677.555014669 5303961.463476078 1046.7987997558596
431677.5616515401 5303961.476225388 1046.7987997558596
431677.5671519801 5303961.489504625 1046.7987997558596
431677.5714741276 5303961.503212726 1046.7987997558596
431677.5745850884 5303961.5172453625 1046.7987997558596
431677.576461186 5303961.53149574 1046.7987997558596
431589.3964869769 5304029.5003525615 1055.857759716797
431589.3953926618 5304029.525416496 1055.857759716797
431589.3921180451 5304029.55028968 1055.857759716797
431589.3866880485 5304029.574782812 1055.857759716797
431589.3791439976 5304029.598709485 1055.857759716797
431589.3695433072 5304029.621887601 1055.857759716797
431589.35795904434 5304029.644140763 1055.857759716797
431589.3444793722 5304029.66529961 1055.857759716797
431589.3292068793 5304029.685203111 1055.857759716797
431589.3122577984 5304029.703699786 1055.857759716797
431589.2937611224 5304029.720648867 1055.857759716797
431589.27385762206 5304029.735921361 1055.857759716797
431589.2526987752 5304029.749401032 1055.857759716797
431589.2304456132 5304029.760985295 1055.857759716797
431589.20726749615 5304029.770585986 1055.857759716797
431589.1833408236 5304029.778130037 1055.857759716797
431589.15884769184 5304029.783560033 1055.857759716797
431589.1339745085 5304029.78683465 1055.857759716797
431589.1089105734 5304029.787928965 1055.857759716797
431589.0838466384 5304029.78683465 1055.857759716797
431589.058973455 5304029.783560033 1055.857759716797
431589.03448032326 5304029.778130037 1055.857759716797
431589.0105536507 5304029.770585986 1055.857759716797
431588.9873755337 5304029.760985295 1055.857759716797
431588.9651223717 5304029.749401032 1055.857759716797
431588.9439635248 5304029.735921361 1055.857759716797
431588.9240600245 5304029.720648867 1055.857759716797
431588.9055633485 5304029.703699786 1055.857759716797
431588.8886142676 5304029.685203111 1055.857759716797
431588.8733417746 5304029.66529961 1055.857759716797
431588.8598621025 5304029.644140763 1055.857759716797
431588.8482778396 5304029.621887601 1055.857759716797
431588.8386771492 5304029.598709485 1055.857759716797
431588.8311330983 5304029.574782812 1055.857759716797
431588.8257031017 5304029.55028968 1055.857759716797
431588.822428485 5304029.525416496 1055.857759716797
431588.82133416994 5304029.5003525615 1055.857759716797
431588.822428485 5304029.475288627 1055.857759716797
431588.8257031017 5304029.450415443 1055.857759716797
431588.8311330983 5304029.425922311 1055.857759716797
431588.8386771492 5304029.401995638 1055.857759716797
431588.8482778396 5304029.378817522 1055.857759716797
431588.8598621025 5304029.35656436 1055.857759716797
431588.8733417746 5304029.335405513 1055.857759716797
431588.8886142676 5304029.315502012 1055.857759716797
431588.9055633485 5304029.297005337 1055.857759716797
431588.9240600245 5304029.280056256 1055.857759716797
431588.9439635248 5304029.264783762 1055.857759716797
431588.9651223717 5304029.251304091 1055.857759716797
431588.9873755337 5304029.239719828 1055.857759716797
431589.0105536507 5304029.230119137 1055.857759716797
431589.03448032326 5304029.222575086 1055.857759716797
431589.058973455 5304029.21714509 1055.857759716797
431589.0838466384 5304029.213870473 1055.857759716797
431589.1089105734 5304029.212776158 1055.857759716797
431589.1339745085 5304029.213870473 1055.857759716797
431589.15884769184 5304029.21714509 1055.857759716797
431589.1833408236 5304029.222575086 1055.857759716797
431589.20726749615 5304029.230119137 1055.857759716797
431589.2304456132 5304029.239719828 1055.857759716797
431589.2526987752 5304029.251304091 1055.857759716797
431589.27385762206 5304029.264783762 1055.857759716797
431589.2937611224 5304029.280056256 1055.857759716797
431589.3122577984 5304029.297005337 1055.857759716797
431589.3292068793 5304029.315502012 1055.857759716797
431589.3444793722 5304029.335405513 1055.857759716797
431589.35795904434 5304029.35656436 1055.857759716797
431589.3695433072 5304029.378817522 1055.857759716797
431589.3791439976 5304029.401995638 1055.857759716797
431589.3866880485 5304029.425922311 1055.857759716797
431589.3921180451 5304029.450415443 1055.857759716797
431589.3953926618 5304029.475288627 1055.857759716797
431678.939085608 5304012.123251592 1053.012789013672
431678.9381816671 5304012.143955242 1053.012789013672
431678.935476724 5304012.164501324 1053.012789013672
431678.9309913649 5304012.184733472 1053.012789013672
431678.9247597262 5304012.204497705 1053.012789013672
431678.9168292343 5304012.223643606 1053.012789013672
431678.90726024506 5304012.242025463 1053.012789013672
431678.8961255843 5304012.259503379 1053.012789013672
431678.8835099935 5304012.275944338 1053.012789013672
431678.8695094849 5304012.291223212 1053.012789013672
431678.8542306109 5304012.30522372 1053.012789013672
431678.83778965287 5304012.317839311 1053.012789013672
431678.8203117365 5304012.328973972 1053.012789013672
431678.8019298792 5304012.3385429615 1053.012789013672
431678.7827839781 5304012.346473453 1053.012789013672
431678.763019745 5304012.352705092 1053.012789013672
431678.7427875976 5304012.357190451 1053.012789013672
431678.7222415149 5304012.359895394 1053.012789013672
431678.701537865 5304012.360799335 1053.012789013672
431678.680834215 5304012.359895394 1053.012789013672
431678.6602881323 5304012.357190451 1053.012789013672
431678.64005598496 5304012.352705092 1053.012789013672
431678.6202917519 5304012.346473453 1053.012789013672
431678.6011458507 5304012.3385429615 1053.012789013672
431678.5827639935 5304012.328973972 1053.012789013672
431678.5652860771 5304012.317839311 1053.012789013672
431678.5488451191 5304012.30522372 1053.012789013672
431678.53356624505 5304012.291223212 1053.012789013672
431678.51956573647 5304012.275944338 1053.012789013672
431678.5069501457 5304012.259503379 1053.012789013672
431678.4958154849 5304012.242025463 1053.012789013672
431678.4862464957 5304012.223643606 1053.012789013672
431678.47831600375 5304012.204497705 1053.012789013672
431678.472084365 5304012.184733472 1053.012789013672
431678.467599006 5304012.164501324 1053.012789013672
431678.4648940629 5304012.143955242 1053.012789013672
431678.463990122 5304012.123251592 1053.012789013672
431678.4648940629 5304012.102547942 1053.012789013672
431678.467599006 5304012.082001859 1053.012789013672
431678.472084365 5304012.061769712 1053.012789013672
431678.47831600375 5304012.042005478 1053.012789013672
431678.4862464957 5304012.022859578 1053.012789013672
431678.4958154849 5304012.004477721 1053.012789013672
431678.5069501457 5304011.986999804 1053.012789013672
431678.51956573647 5304011.970558845 1053.012789013672
431678.53356624505 5304011.955279972 1053.012789013672
431678.5488451191 5304011.941279464 1053.012789013672
431678.5652860771 5304011.928663872 1053.012789013672
431678.5827639935 5304011.917529211 1053.012789013672
431678.6011458507 5304011.907960222 1053.012789013672
431678.6202917519 5304011.900029731 1053.012789013672
431678.64005598496 5304011.893798091 1053.012789013672
431678.6602881323 5304011.889312733 1053.012789013672
431678.680834215 5304011.886607789 1053.012789013672
431678.701537865 5304011.885703849 1053.012789013672
431678.7222415149 5304011.886607789 1053.012789013672
431678.7427875976 5304011.889312733 1053.012789013672
431678.763019745 5304011.893798091 1053.012789013672
431678.7827839781 5304011.900029731 1053.012789013672
431678.8019298792 5304011.907960222 1053.012789013672
431678.8203117365 5304011.917529211 1053.012789013672
431678.83778965287 5304011.928663872 1053.012789013672
431678.8542306109 5304011.941279464 1053.012789013672
431678.8695094849 5304011.955279972 1053.012789013672
431678.8835099935 5304011.970558845 1053.012789013672
431678.8961255843 5304011.986999804 1053.012789013672
431678.90726024506 5304012.004477721 1053.012789013672
431678.9168292343 5304012.022859578 1053.012789013672
431678.9247597262 5304012.042005478 1053.012789013672
431678.9309913649 5304012.061769712 1053.012789013672
431678.935476724 5304012.082001859 1053.012789013672
431678.9381816671 5304012.102547942 1053.012789013672
431593.0686374472 5303999.060252775 1051.658785107422
431593.0677872521 5303999.079725442 1051.658785107422
431593.0652431377 5303999.09904991 1051.658785107422
431593.061024466 5303999.118079108 1051.658785107422
431593.0551633437 5303999.136668214 1051.658785107422
431593.0477043775 5303999.154675751 1051.658785107422
431593.0387043346 5303999.171964672 1051.658785107422
431593.0282317109 5303999.188403399 1051.658785107422
431593.01636620914 5303999.203866822 1051.658785107422
431593.00319813314 5303999.218237255 1051.658785107422
431592.9888276999 5303999.231405331 1051.658785107422
431592.9733642769 5303999.243270833 1051.658785107422
431592.9569255504 5303999.253743457 1051.658785107422
431592.9396366289 5303999.262743499 1051.658785107422
431592.9216290916 5303999.270202465 1051.658785107422
431592.90303998656 5303999.276063588 1051.658785107422
431592.8840107883 5303999.280282259 1051.658785107422
431592.8646863204 5303999.282826374 1051.658785107422
431592.8452136537 5303999.283676569 1051.658785107422
431592.825740987 5303999.282826374 1051.658785107422
431592.8064165191 5303999.280282259 1051.658785107422
431592.7873873208 5303999.276063588 1051.658785107422
431592.76879821584 5303999.270202465 1051.658785107422
431592.7507906785 5303999.262743499 1051.658785107422
431592.733501757 5303999.253743457 1051.658785107422
431592.71706303046 5303999.243270833 1051.658785107422
431592.70159960754 5303999.231405331 1051.658785107422
431592.6872291743 5303999.218237255 1051.658785107422
431592.6740610983 5303999.203866822 1051.658785107422
431592.66219559655 5303999.188403399 1051.658785107422
431592.6517229728 5303999.171964672 1051.658785107422
431592.6427229299 5303999.154675751 1051.658785107422
431592.63526396366 5303999.136668214 1051.658785107422
431592.6294028414 5303999.118079108 1051.658785107422
431592.6251841697 5303999.09904991 1051.658785107422
431592.62264005526 5303999.079725442 1051.658785107422
431592.62178986025 5303999.060252775 1051.658785107422
431592.62264005526 5303999.040780108 1051.658785107422
431592.6251841697 5303999.021455641 1051.658785107422
431592.6294028414 5303999.002426443 1051.658785107422
431592.63526396366 5303998.983837337 1051.658785107422
431592.6427229299 5303998.9658298 1051.658785107422
431592.6517229728 5303998.948540879 1051.658785107422
431592.66219559655 5303998.932102152 1051.658785107422
431592.6740610983 5303998.916638729 1051.658785107422
431592.6872291743 5303998.902268296 1051.658785107422
431592.70159960754 5303998.88910022 1051.658785107422
431592.71706303046 5303998.877234718 1051.658785107422
431592.733501757 5303998.866762094 1051.658785107422
431592.7507906785 5303998.857762052 1051.658785107422
431592.76879821584 5303998.8503030855 1051.658785107422
431592.7873873208 5303998.844441963 1051.658785107422
431592.8064165191 5303998.840223292 1051.658785107422
431592.825740987 5303998.837679177 1051.658785107422
431592.8452136537 5303998.8368289815 1051.658785107422
431592.8646863204 5303998.837679177 1051.658785107422
431592.8840107883 5303998.840223292 1051.658785107422
431592.90303998656 5303998.844441963 1051.658785107422
431592.9216290916 5303998.8503030855 1051.658785107422
431592.9396366289 5303998.857762052 1051.658785107422
431592.9569255504 5303998.866762094 1051.658785107422
431592.9733642769 5303998.877234718 1051.658785107422
431592.9888276999 5303998.88910022 1051.658785107422
431593.00319813314 5303998.902268296 1051.658785107422
431593.01636620914 5303998.916638729 1051.658785107422
431593.0282317109 5303998.932102152 1051.658785107422
431593.0387043346 5303998.948540879 1051.658785107422
431593.0477043775 5303998.9658298 1051.658785107422
431593.0551633437 5303998.983837337 1051.658785107422
431593.061024466 5303999.002426443 1051.658785107422
431593.0652431377 5303999.021455641 1051.658785107422
431593.0677872521 5303999.040780108 1051.658785107422
431580.7660206196 5304013.83945093 1054.0797445800783
431580.7650414408 5304013.861877813 1054.0797445800783
431580.7621113563 5304013.884134014 1054.0797445800783
431580.75725266605 5304013.906050149 1054.0797445800783
431580.7505023474 5304013.927459425 1054.0797445800783
431580.74191177456 5304013.948198902 1054.0797445800783
431580.7315463268 5304013.968110742 1054.0797445800783
431580.7194848916 5304013.987043403 1054.0797445800783
431580.7058192636 5304014.004852797 1054.0797445800783
431580.69065344654 5304014.021403382 1054.0797445800783
431580.6741028615 5304014.036569199 1054.0797445800783
431580.6562934684 5304014.050234826 1054.0797445800783
431580.6373608074 5304014.062296262 1054.0797445800783
431580.61744896753 5304014.07266171 1054.0797445800783
431580.59670949 5304014.0812522825 1054.0797445800783
431580.5753002146 5304014.088002601 1054.0797445800783
431580.553384079 5304014.092861291 1054.0797445800783
431580.5311278781 5304014.095791376 1054.0797445800783
431580.5087009951 5304014.096770555 1054.0797445800783
431580.4862741121 5304014.095791376 1054.0797445800783
431580.4640179112 5304014.092861291 1054.0797445800783
431580.4421017756 5304014.088002601 1054.0797445800783
431580.42069250025 5304014.0812522825 1054.0797445800783
431580.3999530227 5304014.07266171 1054.0797445800783
431580.38004118286 5304014.062296262 1054.0797445800783
431580.3611085219 5304014.050234826 1054.0797445800783
431580.3432991288 5304014.036569199 1054.0797445800783
431580.3267485437 5304014.021403382 1054.0797445800783
431580.31158272666 5304014.004852797 1054.0797445800783
431580.2979170987 5304013.987043403 1054.0797445800783
431580.2858556634 5304013.968110742 1054.0797445800783
431580.2754902157 5304013.948198902 1054.0797445800783
431580.2668996428 5304013.927459425 1054.0797445800783
431580.2601493242 5304013.906050149 1054.0797445800783
431580.25529063394 5304013.884134014 1054.0797445800783
431580.2523605495 5304013.861877813 1054.0797445800783
431580.25138137065 5304013.83945093 1054.0797445800783
431580.2523605495 5304013.817024048 1054.0797445800783
431580.25529063394 5304013.794767846 1054.0797445800783
431580.2601493242 5304013.772851711 1054.0797445800783
431580.2668996428 5304013.751442435 1054.0797445800783
431580.2754902157 5304013.730702958 1054.0797445800783
431580.2858556634 5304013.710791118 1054.0797445800783
431580.2979170987 5304013.691858457 1054.0797445800783
431580.31158272666 5304013.674049064 1054.0797445800783
431580.3267485437 5304013.657498479 1054.0797445800783
431580.3432991288 5304013.642332662 1054.0797445800783
431580.3611085219 5304013.628667034 1054.0797445800783
431580.38004118286 5304013.616605599 1054.0797445800783
431580.3999530227 5304013.606240151 1054.0797445800783
431580.42069250025 5304013.597649578 1054.0797445800783
431580.4421017756 5304013.59089926 1054.0797445800783
431580.4640179112 5304013.5860405695 1054.0797445800783
431580.4862741121 5304013.583110484 1054.0797445800783
431580.5087009951 5304013.582131306 1054.0797445800783
431580.5311278781 5304013.583110484 1054.0797445800783
431580.553384079 5304013.5860405695 1054.0797445800783
431580.5753002146 5304013.59089926 1054.0797445800783
431580.59670949 5304013.597649578 1054.0797445800783
431580.61744896753 5304013.606240151 1054.0797445800783
431580.6373608074 5304013.616605599 1054.0797445800783
431580.6562934684 5304013.628667034 1054.0797445800783
431580.6741028615 5304013.642332662 1054.0797445800783
431580.69065344654 5304013.657498479 1054.0797445800783
431580.7058192636 5304013.674049064 1054.0797445800783
431580.7194848916 5304013.691858457 1054.0797445800783
431580.7315463268 5304013.710791118 1054.0797445800783
431580.74191177456 5304013.730702958 1054.0797445800783
431580.7505023474 5304013.751442435 1054.0797445800783
431580.75725266605 5304013.772851711 1054.0797445800783
431580.7621113563 5304013.794767846 1054.0797445800783
431580.7650414408 5304013.817024048 1054.0797445800783
431588.7849984239 5304004.0867206175 1052.025789501953
431588.7838212829 5304004.11368158 1052.025789501953
431588.7802988184 5304004.140437353 1052.025789501953
431588.77445783874 5304004.166784311 1052.025789501953
431588.76634279714 5304004.192521934 1052.025789501953
431588.756015454 5304004.217454346 1052.025789501953
431588.7435544067 5304004.241391796 1052.025789501953
431588.72905449127 5304004.264152103 1052.025789501953
431588.7126260608 5304004.2855620505 1052.025789501953
431588.6943941456 5304004.305458695 1052.025789501953
431588.6744975016 5304004.32369061 1052.025789501953
431588.6530875542 5304004.340119041 1052.025789501953
431588.6303272461 5304004.354618956 1052.025789501953
431588.6063897969 5304004.367080003 1052.025789501953
431588.5814573851 5304004.377407346 1052.025789501953
431588.5557197614 5304004.385522388 1052.025789501953
431588.5293728046 5304004.391363367 1052.025789501953
431588.50261703104 5304004.394885832 1052.025789501953
431588.4756560683 5304004.396062973 1052.025789501953
431588.4486951056 5304004.394885832 1052.025789501953
431588.421939332 5304004.391363367 1052.025789501953
431588.3955923752 5304004.385522388 1052.025789501953
431588.3698547515 5304004.377407346 1052.025789501953
431588.3449223397 5304004.367080003 1052.025789501953
431588.3209848905 5304004.354618956 1052.025789501953
431588.2982245824 5304004.340119041 1052.025789501953
431588.27681463497 5304004.32369061 1052.025789501953
431588.256917991 5304004.305458695 1052.025789501953
431588.2386860758 5304004.2855620505 1052.025789501953
431588.2222576453 5304004.264152103 1052.025789501953
431588.2077577299 5304004.241391796 1052.025789501953
431588.1952966826 5304004.217454346 1052.025789501953
431588.18496933946 5304004.192521934 1052.025789501953
431588.17685429787 5304004.166784311 1052.025789501953
431588.1710133182 5304004.140437353 1052.025789501953
431588.16749085375 5304004.11368158 1052.025789501953
431588.1663137127 5304004.0867206175 1052.025789501953
431588.16749085375 5304004.059759655 1052.025789501953
431588.1710133182 5304004.033003882 1052.025789501953
431588.17685429787 5304004.006656924 1052.025789501953
431588.18496933946 5304003.980919301 1052.025789501953
431588.1952966826 5304003.955986889 1052.025789501953
431588.2077577299 5304003.932049439 1052.025789501953
431588.2222576453 5304003.909289132 1052.025789501953
431588.2386860758 5304003.887879184 1052.025789501953
431588.256917991 5304003.86798254 1052.025789501953
431588.27681463497 5304003.849750625 1052.025789501953
431588.2982245824 5304003.833322194 1052.025789501953
431588.3209848905 5304003.818822279 1052.025789501953
431588.3449223397 5304003.806361232 1052.025789501953
431588.3698547515 5304003.796033889 1052.025789501953
431588.3955923752 5304003.787918847 1052.025789501953
431588.421939332 5304003.782077868 1052.025789501953
431588.4486951056 5304003.7785554025 1052.025789501953
431588.4756560683 5304003.777378262 1052.025789501953
431588.50261703104 5304003.7785554025 1052.025789501953
431588.5293728046 5304003.782077868 1052.025789501953
431588.5557197614 5304003.787918847 1052.025789501953
431588.5814573851 5304003.796033889 1052.025789501953
431588.6063897969 5304003.806361232 1052.025789501953
431588.6303272461 5304003.818822279 1052.025789501953
431588.6530875542 5304003.833322194 1052.025789501953
431588.6744975016 5304003.849750625 1052.025789501953
431588.6943941456 5304003.86798254 1052.025789501953
431588.7126260608 5304003.887879184 1052.025789501953
431588.72905449127 5304003.909289132 1052.025789501953
431588.7435544067 5304003.932049439 1052.025789501953
431588.756015454 5304003.955986889 1052.025789501953
431588.76634279714 5304003.980919301 1052.025789501953
431588.77445783874 5304004.006656924 1052.025789501953
431588.7802988184 5304004.033003882 1052.025789501953
431588.7838212829 5304004.059759655 1052.025789501953
431594.09459795855 5304005.536088671 1052.1787436035158
431594.0935416821 5304005.560281377 1052.1787436035158
431594.0903808919 5304005.584289962 1052.1787436035158
431594.0851396433 5304005.607931707 1052.1787436035158
431594.07785782544 5304005.631026683 1052.1787436035158
431594.0685908573 5304005.653399123 1052.1787436035158
431594.0574092661 5304005.67487876 1052.1787436035158
431594.0443981506 5304005.69530212 1052.1787436035158
431594.0296565332 5304005.71451377 1052.1787436035158
431594.0132966065 5304005.732367497 1052.1787436035158
431593.9954428793 5304005.748727424 1052.1787436035158
431593.9762312295 5304005.763469041 1052.1787436035158
431593.9558078691 5304005.776480157 1052.1787436035158
431593.9343282324 5304005.787661748 1052.1787436035158
431593.9119557922 5304005.796928716 1052.1787436035158
431593.8888608165 5304005.804210534 1052.1787436035158
431593.8652190719 5304005.809451783 1052.1787436035158
431593.8412104864 5304005.812612573 1052.1787436035158
431593.8170177797 5304005.81366885 1052.1787436035158
431593.792825073 5304005.812612573 1052.1787436035158
431593.76881648746 5304005.809451783 1052.1787436035158
431593.7451747429 5304005.804210534 1052.1787436035158
431593.7220797672 5304005.796928716 1052.1787436035158
431593.699707327 5304005.787661748 1052.1787436035158
431593.6782276903 5304005.776480157 1052.1787436035158
431593.6578043299 5304005.763469041 1052.1787436035158
431593.63859268 5304005.748727424 1052.1787436035158
431593.6207389529 5304005.732367497 1052.1787436035158
431593.60437902616 5304005.71451377 1052.1787436035158
431593.58963740873 5304005.69530212 1052.1787436035158
431593.5766262933 5304005.67487876 1052.1787436035158
431593.5654447021 5304005.653399123 1052.1787436035158
431593.55617773393 5304005.631026683 1052.1787436035158
431593.5488959161 5304005.607931707 1052.1787436035158
431593.5436546675 5304005.584289962 1052.1787436035158
431593.54049387726 5304005.560281377 1052.1787436035158
431593.5394376008 5304005.536088671 1052.1787436035158
431593.54049387726 5304005.511895964 1052.1787436035158
431593.5436546675 5304005.487887379 1052.1787436035158
431593.5488959161 5304005.464245634 1052.1787436035158
431593.55617773393 5304005.441150658 1052.1787436035158
431593.5654447021 5304005.418778218 1052.1787436035158
431593.5766262933 5304005.397298581 1052.1787436035158
431593.58963740873 5304005.376875221 1052.1787436035158
431593.60437902616 5304005.357663571 1052.1787436035158
431593.6207389529 5304005.339809844 1052.1787436035158
431593.63859268 5304005.323449917 1052.1787436035158
431593.6578043299 5304005.3087083 1052.1787436035158
431593.6782276903 5304005.295697184 1052.1787436035158
431593.699707327 5304005.284515593 1052.1787436035158
431593.7220797672 5304005.275248625 1052.1787436035158
431593.7451747429 5304005.267966807 1052.1787436035158
431593.76881648746 5304005.262725558 1052.1787436035158
431593.792825073 5304005.2595647685 1052.1787436035158
431593.8170177797 5304005.258508491 1052.1787436035158
431593.8412104864 5304005.2595647685 1052.1787436035158
431593.8652190719 5304005.262725558 1052.1787436035158
431593.8888608165 5304005.267966807 1052.1787436035158
431593.9119557922 5304005.275248625 1052.1787436035158
431593.9343282324 5304005.284515593 1052.1787436035158
431593.9558078691 5304005.295697184 1052.1787436035158
431593.9762312295 5304005.3087083 1052.1787436035158
431593.9954428793 5304005.323449917 1052.1787436035158
431594.0132966065 5304005.339809844 1052.1787436035158
431594.0296565332 5304005.357663571 1052.1787436035158
431594.0443981506 5304005.376875221 1052.1787436035158
431594.0574092661 5304005.397298581 1052.1787436035158
431594.0685908573 5304005.418778218 1052.1787436035158
431594.07785782544 5304005.441150658 1052.1787436035158
431594.0851396433 5304005.464245634 1052.1787436035158
431594.0903808919 5304005.487887379 1052.1787436035158
431594.0935416821 5304005.511895964 1052.1787436035158
431662.3330896556 5303961.373232953 1046.951753857422
431662.3322320949 5303961.392874323 1046.951753857422
431662.3296659392 5303961.4123662105 1046.951753857422
431662.32541071856 5303961.431560271 1046.951753857422
431662.3194988179 5303961.450310424 1046.951753857422
431662.31197523023 5303961.468473971 1046.951753857422
431662.3028972146 5303961.485912677 1046.951753857422
431662.2923338602 5303961.502493822 1046.951753857422
431662.28036556055 5303961.518091214 1046.951753857422
431662.2670834016 5303961.532586147 1046.951753857422
431662.2525884687 5303961.5458683055 1046.951753857422
431662.2369910769 5303961.557836605 1046.951753857422
431662.2204099319 5303961.568399959 1046.951753857422
431662.20297122607 5303961.577477976 1046.951753857422
431662.1848076786 5303961.585001563 1046.951753857422
431662.16605752514 5303961.590913463 1046.951753857422
431662.1468634655 5303961.595168685 1046.951753857422
431662.1273715782 5303961.59773484 1046.951753857422
431662.10773020814 5303961.598592401 1046.951753857422
431662.0880888381 5303961.59773484 1046.951753857422
431662.0685969508 5303961.595168685 1046.951753857422
431662.04940289113 5303961.590913463 1046.951753857422
431662.03065273765 5303961.585001563 1046.951753857422
431662.0124891902 5303961.577477976 1046.951753857422
431661.9950504844 5303961.568399959 1046.951753857422
431661.9784693394 5303961.557836605 1046.951753857422
431661.9628719476 5303961.5458683055 1046.951753857422
431661.94837701466 5303961.532586147 1046.951753857422
431661.9350948557 5303961.518091214 1046.951753857422
431661.9231265561 5303961.502493822 1046.951753857422
431661.9125632017 5303961.485912677 1046.951753857422
431661.9034851861 5303961.468473971 1046.951753857422
431661.8959615984 5303961.450310424 1046.951753857422
431661.8900496977 5303961.431560271 1046.951753857422
431661.88579447713 5303961.4123662105 1046.951753857422
431661.88322832144 5303961.392874323 1046.951753857422
431661.8823707607 5303961.373232953 1046.951753857422
431661.88322832144 5303961.353591584 1046.951753857422
431661.88579447713 5303961.334099696 1046.951753857422
431661.8900496977 5303961.314905636 1046.951753857422
431661.8959615984 5303961.2961554825 1046.951753857422
431661.9034851861 5303961.277991936 1046.951753857422
431661.9125632017 5303961.26055323 1046.951753857422
431661.9231265561 5303961.2439720845 1046.951753857422
431661.9350948557 5303961.228374693 1046.951753857422
431661.94837701466 5303961.213879759 1046.951753857422
431661.9628719476 5303961.200597601 1046.951753857422
431661.9784693394 5303961.188629301 1046.951753857422
431661.9950504844 5303961.178065947 1046.951753857422
431662.0124891902 5303961.168987931 1046.951753857422
431662.03065273765 5303961.161464344 1046.951753857422
431662.04940289113 5303961.155552443 1046.951753857422
431662.0685969508 5303961.151297222 1046.951753857422
431662.0880888381 5303961.148731067 1046.951753857422
431662.10773020814 5303961.147873506 1046.951753857422
431662.1273715782 5303961.148731067 1046.951753857422
431662.1468634655 5303961.151297222 1046.951753857422
431662.16605752514 5303961.155552443 1046.951753857422
431662.1848076786 5303961.161464344 1046.951753857422
431662.20297122607 5303961.168987931 1046.951753857422
431662.2204099319 5303961.178065947 1046.951753857422
431662.2369910769 5303961.188629301 1046.951753857422
431662.2525884687 5303961.200597601 1046.951753857422
431662.2670834016 5303961.213879759 1046.951753857422
431662.28036556055 5303961.228374693 1046.951753857422
431662.2923338602 5303961.2439720845 1046.951753857422
431662.3028972146 5303961.26055323 1046.951753857422
431662.31197523023 5303961.277991936 1046.951753857422
431662.3194988179 5303961.2961554825 1046.951753857422
431662.32541071856 5303961.314905636 1046.951753857422
431662.3296659392 5303961.334099696 1046.951753857422
431662.3322320949 5303961.353591584 1046.951753857422
431657.2342248903 5304032.376930412 1054.418794873047
431657.2337108072 5304032.38870485 1054.418794873047
431657.2321724704 5304032.400389679 1054.418794873047
431657.2296215875 5304032.411895968 1054.418794873047
431657.2260775724 5304032.423136148 1054.418794873047
431657.221567397 5304032.434024675 1054.418794873047
431657.21612538665 5304032.444478679 1054.418794873047
431657.20979295817 5304032.454418601 1054.418794873047
431657.2026183053 5304032.463768791 1054.418794873047
431657.1946560314 5304032.472458088 1054.418794873047
431657.1859667343 5304032.480420361 1054.418794873047
431657.1766165445 5304032.487595014 1054.418794873047
431657.166676623 5304032.4939274425 1054.418794873047
431657.1562226183 5304032.499369454 1054.418794873047
431657.1453340918 5304032.503879629 1054.418794873047
431657.1340939117 5304032.507423644 1054.418794873047
431657.12258762267 5304032.509974526 1054.418794873047
431657.11090279446 5304032.511512863 1054.418794873047
431657.0991283556 5304032.512026947 1054.418794873047
431657.0873539168 5304032.511512863 1054.418794873047
431657.0756690886 5304032.509974526 1054.418794873047
431657.0641627995 5304032.507423644 1054.418794873047
431657.05292261945 5304032.503879629 1054.418794873047
431657.04203409294 5304032.499369454 1054.418794873047
431657.03158008825 5304032.4939274425 1054.418794873047
431657.0216401667 5304032.487595014 1054.418794873047
431657.012289977 5304032.480420361 1054.418794873047
431657.0036006798 5304032.472458088 1054.418794873047
431656.995638406 5304032.463768791 1054.418794873047
431656.9884637531 5304032.454418601 1054.418794873047
431656.9821313246 5304032.444478679 1054.418794873047
431656.97668931424 5304032.434024675 1054.418794873047
431656.97217913886 5304032.423136148 1054.418794873047
431656.96863512375 5304032.411895968 1054.418794873047
431656.9660842409 5304032.400389679 1054.418794873047
431656.964545904 5304032.38870485 1054.418794873047
431656.96403182094 5304032.376930412 1054.418794873047
431656.964545904 5304032.3651559735 1054.418794873047
431656.9660842409 5304032.353471145 1054.418794873047
431656.96863512375 5304032.341964856 1054.418794873047
431656.97217913886 5304032.330724676 1054.418794873047
431656.97668931424 5304032.319836149 1054.418794873047
431656.9821313246 5304032.309382144 1054.418794873047
431656.9884637531 5304032.299442223 1054.418794873047
431656.995638406 5304032.290092033 1054.418794873047
431657.0036006798 5304032.281402736 1054.418794873047
431657.012289977 5304032.273440463 1054.418794873047
431657.0216401667 5304032.26626581 1054.418794873047
431657.03158008825 5304032.259933381 1054.418794873047
431657.04203409294 5304032.25449137 1054.418794873047
431657.05292261945 5304032.249981195 1054.418794873047
431657.0641627995 5304032.24643718 1054.418794873047
431657.0756690886 5304032.243886298 1054.418794873047
431657.0873539168 5304032.24234796 1054.418794873047
431657.0991283556 5304032.241833877 1054.418794873047
431657.11090279446 5304032.24234796 1054.418794873047
431657.12258762267 5304032.243886298 1054.418794873047
431657.1340939117 5304032.24643718 1054.418794873047
431657.1453340918 5304032.249981195 1054.418794873047
431657.1562226183 5304032.25449137 1054.418794873047
431657.166676623 5304032.259933381 1054.418794873047
431657.1766165445 5304032.26626581 1054.418794873047
431657.1859667343 5304032.273440463 1054.418794873047
431657.1946560314 5304032.281402736 1054.418794873047
431657.2026183053 5304032.290092033 1054.418794873047
431657.20979295817 5304032.299442223 1054.418794873047
431657.21612538665 5304032.309382144 1054.418794873047
431657.221567397 5304032.319836149 1054.418794873047
431657.2260775724 5304032.330724676 1054.418794873047
431657.2296215875 5304032.341964856 1054.418794873047
431657.2321724704 5304032.353471145 1054.418794873047
431657.2337108072 5304032.3651559735 1054.418794873047
431594.73740859714 5304007.5270056855 1052.4867880371096
431594.7365143861 5304007.547486486 1052.4867880371096
431594.7338385585 5304007.567811415 1052.4867880371096
431594.7294014789 5304007.587825787 1052.4867880371096
431594.7232369162 5304007.607377282 1052.4867880371096
431594.71539178654 5304007.626317101 1052.4867880371096
431594.705925796 5304007.644501099 1052.4867880371096
431594.69491098647 5304007.661790887 1052.4867880371096
431594.6824311873 5304007.678054878 1052.4867880371096
431594.66858137737 5304007.693169293 1052.4867880371096
431594.6534669621 5304007.707019103 1052.4867880371096
431594.6372029712 5304007.719498902 1052.4867880371096
431594.6199131836 5304007.730513711 1052.4867880371096
431594.60172918485 5304007.739979702 1052.4867880371096
431594.5827893663 5304007.747824832 1052.4867880371096
431594.56323787145 5304007.753989395 1052.4867880371096
431594.54322349885 5304007.758426474 1052.4867880371096
431594.52289857 5304007.761102302 1052.4867880371096
431594.5024177699 5304007.761996512 1052.4867880371096
431594.48193696985 5304007.761102302 1052.4867880371096
431594.461612041 5304007.758426474 1052.4867880371096
431594.4415976684 5304007.753989395 1052.4867880371096
431594.4220461736 5304007.747824832 1052.4867880371096
431594.403106355 5304007.739979702 1052.4867880371096
431594.3849223563 5304007.730513711 1052.4867880371096
431594.36763256864 5304007.719498902 1052.4867880371096
431594.3513685778 5304007.707019103 1052.4867880371096
431594.3362541625 5304007.693169293 1052.4867880371096
431594.3224043525 5304007.678054878 1052.4867880371096
431594.3099245534 5304007.661790887 1052.4867880371096
431594.2989097439 5304007.644501099 1052.4867880371096
431594.2894437533 5304007.626317101 1052.4867880371096
431594.2815986236 5304007.607377282 1052.4867880371096
431594.27543406095 5304007.587825787 1052.4867880371096
431594.27099698136 5304007.567811415 1052.4867880371096
431594.2683211537 5304007.547486486 1052.4867880371096
431594.2674269427 5304007.5270056855 1052.4867880371096
431594.2683211537 5304007.506524885 1052.4867880371096
431594.27099698136 5304007.486199956 1052.4867880371096
431594.27543406095 5304007.466185584 1052.4867880371096
431594.2815986236 5304007.446634089 1052.4867880371096
431594.2894437533 5304007.42769427 1052.4867880371096
431594.2989097439 5304007.409510272 1052.4867880371096
431594.3099245534 5304007.392220484 1052.4867880371096
431594.3224043525 5304007.375956493 1052.4867880371096
431594.3362541625 5304007.360842078 1052.4867880371096
431594.3513685778 5304007.346992268 1052.4867880371096
431594.36763256864 5304007.334512469 1052.4867880371096
431594.3849223563 5304007.32349766 1052.4867880371096
431594.403106355 5304007.314031669 1052.4867880371096
431594.4220461736 5304007.306186539 1052.4867880371096
431594.4415976684 5304007.300021976 1052.4867880371096
431594.461612041 5304007.295584897 1052.4867880371096
431594.48193696985 5304007.292909069 1052.4867880371096
431594.5024177699 5304007.292014859 1052.4867880371096
431594.52289857 5304007.292909069 1052.4867880371096
431594.54322349885 5304007.295584897 1052.4867880371096
431594.56323787145 5304007.300021976 1052.4867880371096
431594.5827893663 5304007.306186539 1052.4867880371096
431594.60172918485 5304007.314031669 1052.4867880371096
431594.6199131836 5304007.32349766 1052.4867880371096
431594.6372029712 5304007.334512469 1052.4867880371096
431594.6534669621 5304007.346992268 1052.4867880371096
431594.66858137737 5304007.360842078 1052.4867880371096
431594.6824311873 5304007.375956493 1052.4867880371096
431594.69491098647 5304007.392220484 1052.4867880371096
431594.705925796 5304007.409510272 1052.4867880371096
431594.71539178654 5304007.42769427 1052.4867880371096
431594.7232369162 5304007.446634089 1052.4867880371096
431594.7294014789 5304007.466185584 1052.4867880371096
431594.7338385585 5304007.486199956 1052.4867880371096
431594.7365143861 5304007.506524885 1052.4867880371096
431611.0968667902 5304011.205700924 1052.9777548339846
431611.0960068694 5304011.225396349 1052.9777548339846
431611.0934336514 5304011.244941881 1052.9777548339846
431611.0891667199 5304011.264188765 1052.9777548339846
431611.08323854895 5304011.282990521 1052.9777548339846
431611.0756942554 5304011.3012040565 1052.9777548339846
431611.066591256 5304011.318690755 1052.9777548339846
431611.0559988299 5304011.335317534 1052.9777548339846
431611.04399759206 5304011.350957852 1052.9777548339846
431611.030678879 5304011.365492676 1052.9777548339846
431611.0161440542 5304011.37881139 1052.9777548339846
431611.0005037365 5304011.390812628 1052.9777548339846
431610.9838769581 5304011.401405053 1052.9777548339846
431610.96639025887 5304011.410508053 1052.9777548339846
431610.9481767232 5304011.418052346 1052.9777548339846
431610.92937496695 5304011.423980517 1052.9777548339846
431610.9101280829 5304011.428247449 1052.9777548339846
431610.8905825515 5304011.430820667 1052.9777548339846
431610.870887126 5304011.431680588 1052.9777548339846
431610.85119170055 5304011.430820667 1052.9777548339846
431610.8316461691 5304011.428247449 1052.9777548339846
431610.8123992851 5304011.423980517 1052.9777548339846
431610.7935975289 5304011.418052346 1052.9777548339846
431610.7753839932 5304011.410508053 1052.9777548339846
431610.7578972939 5304011.401405053 1052.9777548339846
431610.74127051554 5304011.390812628 1052.9777548339846
431610.72563019785 5304011.37881139 1052.9777548339846
431610.711095373 5304011.365492676 1052.9777548339846
431610.69777666 5304011.350957852 1052.9777548339846
431610.6857754221 5304011.335317534 1052.9777548339846
431610.6751829961 5304011.318690755 1052.9777548339846
431610.6660799966 5304011.3012040565 1052.9777548339846
431610.6585357031 5304011.282990521 1052.9777548339846
431610.65260753216 5304011.264188765 1052.9777548339846
431610.6483406007 5304011.244941881 1052.9777548339846
431610.6457673826 5304011.225396349 1052.9777548339846
431610.6449074618 5304011.205700924 1052.9777548339846
431610.6457673826 5304011.186005498 1052.9777548339846
431610.6483406007 5304011.166459966 1052.9777548339846
431610.65260753216 5304011.147213083 1052.9777548339846
431610.6585357031 5304011.128411327 1052.9777548339846
431610.6660799966 5304011.110197791 1052.9777548339846
431610.6751829961 5304011.092711092 1052.9777548339846
431610.6857754221 5304011.076084313 1052.9777548339846
431610.69777666 5304011.060443996 1052.9777548339846
431610.711095373 5304011.045909171 1052.9777548339846
431610.72563019785 5304011.032590457 1052.9777548339846
431610.74127051554 5304011.020589219 1052.9777548339846
431610.7578972939 5304011.009996794 1052.9777548339846
431610.7753839932 5304011.000893794 1052.9777548339846
431610.7935975289 5304010.993349501 1052.9777548339846
431610.8123992851 5304010.98742133 1052.9777548339846
431610.8316461691 5304010.983154398 1052.9777548339846
431610.85119170055 5304010.98058118 1052.9777548339846
431610.870887126 5304010.979721259 1052.9777548339846
431610.8905825515 5304010.98058118 1052.9777548339846
431610.9101280829 5304010.983154398 1052.9777548339846
431610.92937496695 5304010.98742133 1052.9777548339846
431610.9481767232 5304010.993349501 1052.9777548339846
431610.96639025887 5304011.000893794 1052.9777548339846
431610.9838769581 5304011.009996794 1052.9777548339846
431611.0005037365 5304011.020589219 1052.9777548339846
431611.0161440542 5304011.032590457 1052.9777548339846
431611.030678879 5304011.045909171 1052.9777548339846
431611.04399759206 5304011.060443996 1052.9777548339846
431611.0559988299 5304011.076084313 1052.9777548339846
431611.066591256 5304011.092711092 1052.9777548339846
431611.0756942554 5304011.110197791 1052.9777548339846
431611.08323854895 5304011.128411327 1052.9777548339846
431611.0891667199 5304011.147213083 1052.9777548339846
431611.0934336514 5304011.166459966 1052.9777548339846
431611.0960068694 5304011.186005498 1052.9777548339846
431635.3726853094 5304002.43938667 1051.5017416503908
431635.3714267038 5304002.468213476 1051.5017416503908
431635.36766046594 5304002.496820893 1051.5017416503908
431635.361415259 5304002.524991201 1051.5017416503908
431635.35273861286 5304002.552510007 1051.5017416503908
431635.34169656207 5304002.579167875 1051.5017416503908
431635.3283731432 5304002.6047619255 1051.5017416503908
431635.3128697556 5304002.6290973695 1051.5017416503908
431635.2953043893 5304002.651989 1051.5017416503908
431635.2758107275 5304002.673262599 1051.5017416503908
431635.2545371286 5304002.692756261 1051.5017416503908
431635.23164549767 5304002.710321628 1051.5017416503908
431635.2073100537 5304002.725825015 1051.5017416503908
431635.1817160042 5304002.739148433 1051.5017416503908
431635.15505813534 5304002.750190484 1051.5017416503908
431635.1275393295 5304002.758867131 1051.5017416503908
431635.0993690216 5304002.765112338 1051.5017416503908
431635.07076160447 5304002.768878575 1051.5017416503908
431635.041934798 5304002.770137181 1051.5017416503908
431635.01310799154 5304002.768878575 1051.5017416503908
431634.9845005744 5304002.765112338 1051.5017416503908
431634.9563302665 5304002.758867131 1051.5017416503908
431634.9288114607 5304002.750190484 1051.5017416503908
431634.9021535918 5304002.739148433 1051.5017416503908
431634.8765595423 5304002.725825015 1051.5017416503908
431634.8522240984 5304002.710321628 1051.5017416503908
431634.8293324674 5304002.692756261 1051.5017416503908
431634.8080588685 5304002.673262599 1051.5017416503908
431634.7885652067 5304002.651989 1051.5017416503908
431634.77099984046 5304002.6290973695 1051.5017416503908
431634.75549645285 5304002.6047619255 1051.5017416503908
431634.74217303394 5304002.579167875 1051.5017416503908
431634.7311309832 5304002.552510007 1051.5017416503908
431634.722454337 5304002.524991201 1051.5017416503908
431634.71620913007 5304002.496820893 1051.5017416503908
431634.7124428922 5304002.468213476 1051.5017416503908
431634.7111842866 5304002.43938667 1051.5017416503908
431634.7124428922 5304002.410559863 1051.5017416503908
431634.71620913007 5304002.381952446 1051.5017416503908
431634.722454337 5304002.353782138 1051.5017416503908
431634.7311309832 5304002.326263332 1051.5017416503908
431634.74217303394 5304002.299605464 1051.5017416503908
431634.75549645285 5304002.274011414 1051.5017416503908
431634.77099984046 5304002.24967597 1051.5017416503908
431634.7885652067 5304002.226784339 1051.5017416503908
431634.8080588685 5304002.20551074 1051.5017416503908
431634.8293324674 5304002.186017078 1051.5017416503908
431634.8522240984 5304002.168451712 1051.5017416503908
431634.8765595423 5304002.152948325 1051.5017416503908
431634.9021535918 5304002.139624906 1051.5017416503908
431634.9288114607 5304002.128582855 1051.5017416503908
431634.9563302665 5304002.1199062085 1051.5017416503908
431634.9845005744 5304002.113661001 1051.5017416503908
431635.01310799154 5304002.109894764 1051.5017416503908
431635.041934798 5304002.108636159 1051.5017416503908
431635.07076160447 5304002.109894764 1051.5017416503908
431635.0993690216 5304002.113661001 1051.5017416503908
431635.1275393295 5304002.1199062085 1051.5017416503908
431635.15505813534 5304002.128582855 1051.5017416503908
431635.1817160042 5304002.139624906 1051.5017416503908
431635.2073100537 5304002.152948325 1051.5017416503908
431635.23164549767 5304002.168451712 1051.5017416503908
431635.2545371286 5304002.186017078 1051.5017416503908
431635.2758107275 5304002.20551074 1051.5017416503908
431635.2953043893 5304002.226784339 1051.5017416503908
431635.3128697556 5304002.24967597 1051.5017416503908
431635.3283731432 5304002.274011414 1051.5017416503908
431635.34169656207 5304002.299605464 1051.5017416503908
431635.35273861286 5304002.326263332 1051.5017416503908
431635.361415259 5304002.353782138 1051.5017416503908
431635.36766046594 5304002.381952446 1051.5017416503908
431635.3714267038 5304002.410559863 1051.5017416503908
431665.540914262 5303970.489749568 1047.1847860839846
431665.5389805852 5303970.534038045 1047.1847860839846
431665.5331942716 5303970.577989462 1047.1847860839846
431665.5235993583 5303970.621269318 1047.1847860839846
431665.5102688684 5303970.663548231 1047.1847860839846
431665.4933042551 5303970.70450443 1047.1847860839846
431665.4728346293 5303970.743826215 1047.1847860839846
431665.4490157772 5303970.781214324 1047.1847860839846
431665.4220289746 5303970.81638421 1047.1847860839846
431665.39207960747 5303970.849068209 1047.1847860839846
431665.3593956085 5303970.879017577 1047.1847860839846
431665.3242257226 5303970.906004379 1047.1847860839846
431665.286837614 5303970.929823231 1047.1847860839846
431665.24751582864 5303970.950292856 1047.1847860839846
431665.2065596291 5303970.96725747 1047.1847860839846
431665.1642807168 5303970.98058796 1047.1847860839846
431665.1210008598 5303970.990182873 1047.1847860839846
431665.0770494439 5303970.995969187 1047.1847860839846
431665.032760966 5303970.997902864 1047.1847860839846
431664.98847248807 5303970.995969187 1047.1847860839846
431664.94452107215 5303970.990182873 1047.1847860839846
431664.9012412152 5303970.98058796 1047.1847860839846
431664.85896230285 5303970.96725747 1047.1847860839846
431664.8180061033 5303970.950292856 1047.1847860839846
431664.778684318 5303970.929823231 1047.1847860839846
431664.7412962094 5303970.906004379 1047.1847860839846
431664.7061263235 5303970.879017577 1047.1847860839846
431664.6734423245 5303970.849068209 1047.1847860839846
431664.6434929573 5303970.81638421 1047.1847860839846
431664.6165061548 5303970.781214324 1047.1847860839846
431664.5926873027 5303970.743826215 1047.1847860839846
431664.5722176769 5303970.70450443 1047.1847860839846
431664.5552530636 5303970.663548231 1047.1847860839846
431664.5419225737 5303970.621269318 1047.1847860839846
431664.5323276604 5303970.577989462 1047.1847860839846
431664.52654134674 5303970.534038045 1047.1847860839846
431664.52460767 5303970.489749568 1047.1847860839846
431664.52654134674 5303970.44546109 1047.1847860839846
431664.5323276604 5303970.401509673 1047.1847860839846
431664.5419225737 5303970.358229817 1047.1847860839846
431664.5552530636 5303970.315950904 1047.1847860839846
431664.5722176769 5303970.274994705 1047.1847860839846
431664.5926873027 5303970.23567292 1047.1847860839846
431664.6165061548 5303970.198284811 1047.1847860839846
431664.6434929573 5303970.163114925 1047.1847860839846
431664.6734423245 5303970.130430927 1047.1847860839846
431664.7061263235 5303970.100481559 1047.1847860839846
431664.7412962094 5303970.073494757 1047.1847860839846
431664.778684318 5303970.049675904 1047.1847860839846
431664.8180061033 5303970.029206279 1047.1847860839846
431664.85896230285 5303970.012241665 1047.1847860839846
431664.9012412152 5303969.998911175 1047.1847860839846
431664.94452107215 5303969.989316262 1047.1847860839846
431664.98847248807 5303969.983529949 1047.1847860839846
431665.032760966 5303969.981596272 1047.1847860839846
431665.0770494439 5303969.983529949 1047.1847860839846
431665.1210008598 5303969.989316262 1047.1847860839846
431665.1642807168 5303969.998911175 1047.1847860839846
431665.2065596291 5303970.012241665 1047.1847860839846
431665.24751582864 5303970.029206279 1047.1847860839846
431665.286837614 5303970.049675904 1047.1847860839846
431665.3242257226 5303970.073494757 1047.1847860839846
431665.3593956085 5303970.100481559 1047.1847860839846
431665.39207960747 5303970.130430927 1047.1847860839846
431665.4220289746 5303970.163114925 1047.1847860839846
431665.4490157772 5303970.198284811 1047.1847860839846
431665.4728346293 5303970.23567292 1047.1847860839846
431665.4933042551 5303970.274994705 1047.1847860839846
431665.5102688684 5303970.315950904 1047.1847860839846
431665.5235993583 5303970.358229817 1047.1847860839846
431665.5331942716 5303970.401509673 1047.1847860839846
431665.5389805852 5303970.44546109 1047.1847860839846
431680.2012400841 5304037.940590012 1053.5507528808596
431680.1998707649 5304037.971952578 1053.5507528808596
431680.1957732287 5304038.003076456 1053.5507528808596
431680.18897866 5304038.033724774 1053.5507528808596
431680.1795387699 5304038.063664281 1053.5507528808596
431680.1675254014 5304038.092667118 1053.5507528808596
431680.1530299836 5304038.120512556 1053.5507528808596
431680.13616283546 5304038.146988675 1053.5507528808596
431680.117052326 5304038.171893977 1053.5507528808596
431680.0958438978 5304038.195038914 1053.5507528808596
431680.0726989599 5304038.216247343 1053.5507528808596
431680.04779365903 5304038.235357852 1053.5507528808596
431680.0213175398 5304038.252225 1053.5507528808596
431679.9934721013 5304038.266720418 1053.5507528808596
431679.96446926426 5304038.278733786 1053.5507528808596
431679.9345297577 5304038.2881736765 1053.5507528808596
431679.9038814394 5304038.294968245 1053.5507528808596
431679.8727575615 5304038.299065781 1053.5507528808596
431679.8413949955 5304038.300435101 1053.5507528808596
431679.8100324295 5304038.299065781 1053.5507528808596
431679.7789085516 5304038.294968245 1053.5507528808596
431679.7482602333 5304038.2881736765 1053.5507528808596
431679.7183207268 5304038.278733786 1053.5507528808596
431679.6893178897 5304038.266720418 1053.5507528808596
431679.6614724512 5304038.252225 1053.5507528808596
431679.634996332 5304038.235357852 1053.5507528808596
431679.6100910312 5304038.216247343 1053.5507528808596
431679.5869460932 5304038.195038914 1053.5507528808596
431679.56573766505 5304038.171893977 1053.5507528808596
431679.5466271556 5304038.146988675 1053.5507528808596
431679.5297600074 5304038.120512556 1053.5507528808596
431679.5152645896 5304038.092667118 1053.5507528808596
431679.5032512212 5304038.063664281 1053.5507528808596
431679.493811331 5304038.033724774 1053.5507528808596
431679.4870167624 5304038.003076456 1053.5507528808596
431679.4829192261 5304037.971952578 1053.5507528808596
431679.48154990695 5304037.940590012 1053.5507528808596
431679.4829192261 5304037.909227446 1053.5507528808596
431679.4870167624 5304037.878103568 1053.5507528808596
431679.493811331 5304037.84745525 1053.5507528808596
431679.5032512212 5304037.817515743 1053.5507528808596
431679.5152645896 5304037.788512906 1053.5507528808596
431679.5297600074 5304037.760667468 1053.5507528808596
431679.5466271556 5304037.734191349 1053.5507528808596
431679.56573766505 5304037.709286047 1053.5507528808596
431679.5869460932 5304037.68614111 1053.5507528808596
431679.6100910312 5304037.664932681 1053.5507528808596
431679.634996332 5304037.645822172 1053.5507528808596
431679.6614724512 5304037.628955023 1053.5507528808596
431679.6893178897 5304037.614459606 1053.5507528808596
431679.7183207268 5304037.602446238 1053.5507528808596
431679.7482602333 5304037.593006347 1053.5507528808596
431679.7789085516 5304037.586211779 1053.5507528808596
431679.8100324295 5304037.582114243 1053.5507528808596
431679.8413949955 5304037.580744923 1053.5507528808596
431679.8727575615 5304037.582114243 1053.5507528808596
431679.9038814394 5304037.586211779 1053.5507528808596
431679.9345297577 5304037.593006347 1053.5507528808596
431679.96446926426 5304037.602446238 1053.5507528808596
431679.9934721013 5304037.614459606 1053.5507528808596
431680.0213175398 5304037.628955023 1053.5507528808596
431680.04779365903 5304037.645822172 1053.5507528808596
431680.0726989599 5304037.664932681 1053.5507528808596
431680.0958438978 5304037.68614111 1053.5507528808596
431680.117052326 5304037.709286047 1053.5507528808596
431680.13616283546 5304037.734191349 1053.5507528808596
431680.1530299836 5304037.760667468 1053.5507528808596
431680.1675254014 5304037.788512906 1053.5507528808596
431680.1795387699 5304037.817515743 1053.5507528808596
431680.18897866 5304037.84745525 1053.5507528808596
431680.1957732287 5304037.878103568 1053.5507528808596
431680.1998707649 5304037.909227446 1053.5507528808596
431648.1229039315 5304039.0776901925 1053.8527548339846
431648.122665057 5304039.083161318 1053.8527548339846
431648.1219502516 5304039.088590804 1053.8527548339846
431648.1207649553 5304039.09393733 1053.8527548339846
431648.1191181889 5304039.099160206 1053.8527548339846
431648.1170224854 5304039.104219682 1053.8527548339846
431648.11449379433 5304039.109077252 1053.8527548339846
431648.11155136046 5304039.113695947 1053.8527548339846
431648.1082175776 5304039.1180406185 1053.8527548339846
431648.10451781785 5304039.122078197 1053.8527548339846
431648.10048023856 5304039.125777957 1053.8527548339846
431648.09613556816 5304039.12911174 1053.8527548339846
431648.0915168722 5304039.132054174 1053.8527548339846
431648.08665930177 5304039.134582865 1053.8527548339846
431648.08159982593 5304039.136678568 1053.8527548339846
431648.0763769504 5304039.138325335 1053.8527548339846
431648.0710304242 5304039.139510632 1053.8527548339846
431648.0656009379 5304039.140225437 1053.8527548339846
431648.0601298129 5304039.140464311 1053.8527548339846
431648.054658688 5304039.140225437 1053.8527548339846
431648.0492292016 5304039.139510632 1053.8527548339846
431648.04388267547 5304039.138325335 1053.8527548339846
431648.0386597999 5304039.136678568 1053.8527548339846
431648.03360032407 5304039.134582865 1053.8527548339846
431648.0287427536 5304039.132054174 1053.8527548339846
431648.0241240577 5304039.12911174 1053.8527548339846
431648.0197793873 5304039.125777957 1053.8527548339846
431648.015741808 5304039.122078197 1053.8527548339846
431648.0120420482 5304039.1180406185 1053.8527548339846
431648.0087082654 5304039.113695947 1053.8527548339846
431648.0057658315 5304039.109077252 1053.8527548339846
431648.0032371404 5304039.104219682 1053.8527548339846
431648.0011414369 5304039.099160206 1053.8527548339846
431647.99949467054 5304039.09393733 1053.8527548339846
431647.9983093743 5304039.088590804 1053.8527548339846
431647.9975945688 5304039.083161318 1053.8527548339846
431647.9973556944 5304039.0776901925 1053.8527548339846
431647.9975945688 5304039.072219067 1053.8527548339846
431647.9983093743 5304039.066789581 1053.8527548339846
431647.99949467054 5304039.061443055 1053.8527548339846
431648.0011414369 5304039.056220179 1053.8527548339846
431648.0032371404 5304039.051160703 1053.8527548339846
431648.0057658315 5304039.0463031335 1053.8527548339846
431648.0087082654 5304039.041684438 1053.8527548339846
431648.0120420482 5304039.037339767 1053.8527548339846
431648.015741808 5304039.033302188 1053.8527548339846
431648.0197793873 5304039.029602428 1053.8527548339846
431648.0241240577 5304039.026268645 1053.8527548339846
431648.0287427536 5304039.023326211 1053.8527548339846
431648.03360032407 5304039.02079752 1053.8527548339846
431648.0386597999 5304039.018701817 1053.8527548339846
431648.04388267547 5304039.0170550505 1053.8527548339846
431648.0492292016 5304039.015869753 1053.8527548339846
431648.054658688 5304039.015154948 1053.8527548339846
431648.0601298129 5304039.0149160735 1053.8527548339846
431648.0656009379 5304039.015154948 1053.8527548339846
431648.0710304242 5304039.015869753 1053.8527548339846
431648.0763769504 5304039.0170550505 1053.8527548339846
431648.08159982593 5304039.018701817 1053.8527548339846
431648.08665930177 5304039.02079752 1053.8527548339846
431648.0915168722 5304039.023326211 1053.8527548339846
431648.09613556816 5304039.026268645 1053.8527548339846
431648.10048023856 5304039.029602428 1053.8527548339846
431648.10451781785 5304039.033302188 1053.8527548339846
431648.1082175776 5304039.037339767 1053.8527548339846
431648.11155136046 5304039.041684438 1053.8527548339846
431648.11449379433 5304039.0463031335 1053.8527548339846
431648.1170224854 5304039.051160703 1053.8527548339846
431648.1191181889 5304039.056220179 1053.8527548339846
431648.1207649553 5304039.061443055 1053.8527548339846
431648.1219502516 5304039.066789581 1053.8527548339846
431648.122665057 5304039.072219067 1053.8527548339846
431663.1314600265 5303945.416009801 1048.6407797363283
431663.13015261095 5303945.445954541 1048.6407797363283
431663.1262403145 5303945.475671382 1048.6407797363283
431663.11975291214 5303945.504934163 1048.6407797363283
431663.1107397769 5303945.533520176 1048.6407797363283
431663.09926950425 5303945.561211864 1048.6407797363283
431663.0854293898 5303945.587798476 1048.6407797363283
431663.0693247651 5303945.613077673 1048.6407797363283
431663.05107819627 5303945.636857064 1048.6407797363283
431663.0308285506 5303945.658955676 1048.6407797363283
431663.0087299401 5303945.679205321 1048.6407797363283
431662.98495054856 5303945.6974518895 1048.6407797363283
431662.9596713516 5303945.713556514 1048.6407797363283
431662.933084739 5303945.727396629 1048.6407797363283
431662.9053930511 5303945.738866902 1048.6407797363283
431662.8768070383 5303945.747880037 1048.6407797363283
431662.84754425735 5303945.754367439 1048.6407797363283
431662.8178274158 5303945.758279735 1048.6407797363283
431662.7878826767 5303945.759587151 1048.6407797363283
431662.7579379376 5303945.758279735 1048.6407797363283
431662.728221096 5303945.754367439 1048.6407797363283
431662.69895831513 5303945.747880037 1048.6407797363283
431662.6703723023 5303945.738866902 1048.6407797363283
431662.6426806144 5303945.727396629 1048.6407797363283
431662.6160940018 5303945.713556514 1048.6407797363283
431662.5908148048 5303945.6974518895 1048.6407797363283
431662.5670354133 5303945.679205321 1048.6407797363283
431662.5449368028 5303945.658955676 1048.6407797363283
431662.5246871571 5303945.636857064 1048.6407797363283
431662.5064405883 5303945.613077673 1048.6407797363283
431662.4903359636 5303945.587798476 1048.6407797363283
431662.47649584914 5303945.561211864 1048.6407797363283
431662.4650255765 5303945.533520176 1048.6407797363283
431662.45601244125 5303945.504934163 1048.6407797363283
431662.4495250389 5303945.475671382 1048.6407797363283
431662.4456127425 5303945.445954541 1048.6407797363283
431662.4443053269 5303945.416009801 1048.6407797363283
431662.4456127425 5303945.386065062 1048.6407797363283
431662.4495250389 5303945.356348221 1048.6407797363283
431662.45601244125 5303945.32708544 1048.6407797363283
431662.4650255765 5303945.298499427 1048.6407797363283
431662.47649584914 5303945.270807739 1048.6407797363283
431662.4903359636 5303945.244221127 1048.6407797363283
431662.5064405883 5303945.21894193 1048.6407797363283
431662.5246871571 5303945.195162538 1048.6407797363283
431662.5449368028 5303945.173063927 1048.6407797363283
431662.5670354133 5303945.152814282 1048.6407797363283
431662.5908148048 5303945.134567713 1048.6407797363283
431662.6160940018 5303945.118463089 1048.6407797363283
431662.6426806144 5303945.104622974 1048.6407797363283
431662.6703723023 5303945.093152701 1048.6407797363283
431662.69895831513 5303945.084139566 1048.6407797363283
431662.728221096 5303945.077652164 1048.6407797363283
431662.7579379376 5303945.073739868 1048.6407797363283
431662.7878826767 5303945.072432452 1048.6407797363283
431662.8178274158 5303945.073739868 1048.6407797363283
431662.84754425735 5303945.077652164 1048.6407797363283
431662.8768070383 5303945.084139566 1048.6407797363283
431662.9053930511 5303945.093152701 1048.6407797363283
431662.933084739 5303945.104622974 1048.6407797363283
431662.9596713516 5303945.118463089 1048.6407797363283
431662.98495054856 5303945.134567713 1048.6407797363283
431663.0087299401 5303945.152814282 1048.6407797363283
431663.0308285506 5303945.173063927 1048.6407797363283
431663.05107819627 5303945.195162538 1048.6407797363283
431663.0693247651 5303945.21894193 1048.6407797363283
431663.0854293898 5303945.244221127 1048.6407797363283
431663.09926950425 5303945.270807739 1048.6407797363283
431663.1107397769 5303945.298499427 1048.6407797363283
431663.11975291214 5303945.32708544 1048.6407797363283
431663.1262403145 5303945.356348221 1048.6407797363283
431663.13015261095 5303945.386065062 1048.6407797363283
431601.2534457794 5304040.511481142 1056.732759716797
431601.2524294116 5304040.534759792 1056.732759716797
431601.2493880434 5304040.557861277 1056.732759716797
431601.24434482143 5304040.580609781 1056.732759716797
431601.2373381277 5304040.602832175 1056.732759716797
431601.2284212872 5304040.624359332 1056.732759716797
431601.2176621627 5304040.645027418 1056.732759716797
431601.2051426375 5304040.664679135 1056.732759716797
431601.1909579928 5304040.683164924 1056.732759716797
431601.1752161823 5304040.700344096 1056.732759716797
431601.1580370106 5304040.716085907 1056.732759716797
431601.13955122174 5304040.730270552 1056.732759716797
431601.11989950365 5304040.742790077 1056.732759716797
431601.0992314177 5304040.753549201 1056.732759716797
431601.0777042606 5304040.762466041 1056.732759716797
431601.055481867 5304040.769472735 1056.732759716797
431601.0327333627 5304040.774515958 1056.732759716797
431601.00963187753 5304040.777557326 1056.732759716797
431600.9863532278 5304040.778573694 1056.732759716797
431600.9630745781 5304040.777557326 1056.732759716797
431600.9399730929 5304040.774515958 1056.732759716797
431600.91722458863 5304040.769472735 1056.732759716797
431600.89500219503 5304040.762466041 1056.732759716797
431600.8734750379 5304040.753549201 1056.732759716797
431600.852806952 5304040.742790077 1056.732759716797
431600.8331552339 5304040.730270552 1056.732759716797
431600.814669445 5304040.716085907 1056.732759716797
431600.7974902733 5304040.700344096 1056.732759716797
431600.7817484628 5304040.683164924 1056.732759716797
431600.7675638181 5304040.664679135 1056.732759716797
431600.75504429295 5304040.645027418 1056.732759716797
431600.7442851684 5304040.624359332 1056.732759716797
431600.735368328 5304040.602832175 1056.732759716797
431600.7283616342 5304040.580609781 1056.732759716797
431600.7233184122 5304040.557861277 1056.732759716797
431600.720277044 5304040.534759792 1056.732759716797
431600.7192606762 5304040.511481142 1056.732759716797
431600.720277044 5304040.488202492 1056.732759716797
431600.7233184122 5304040.465101006 1056.732759716797
431600.7283616342 5304040.442352503 1056.732759716797
431600.735368328 5304040.4201301085 1056.732759716797
431600.7442851684 5304040.398602951 1056.732759716797
431600.75504429295 5304040.377934866 1056.732759716797
431600.7675638181 5304040.358283148 1056.732759716797
431600.7817484628 5304040.339797359 1056.732759716797
431600.7974902733 5304040.322618187 1056.732759716797
431600.814669445 5304040.306876376 1056.732759716797
431600.8331552339 5304040.292691732 1056.732759716797
431600.852806952 5304040.280172206 1056.732759716797
431600.8734750379 5304040.269413082 1056.732759716797
431600.89500219503 5304040.260496242 1056.732759716797
431600.91722458863 5304040.253489548 1056.732759716797
431600.9399730929 5304040.248446326 1056.732759716797
431600.9630745781 5304040.245404958 1056.732759716797
431600.9863532278 5304040.24438859 1056.732759716797
431601.00963187753 5304040.245404958 1056.732759716797
431601.0327333627 5304040.248446326 1056.732759716797
431601.055481867 5304040.253489548 1056.732759716797
431601.0777042606 5304040.260496242 1056.732759716797
431601.0992314177 5304040.269413082 1056.732759716797
431601.11989950365 5304040.280172206 1056.732759716797
431601.13955122174 5304040.292691732 1056.732759716797
431601.1580370106 5304040.306876376 1056.732759716797
431601.1752161823 5304040.322618187 1056.732759716797
431601.1909579928 5304040.339797359 1056.732759716797
431601.2051426375 5304040.358283148 1056.732759716797
431601.2176621627 5304040.377934866 1056.732759716797
431601.2284212872 5304040.398602951 1056.732759716797
431601.2373381277 5304040.4201301085 1056.732759716797
431601.24434482143 5304040.442352503 1056.732759716797
431601.2493880434 5304040.465101006 1056.732759716797
431601.2524294116 5304040.488202492 1056.732759716797
431597.3836280909 5303994.344989405 1051.400789501953
431597.38318437344 5303994.355152205 1051.400789501953
431597.3818565981 5303994.36523766 1051.400789501953
431597.3796548701 5303994.375169013 1051.400789501953
431597.37659594585 5303994.384870681 1051.400789501953
431597.3727031056 5303994.394268829 1051.400789501953
431597.36800597626 5303994.40329193 1051.400789501953
431597.36254030577 5303994.411871315 1051.400789501953
431597.3563476912 5303994.419941687 1051.400789501953
431597.34947526216 5303994.427441627 1051.400789501953
431597.3419753219 5303994.434314056 1051.400789501953
431597.3339049495 5303994.440506671 1051.400789501953
431597.3253255654 5303994.445972341 1051.400789501953
431597.3163024639 5303994.45066947 1051.400789501953
431597.3069043162 5303994.454562311 1051.400789501953
431597.29720264784 5303994.457621235 1051.400789501953
431597.2872712945 5303994.459822963 1051.400789501953
431597.2771858397 5303994.461150738 1051.400789501953
431597.2670230399 5303994.461594456 1051.400789501953
431597.2568602401 5303994.461150738 1051.400789501953
431597.2467747853 5303994.459822963 1051.400789501953
431597.236843432 5303994.457621235 1051.400789501953
431597.22714176367 5303994.454562311 1051.400789501953
431597.217743616 5303994.45066947 1051.400789501953
431597.2087205144 5303994.445972341 1051.400789501953
431597.2001411304 5303994.440506671 1051.400789501953
431597.192070758 5303994.434314056 1051.400789501953
431597.1845708177 5303994.427441627 1051.400789501953
431597.17769838864 5303994.419941687 1051.400789501953
431597.1715057741 5303994.411871315 1051.400789501953
431597.1660401036 5303994.40329193 1051.400789501953
431597.1613429742 5303994.394268829 1051.400789501953
431597.157450134 5303994.384870681 1051.400789501953
431597.15439120977 5303994.375169013 1051.400789501953
431597.1521894817 5303994.36523766 1051.400789501953
431597.1508617064 5303994.355152205 1051.400789501953
431597.150417989 5303994.344989405 1051.400789501953
431597.1508617064 5303994.334826605 1051.400789501953
431597.1521894817 5303994.32474115 1051.400789501953
431597.15439120977 5303994.314809797 1051.400789501953
431597.157450134 5303994.305108129 1051.400789501953
431597.1613429742 5303994.295709981 1051.400789501953
431597.1660401036 5303994.28668688 1051.400789501953
431597.1715057741 5303994.278107495 1051.400789501953
431597.17769838864 5303994.270037123 1051.400789501953
431597.1845708177 5303994.262537183 1051.400789501953
431597.192070758 5303994.255664754 1051.400789501953
431597.2001411304 5303994.249472139 1051.400789501953
431597.2087205144 5303994.244006469 1051.400789501953
431597.217743616 5303994.23930934 1051.400789501953
431597.22714176367 5303994.235416499 1051.400789501953
431597.236843432 5303994.232357575 1051.400789501953
431597.2467747853 5303994.230155847 1051.400789501953
431597.2568602401 5303994.228828072 1051.400789501953
431597.2670230399 5303994.228384354 1051.400789501953
431597.2771858397 5303994.228828072 1051.400789501953
431597.2872712945 5303994.230155847 1051.400789501953
431597.29720264784 5303994.232357575 1051.400789501953
431597.3069043162 5303994.235416499 1051.400789501953
431597.3163024639 5303994.23930934 1051.400789501953
431597.3253255654 5303994.244006469 1051.400789501953
431597.3339049495 5303994.249472139 1051.400789501953
431597.3419753219 5303994.255664754 1051.400789501953
431597.34947526216 5303994.262537183 1051.400789501953
431597.3563476912 5303994.270037123 1051.400789501953
431597.36254030577 5303994.278107495 1051.400789501953
431597.36800597626 5303994.28668688 1051.400789501953
431597.3727031056 5303994.295709981 1051.400789501953
431597.37659594585 5303994.305108129 1051.400789501953
431597.3796548701 5303994.314809797 1051.400789501953
431597.3818565981 5303994.32474115 1051.400789501953
431597.38318437344 5303994.334826605 1051.400789501953
431581.3440814908 5304020.499376754 1054.523775341797
431581.3430818839 5304020.522271519 1054.523775341797
431581.3400906705 5304020.544992039 1054.523775341797
431581.3351306157 5304020.5673654005 1054.523775341797
431581.32823946857 5304020.589221327 1054.523775341797
431581.3194696749 5304020.610393482 1054.523775341797
431581.3088879779 5304020.630720733 1054.523775341797
431581.29657491087 5304020.650048376 1054.523775341797
431581.2826241836 5304020.668229318 1054.523775341797
431581.2671419696 5304020.68512519 1054.523775341797
431581.25024609786 5304020.700607404 1054.523775341797
431581.23206515616 5304020.714558131 1054.523775341797
431581.2127375124 5304020.726871198 1054.523775341797
431581.1924102617 5304020.737452895 1054.523775341797
431581.1712381067 5304020.746222689 1054.523775341797
431581.1493821802 5304020.753113836 1054.523775341797
431581.1270088191 5304020.758073891 1054.523775341797
431581.10428829805 5304020.761065104 1054.523775341797
431581.0813935341 5304020.762064711 1054.523775341797
431581.0584987701 5304020.761065104 1054.523775341797
431581.0357782491 5304020.758073891 1054.523775341797
431581.013404888 5304020.753113836 1054.523775341797
431580.9915489615 5304020.746222689 1054.523775341797
431580.9703768065 5304020.737452895 1054.523775341797
431580.9500495557 5304020.726871198 1054.523775341797
431580.930721912 5304020.714558131 1054.523775341797
431580.9125409703 5304020.700607404 1054.523775341797
431580.8956450985 5304020.68512519 1054.523775341797
431580.8801628845 5304020.668229318 1054.523775341797
431580.8662121573 5304020.650048376 1054.523775341797
431580.8538990903 5304020.630720733 1054.523775341797
431580.8433173933 5304020.610393482 1054.523775341797
431580.8345475996 5304020.589221327 1054.523775341797
431580.8276564524 5304020.5673654005 1054.523775341797
431580.82269639766 5304020.544992039 1054.523775341797
431580.8197051843 5304020.522271519 1054.523775341797
431580.81870557735 5304020.499376754 1054.523775341797
431580.8197051843 5304020.47648199 1054.523775341797
431580.82269639766 5304020.45376147 1054.523775341797
431580.8276564524 5304020.431388108 1054.523775341797
431580.8345475996 5304020.409532182 1054.523775341797
431580.8433173933 5304020.388360026 1054.523775341797
431580.8538990903 5304020.368032776 1054.523775341797
431580.8662121573 5304020.3487051325 1054.523775341797
431580.8801628845 5304020.33052419 1054.523775341797
431580.8956450985 5304020.313628319 1054.523775341797
431580.9125409703 5304020.298146104 1054.523775341797
431580.930721912 5304020.2841953775 1054.523775341797
431580.9500495557 5304020.271882311 1054.523775341797
431580.9703768065 5304020.261300613 1054.523775341797
431580.9915489615 5304020.25253082 1054.523775341797
431581.013404888 5304020.2456396725 1054.523775341797
431581.0357782491 5304020.240679618 1054.523775341797
431581.0584987701 5304020.2376884045 1054.523775341797
431581.0813935341 5304020.236688797 1054.523775341797
431581.10428829805 5304020.2376884045 1054.523775341797
431581.1270088191 5304020.240679618 1054.523775341797
431581.1493821802 5304020.2456396725 1054.523775341797
431581.1712381067 5304020.25253082 1054.523775341797
431581.1924102617 5304020.261300613 1054.523775341797
431581.2127375124 5304020.271882311 1054.523775341797
431581.23206515616 5304020.2841953775 1054.523775341797
431581.25024609786 5304020.298146104 1054.523775341797
431581.2671419696 5304020.313628319 1054.523775341797
431581.2826241836 5304020.33052419 1054.523775341797
431581.29657491087 5304020.3487051325 1054.523775341797
431581.3088879779 5304020.368032776 1054.523775341797
431581.3194696749 5304020.388360026 1054.523775341797
431581.32823946857 5304020.409532182 1054.523775341797
431581.3351306157 5304020.431388108 1054.523775341797
431581.3400906705 5304020.45376147 1054.523775341797
431581.3430818839 5304020.47648199 1054.523775341797
431625.0543053094 5303987.234673668 1053.0907919433596
431625.0532600505 5303987.2586140325 1053.0907919433596
431625.0501322289 5303987.282372196 1053.0907919433596
431625.0449456492 5303987.305767345 1053.0907919433596
431625.0377397844 5303987.328621428 1053.0907919433596
431625.02856947546 5303987.350760513 1053.0907919433596
431625.017504514 5303987.372016106 1053.0907919433596
431625.0046291111 5303987.39222644 1053.0907919433596
431624.9900412562 5303987.411237703 1053.0907919433596
431624.9738519719 5303987.428905207 1053.0907919433596
431624.9561844682 5303987.44509449 1053.0907919433596
431624.93717320566 5303987.459682345 1053.0907919433596
431624.9169628713 5303987.472557749 1053.0907919433596
431624.89570727816 5303987.48362271 1053.0907919433596
431624.873568194 5303987.492793019 1053.0907919433596
431624.8507141106 5303987.499998883 1053.0907919433596
431624.82731896144 5303987.505185464 1053.0907919433596
431624.8035607977 5303987.508313285 1053.0907919433596
431624.7796204333 5303987.509358544 1053.0907919433596
431624.75568006886 5303987.508313285 1053.0907919433596
431624.7319219051 5303987.505185464 1053.0907919433596
431624.708526756 5303987.499998883 1053.0907919433596
431624.6856726726 5303987.492793019 1053.0907919433596
431624.6635335884 5303987.48362271 1053.0907919433596
431624.6422779952 5303987.472557749 1053.0907919433596
431624.6220676609 5303987.459682345 1053.0907919433596
431624.6030563984 5303987.44509449 1053.0907919433596
431624.5853888947 5303987.428905207 1053.0907919433596
431624.5691996103 5303987.411237703 1053.0907919433596
431624.5546117555 5303987.39222644 1053.0907919433596
431624.54173635255 5303987.372016106 1053.0907919433596
431624.5306713911 5303987.350760513 1053.0907919433596
431624.52150108217 5303987.328621428 1053.0907919433596
431624.51429521735 5303987.305767345 1053.0907919433596
431624.5091086377 5303987.282372196 1053.0907919433596
431624.5059808161 5303987.2586140325 1053.0907919433596
431624.5049355572 5303987.234673668 1053.0907919433596
431624.5059808161 5303987.210733303 1053.0907919433596
431624.5091086377 5303987.186975139 1053.0907919433596
431624.51429521735 5303987.16357999 1053.0907919433596
431624.52150108217 5303987.140725907 1053.0907919433596
431624.5306713911 5303987.118586822 1053.0907919433596
431624.54173635255 5303987.09733123 1053.0907919433596
431624.5546117555 5303987.077120896 1053.0907919433596
431624.5691996103 5303987.058109633 1053.0907919433596
431624.5853888947 5303987.040442129 1053.0907919433596
431624.6030563984 5303987.024252845 1053.0907919433596
431624.6220676609 5303987.00966499 1053.0907919433596
431624.6422779952 5303986.996789587 1053.0907919433596
431624.6635335884 5303986.985724625 1053.0907919433596
431624.6856726726 5303986.9765543165 1053.0907919433596
431624.708526756 5303986.969348452 1053.0907919433596
431624.7319219051 5303986.964161872 1053.0907919433596
431624.75568006886 5303986.96103405 1053.0907919433596
431624.7796204333 5303986.959988792 1053.0907919433596
431624.8035607977 5303986.96103405 1053.0907919433596
431624.82731896144 5303986.964161872 1053.0907919433596
431624.8507141106 5303986.969348452 1053.0907919433596
431624.873568194 5303986.9765543165 1053.0907919433596
431624.89570727816 5303986.985724625 1053.0907919433596
431624.9169628713 5303986.996789587 1053.0907919433596
431624.93717320566 5303987.00966499 1053.0907919433596
431624.9561844682 5303987.024252845 1053.0907919433596
431624.9738519719 5303987.040442129 1053.0907919433596
431624.9900412562 5303987.058109633 1053.0907919433596
431625.0046291111 5303987.077120896 1053.0907919433596
431625.017504514 5303987.09733123 1053.0907919433596
431625.02856947546 5303987.118586822 1053.0907919433596
431625.0377397844 5303987.140725907 1053.0907919433596
431625.0449456492 5303987.16357999 1053.0907919433596
431625.0501322289 5303987.186975139 1053.0907919433596
431625.0532600505 5303987.210733303 1053.0907919433596
431628.13600647537 5303988.61263507 1052.116792919922
431628.1347732658 5303988.640880213 1052.116792919922
431628.1310830227 5303988.668910393 1052.116792919922
431628.12496383087 5303988.696512283 1052.116792919922
431628.1164622612 5303988.723475817 1052.116792919922
431628.1056430157 5303988.749595786 1052.116792919922
431628.0925884353 5303988.774673401 1052.116792919922
431628.0773978735 5303988.798517807 1052.116792919922
431628.0601869393 5303988.8209475335 1052.116792919922
431628.0410866185 5303988.841791877 1052.116792919922
431628.0202422761 5303988.860892197 1052.116792919922
431627.99781255 5303988.878103131 1052.116792919922
431627.973968144 5303988.893293693 1052.116792919922
431627.9488905286 5303988.906348273 1052.116792919922
431627.9227705593 5303988.917167519 1052.116792919922
431627.8958070251 5303988.925669089 1052.116792919922
431627.8682051346 5303988.931788281 1052.116792919922
431627.84017495497 5303988.935478523 1052.116792919922
431627.8119298127 5303988.936711733 1052.116792919922
431627.78368467046 5303988.935478523 1052.116792919922
431627.7556544909 5303988.931788281 1052.116792919922
431627.7280526004 5303988.925669089 1052.116792919922
431627.7010890661 5303988.917167519 1052.116792919922
431627.6749690968 5303988.906348273 1052.116792919922
431627.6498914814 5303988.893293693 1052.116792919922
431627.6260470754 5303988.878103131 1052.116792919922
431627.60361734935 5303988.860892197 1052.116792919922
431627.5827730069 5303988.841791877 1052.116792919922
431627.5636726861 5303988.8209475335 1052.116792919922
431627.546461752 5303988.798517807 1052.116792919922
431627.5312711901 5303988.774673401 1052.116792919922
431627.5182166097 5303988.749595786 1052.116792919922
431627.5073973642 5303988.723475817 1052.116792919922
431627.49889579456 5303988.696512283 1052.116792919922
431627.49277660274 5303988.668910393 1052.116792919922
431627.4890863596 5303988.640880213 1052.116792919922
431627.48785315006 5303988.61263507 1052.116792919922
431627.4890863596 5303988.584389928 1052.116792919922
431627.49277660274 5303988.556359748 1052.116792919922
431627.49889579456 5303988.528757858 1052.116792919922
431627.5073973642 5303988.501794324 1052.116792919922
431627.5182166097 5303988.4756743545 1052.116792919922
431627.5312711901 5303988.45059674 1052.116792919922
431627.546461752 5303988.4267523335 1052.116792919922
431627.5636726861 5303988.404322607 1052.116792919922
431627.5827730069 5303988.383478264 1052.116792919922
431627.60361734935 5303988.364377944 1052.116792919922
431627.6260470754 5303988.3471670095 1052.116792919922
431627.6498914814 5303988.331976448 1052.116792919922
431627.6749690968 5303988.318921868 1052.116792919922
431627.7010890661 5303988.308102622 1052.116792919922
431627.7280526004 5303988.299601052 1052.116792919922
431627.7556544909 5303988.29348186 1052.116792919922
431627.78368467046 5303988.289791618 1052.116792919922
431627.8119298127 5303988.288558408 1052.116792919922
431627.84017495497 5303988.289791618 1052.116792919922
431627.8682051346 5303988.29348186 1052.116792919922
431627.8958070251 5303988.299601052 1052.116792919922
431627.9227705593 5303988.308102622 1052.116792919922
431627.9488905286 5303988.318921868 1052.116792919922
431627.973968144 5303988.331976448 1052.116792919922
431627.99781255 5303988.3471670095 1052.116792919922
431628.0202422761 5303988.364377944 1052.116792919922
431628.0410866185 5303988.383478264 1052.116792919922
431628.0601869393 5303988.404322607 1052.116792919922
431628.0773978735 5303988.4267523335 1052.116792919922
431628.0925884353 5303988.45059674 1052.116792919922
431628.1056430157 5303988.4756743545 1052.116792919922
431628.1164622612 5303988.501794324 1052.116792919922
431628.12496383087 5303988.528757858 1052.116792919922
431628.1310830227 5303988.556359748 1052.116792919922
431628.1347732658 5303988.584389928 1052.116792919922
431694.92062884086 5303961.259268824 1048.9047567871096
431694.91986643855 5303961.276730707 1048.9047567871096
431694.9175850341 5303961.294059695 1048.9047567871096
431694.9138019902 5303961.311123903 1048.9047567871096
431694.9085460983 5303961.327793462 1048.9047567871096
431694.9018573587 5303961.343941508 1048.9047567871096
431694.8937866769 5303961.359445144 1048.9047567871096
431694.8843954757 5303961.374186377 1048.9047567871096
431694.8737552276 5303961.388053018 1048.9047567871096
431694.8619469115 5303961.4009395335 1048.9047567871096
431694.8490603957 5303961.41274785 1048.9047567871096
431694.8351937545 5303961.423388097 1048.9047567871096
431694.8204525213 5303961.432779299 1048.9047567871096
431694.80494888587 5303961.440849981 1048.9047567871096
431694.7888008401 5303961.44753872 1048.9047567871096
431694.7721312805 5303961.452794612 1048.9047567871096
431694.75506707246 5303961.456577656 1048.9047567871096
431694.73773808486 5303961.458859061 1048.9047567871096
431694.7202762018 5303961.459621463 1048.9047567871096
431694.7028143187 5303961.458859061 1048.9047567871096
431694.6854853311 5303961.456577656 1048.9047567871096
431694.6684211231 5303961.452794612 1048.9047567871096
431694.6517515635 5303961.44753872 1048.9047567871096
431694.6356035177 5303961.440849981 1048.9047567871096
431694.6200998823 5303961.432779299 1048.9047567871096
431694.60535864905 5303961.423388097 1048.9047567871096
431694.59149200784 5303961.41274785 1048.9047567871096
431694.5786054921 5303961.4009395335 1048.9047567871096
431694.566797176 5303961.388053018 1048.9047567871096
431694.5561569279 5303961.374186377 1048.9047567871096
431694.5467657266 5303961.359445144 1048.9047567871096
431694.5386950449 5303961.343941508 1048.9047567871096
431694.5320063053 5303961.327793462 1048.9047567871096
431694.52675041335 5303961.311123903 1048.9047567871096
431694.5229673695 5303961.294059695 1048.9047567871096
431694.520685965 5303961.276730707 1048.9047567871096
431694.5199235627 5303961.259268824 1048.9047567871096
431694.520685965 5303961.241806941 1048.9047567871096
431694.5229673695 5303961.224477953 1048.9047567871096
431694.52675041335 5303961.207413745 1048.9047567871096
431694.5320063053 5303961.190744186 1048.9047567871096
431694.5386950449 5303961.17459614 1048.9047567871096
431694.5467657266 5303961.1590925045 1048.9047567871096
431694.5561569279 5303961.144351271 1048.9047567871096
431694.566797176 5303961.13048463 1048.9047567871096
431694.5786054921 5303961.117598115 1048.9047567871096
431694.59149200784 5303961.105789798 1048.9047567871096
431694.60535864905 5303961.095149551 1048.9047567871096
431694.6200998823 5303961.085758349 1048.9047567871096
431694.6356035177 5303961.077687667 1048.9047567871096
431694.6517515635 5303961.070998928 1048.9047567871096
431694.6684211231 5303961.065743036 1048.9047567871096
431694.6854853311 5303961.061959992 1048.9047567871096
431694.7028143187 5303961.059678587 1048.9047567871096
431694.7202762018 5303961.058916185 1048.9047567871096
431694.73773808486 5303961.059678587 1048.9047567871096
431694.75506707246 5303961.061959992 1048.9047567871096
431694.7721312805 5303961.065743036 1048.9047567871096
431694.7888008401 5303961.070998928 1048.9047567871096
431694.80494888587 5303961.077687667 1048.9047567871096
431694.8204525213 5303961.085758349 1048.9047567871096
431694.8351937545 5303961.095149551 1048.9047567871096
431694.8490603957 5303961.105789798 1048.9047567871096
431694.8619469115 5303961.117598115 1048.9047567871096
431694.8737552276 5303961.13048463 1048.9047567871096
431694.8843954757 5303961.144351271 1048.9047567871096
431694.8937866769 5303961.1590925045 1048.9047567871096
431694.9018573587 5303961.17459614 1048.9047567871096
431694.9085460983 5303961.190744186 1048.9047567871096
431694.9138019902 5303961.207413745 1048.9047567871096
431694.9175850341 5303961.224477953 1048.9047567871096
431694.91986643855 5303961.241806941 1048.9047567871096
431673.621994004 5303978.856456597 1047.272798779297
431673.62125762535 5303978.873322439 1047.272798779297
431673.619054094 5303978.890059922 1047.272798779297
431673.6154001799 5303978.906541663 1047.272798779297
431673.6103236917 5303978.922642227 1047.272798779297
431673.6038632644 5303978.938239078 1047.272798779297
431673.596068066 5303978.953213515 1047.272798779297
431673.5869974224 5303978.967451573 1047.272798779297
431673.5767203669 5303978.980844893 1047.272798779297
431673.5653151138 5303978.993291543 1047.272798779297
431673.55286846426 5303979.004696796 1047.272798779297
431673.53947514464 5303979.014973851 1047.272798779297
431673.5252370862 5303979.024044495 1047.272798779297
431673.5102626493 5303979.031839693 1047.272798779297
431673.4946657983 5303979.03830012 1047.272798779297
431673.4785652346 5303979.043376609 1047.272798779297
431673.4620834934 5303979.0470305225 1047.272798779297
431673.4453460106 5303979.049234054 1047.272798779297
431673.4284801686 5303979.049970433 1047.272798779297
431673.4116143265 5303979.049234054 1047.272798779297
431673.3948768437 5303979.0470305225 1047.272798779297
431673.3783951025 5303979.043376609 1047.272798779297
431673.3622945389 5303979.03830012 1047.272798779297
431673.3466976879 5303979.031839693 1047.272798779297
431673.3317232509 5303979.024044495 1047.272798779297
431673.3174851925 5303979.014973851 1047.272798779297
431673.3040918729 5303979.004696796 1047.272798779297
431673.2916452233 5303978.993291543 1047.272798779297
431673.2802399703 5303978.980844893 1047.272798779297
431673.2699629148 5303978.967451573 1047.272798779297
431673.2608922712 5303978.953213515 1047.272798779297
431673.2530970727 5303978.938239078 1047.272798779297
431673.2466366455 5303978.922642227 1047.272798779297
431673.2415601573 5303978.906541663 1047.272798779297
431673.2379062432 5303978.890059922 1047.272798779297
431673.2357027118 5303978.873322439 1047.272798779297
431673.2349663332 5303978.856456597 1047.272798779297
431673.2357027118 5303978.839590755 1047.272798779297
431673.2379062432 5303978.822853273 1047.272798779297
431673.2415601573 5303978.806371531 1047.272798779297
431673.2466366455 5303978.790270967 1047.272798779297
431673.2530970727 5303978.774674117 1047.272798779297
431673.2608922712 5303978.75969968 1047.272798779297
431673.2699629148 5303978.745461621 1047.272798779297
431673.2802399703 5303978.732068302 1047.272798779297
431673.2916452233 5303978.719621652 1047.272798779297
431673.3040918729 5303978.708216399 1047.272798779297
431673.3174851925 5303978.697939344 1047.272798779297
431673.3317232509 5303978.6888687 1047.272798779297
431673.3466976879 5303978.681073502 1047.272798779297
431673.3622945389 5303978.674613074 1047.272798779297
431673.3783951025 5303978.669536586 1047.272798779297
431673.3948768437 5303978.665882672 1047.272798779297
431673.4116143265 5303978.663679141 1047.272798779297
431673.4284801686 5303978.662942762 1047.272798779297
431673.4453460106 5303978.663679141 1047.272798779297
431673.4620834934 5303978.665882672 1047.272798779297
431673.4785652346 5303978.669536586 1047.272798779297
431673.4946657983 5303978.674613074 1047.272798779297
431673.5102626493 5303978.681073502 1047.272798779297
431673.5252370862 5303978.6888687 1047.272798779297
431673.53947514464 5303978.697939344 1047.272798779297
431673.55286846426 5303978.708216399 1047.272798779297
431673.5653151138 5303978.719621652 1047.272798779297
431673.5767203669 5303978.732068302 1047.272798779297
431673.5869974224 5303978.745461621 1047.272798779297
431673.596068066 5303978.75969968 1047.272798779297
431673.6038632644 5303978.774674117 1047.272798779297
431673.6103236917 5303978.790270967 1047.272798779297
431673.6154001799 5303978.806371531 1047.272798779297
431673.619054094 5303978.822853273 1047.272798779297
431673.62125762535 5303978.839590755 1047.272798779297
431693.63962691446 5304022.77348577 1053.0837729003908
431693.6390382847 5304022.786967609 1053.0837729003908
431693.6372768752 5304022.800346843 1053.0837729003908
431693.63435609126 5304022.813521648 1053.0837729003908
431693.63029816194 5304022.826391755 1053.0837729003908
431693.62513397046 5304022.838859216 1053.0837729003908
431693.61890281946 5304022.850829146 1053.0837729003908
431693.61165213183 5304022.862210446 1053.0837729003908
431693.6034370896 5304022.872916497 1053.0837729003908
431693.5943202141 5304022.882865821 1053.0837729003908
431693.58437089046 5304022.891982696 1053.0837729003908
431693.573664839 5304022.900197739 1053.0837729003908
431693.5622835391 5304022.907448426 1053.0837729003908
431693.5503136094 5304022.913679577 1053.0837729003908
431693.5378461484 5304022.918843769 1053.0837729003908
431693.5249760408 5304022.922901698 1053.0837729003908
431693.5118012361 5304022.9258224815 1053.0837729003908
431693.4984220024 5304022.927583892 1053.0837729003908
431693.4849401637 5304022.928172521 1053.0837729003908
431693.471458325 5304022.927583892 1053.0837729003908
431693.4580790913 5304022.9258224815 1053.0837729003908
431693.4449042865 5304022.922901698 1053.0837729003908
431693.432034179 5304022.918843769 1053.0837729003908
431693.41956671793 5304022.913679577 1053.0837729003908
431693.40759678825 5304022.907448426 1053.0837729003908
431693.3962154884 5304022.900197739 1053.0837729003908
431693.3855094369 5304022.891982696 1053.0837729003908
431693.3755601132 5304022.882865821 1053.0837729003908
431693.3664432378 5304022.872916497 1053.0837729003908
431693.3582281955 5304022.862210446 1053.0837729003908
431693.3509775079 5304022.850829146 1053.0837729003908
431693.3447463569 5304022.838859216 1053.0837729003908
431693.3395821654 5304022.826391755 1053.0837729003908
431693.3355242361 5304022.813521648 1053.0837729003908
431693.3326034522 5304022.800346843 1053.0837729003908
431693.3308420427 5304022.786967609 1053.0837729003908
431693.3302534129 5304022.77348577 1053.0837729003908
431693.3308420427 5304022.760003932 1053.0837729003908
431693.3326034522 5304022.746624698 1053.0837729003908
431693.3355242361 5304022.733449893 1053.0837729003908
431693.3395821654 5304022.720579786 1053.0837729003908
431693.3447463569 5304022.708112325 1053.0837729003908
431693.3509775079 5304022.696142395 1053.0837729003908
431693.3582281955 5304022.684761095 1053.0837729003908
431693.3664432378 5304022.674055044 1053.0837729003908
431693.3755601132 5304022.66410572 1053.0837729003908
431693.3855094369 5304022.654988845 1053.0837729003908
431693.3962154884 5304022.646773802 1053.0837729003908
431693.40759678825 5304022.639523115 1053.0837729003908
431693.41956671793 5304022.633291964 1053.0837729003908
431693.432034179 5304022.628127772 1053.0837729003908
431693.4449042865 5304022.6240698425 1053.0837729003908
431693.4580790913 5304022.621149059 1053.0837729003908
431693.471458325 5304022.619387649 1053.0837729003908
431693.4849401637 5304022.61879902 1053.0837729003908
431693.4984220024 5304022.619387649 1053.0837729003908
431693.5118012361 5304022.621149059 1053.0837729003908
431693.5249760408 5304022.6240698425 1053.0837729003908
431693.5378461484 5304022.628127772 1053.0837729003908
431693.5503136094 5304022.633291964 1053.0837729003908
431693.5622835391 5304022.639523115 1053.0837729003908
431693.573664839 5304022.646773802 1053.0837729003908
431693.58437089046 5304022.654988845 1053.0837729003908
431693.5943202141 5304022.66410572 1053.0837729003908
431693.6034370896 5304022.674055044 1053.0837729003908
431693.61165213183 5304022.684761095 1053.0837729003908
431693.61890281946 5304022.696142395 1053.0837729003908
431693.62513397046 5304022.708112325 1053.0837729003908
431693.63029816194 5304022.720579786 1053.0837729003908
431693.63435609126 5304022.733449893 1053.0837729003908
431693.6372768752 5304022.746624698 1053.0837729003908
431693.6390382847 5304022.760003932 1053.0837729003908
431672.2817056374 5304017.192636026 1053.4177572753908
431672.2807964946 5304017.213458819 1053.4177572753908
431672.27807598544 5304017.234123138 1053.4177572753908
431672.2735648145 5304017.254471715 1053.4177572753908
431672.26729731465 5304017.274349685 1053.4177572753908
431672.25932118535 5304017.293605764 1053.4177572753908
431672.2496971297 5304017.312093403 1053.4177572753908
431672.23849839246 5304017.3296719 1053.4177572753908
431672.2258102029 5304017.34620747 1053.4177572753908
431672.21172912593 5304017.361574269 1053.4177572753908
431672.19636232685 5304017.375655346 1053.4177572753908
431672.1798267564 5304017.388343535 1053.4177572753908
431672.16224826017 5304017.399542273 1053.4177572753908
431672.1437606212 5304017.409166329 1053.4177572753908
431672.1245045415 5304017.417142457 1053.4177572753908
431672.1046265716 5304017.423409957 1053.4177572753908
431672.0842779947 5304017.427921128 1053.4177572753908
431672.0636136759 5304017.430641638 1053.4177572753908
431672.042790883 5304017.43155078 1053.4177572753908
431672.0219680901 5304017.430641638 1053.4177572753908
431672.0013037713 5304017.427921128 1053.4177572753908
431671.9809551944 5304017.423409957 1053.4177572753908
431671.96107722446 5304017.417142457 1053.4177572753908
431671.9418211448 5304017.409166329 1053.4177572753908
431671.9233335058 5304017.399542273 1053.4177572753908
431671.9057550096 5304017.388343535 1053.4177572753908
431671.8892194391 5304017.375655346 1053.4177572753908
431671.87385264 5304017.361574269 1053.4177572753908
431671.85977156303 5304017.34620747 1053.4177572753908
431671.8470833735 5304017.3296719 1053.4177572753908
431671.8358846363 5304017.312093403 1053.4177572753908
431671.8262605806 5304017.293605764 1053.4177572753908
431671.8182844513 5304017.274349685 1053.4177572753908
431671.8120169514 5304017.254471715 1053.4177572753908
431671.8075057805 5304017.234123138 1053.4177572753908
431671.80478527135 5304017.213458819 1053.4177572753908
431671.8038761286 5304017.192636026 1053.4177572753908
431671.80478527135 5304017.171813233 1053.4177572753908
431671.8075057805 5304017.151148914 1053.4177572753908
431671.8120169514 5304017.1308003375 1053.4177572753908
431671.8182844513 5304017.110922367 1053.4177572753908
431671.8262605806 5304017.091666288 1053.4177572753908
431671.8358846363 5304017.073178649 1053.4177572753908
431671.8470833735 5304017.055600152 1053.4177572753908
431671.85977156303 5304017.039064582 1053.4177572753908
431671.87385264 5304017.023697783 1053.4177572753908
431671.8892194391 5304017.0096167065 1053.4177572753908
431671.9057550096 5304016.996928517 1053.4177572753908
431671.9233335058 5304016.985729779 1053.4177572753908
431671.9418211448 5304016.976105724 1053.4177572753908
431671.96107722446 5304016.968129595 1053.4177572753908
431671.9809551944 5304016.961862095 1053.4177572753908
431672.0013037713 5304016.957350924 1053.4177572753908
431672.0219680901 5304016.954630414 1053.4177572753908
431672.042790883 5304016.953721272 1053.4177572753908
431672.0636136759 5304016.954630414 1053.4177572753908
431672.0842779947 5304016.957350924 1053.4177572753908
431672.1046265716 5304016.961862095 1053.4177572753908
431672.1245045415 5304016.968129595 1053.4177572753908
431672.1437606212 5304016.976105724 1053.4177572753908
431672.16224826017 5304016.985729779 1053.4177572753908
431672.1798267564 5304016.996928517 1053.4177572753908
431672.19636232685 5304017.0096167065 1053.4177572753908
431672.21172912593 5304017.023697783 1053.4177572753908
431672.2258102029 5304017.039064582 1053.4177572753908
431672.23849839246 5304017.055600152 1053.4177572753908
431672.2496971297 5304017.073178649 1053.4177572753908
431672.25932118535 5304017.091666288 1053.4177572753908
431672.26729731465 5304017.110922367 1053.4177572753908
431672.2735648145 5304017.1308003375 1053.4177572753908
431672.27807598544 5304017.151148914 1053.4177572753908
431672.2807964946 5304017.171813233 1053.4177572753908
431653.6509827194 5304049.916959953 1054.981783154297
431653.6500513207 5304049.93829249 1054.981783154297
431653.647264213 5304049.959462675 1054.981783154297
431653.642642608 5304049.980309389 1054.981783154297
431653.6362216787 5304050.000673975 1054.981783154297
431653.6280502924 5304050.020401446 1054.981783154297
431653.6181906383 5304050.039341666 1054.981783154297
431653.6067177542 5304050.057350487 1054.981783154297
431653.5937189558 5304050.07429085 1054.981783154297
431653.57929317176 5304050.090033831 1054.981783154297
431653.5635501909 5304050.104459615 1054.981783154297
431653.546609827 5304050.117458413 1054.981783154297
431653.5286010064 5304050.128931298 1054.981783154297
431653.509660787 5304050.138790952 1054.981783154297
431653.4899333154 5304050.146962338 1054.981783154297
431653.4695687296 5304050.153383267 1054.981783154297
431653.4487220162 5304050.1580048725 1054.981783154297
431653.4275518316 5304050.16079198 1054.981783154297
431653.40621929336 5304050.161723379 1054.981783154297
431653.3848867552 5304050.16079198 1054.981783154297
431653.3637165705 5304050.1580048725 1054.981783154297
431653.3428698572 5304050.153383267 1054.981783154297
431653.3225052713 5304050.146962338 1054.981783154297
431653.3027777997 5304050.138790952 1054.981783154297
431653.2838375803 5304050.128931298 1054.981783154297
431653.2658287597 5304050.117458413 1054.981783154297
431653.2488883958 5304050.104459615 1054.981783154297
431653.23314541497 5304050.090033831 1054.981783154297
431653.2187196309 5304050.07429085 1054.981783154297
431653.2057208325 5304050.057350487 1054.981783154297
431653.1942479485 5304050.039341666 1054.981783154297
431653.1843882943 5304050.020401446 1054.981783154297
431653.176216908 5304050.000673975 1054.981783154297
431653.1697959788 5304049.980309389 1054.981783154297
431653.1651743737 5304049.959462675 1054.981783154297
431653.162387266 5304049.93829249 1054.981783154297
431653.1614558673 5304049.916959953 1054.981783154297
431653.162387266 5304049.895627415 1054.981783154297
431653.1651743737 5304049.87445723 1054.981783154297
431653.1697959788 5304049.8536105165 1054.981783154297
431653.176216908 5304049.83324593 1054.981783154297
431653.1843882943 5304049.813518459 1054.981783154297
431653.1942479485 5304049.794578239 1054.981783154297
431653.2057208325 5304049.776569419 1054.981783154297
431653.2187196309 5304049.759629055 1054.981783154297
431653.23314541497 5304049.743886074 1054.981783154297
431653.2488883958 5304049.72946029 1054.981783154297
431653.2658287597 5304049.716461492 1054.981783154297
431653.2838375803 5304049.704988607 1054.981783154297
431653.3027777997 5304049.695128953 1054.981783154297
431653.3225052713 5304049.686957567 1054.981783154297
431653.3428698572 5304049.680536638 1054.981783154297
431653.3637165705 5304049.675915033 1054.981783154297
431653.3848867552 5304049.673127925 1054.981783154297
431653.40621929336 5304049.672196526 1054.981783154297
431653.4275518316 5304049.673127925 1054.981783154297
431653.4487220162 5304049.675915033 1054.981783154297
431653.4695687296 5304049.680536638 1054.981783154297
431653.4899333154 5304049.686957567 1054.981783154297
431653.509660787 5304049.695128953 1054.981783154297
431653.5286010064 5304049.704988607 1054.981783154297
431653.546609827 5304049.716461492 1054.981783154297
431653.5635501909 5304049.72946029 1054.981783154297
431653.57929317176 5304049.743886074 1054.981783154297
431653.5937189558 5304049.759629055 1054.981783154297
431653.6067177542 5304049.776569419 1054.981783154297
431653.6181906383 5304049.794578239 1054.981783154297
431653.6280502924 5304049.813518459 1054.981783154297
431653.6362216787 5304049.83324593 1054.981783154297
431653.642642608 5304049.8536105165 1054.981783154297
431653.647264213 5304049.87445723 1054.981783154297
431653.6500513207 5304049.895627415 1054.981783154297
431665.0042769738 5303914.12431374 1052.513765576172
431665.003761468 5303914.1361207655 1052.513765576172
431665.00221887376 5303914.147837932 1052.513765576172
431664.9996609312 5303914.159376065 1052.513765576172
431664.9961071078 5303914.170647353 1052.513765576172
431664.9915844503 5303914.181566014 1052.513765576172
431664.9861273789 5303914.192048951 1052.513765576172
431664.9797774251 5303914.202016382 1052.513765576172
431664.972582916 5303914.211392448 1052.513765576172
431664.9645986061 5303914.220105793 1052.513765576172
431664.9558852609 5303914.228090104 1052.513765576172
431664.9465091941 5303914.2352846125 1052.513765576172
431664.9365417633 5303914.241634566 1052.513765576172
431664.92605882656 5303914.247091638 1052.513765576172
431664.9151401655 5303914.251614295 1052.513765576172
431664.9038688777 5303914.255168119 1052.513765576172
431664.8923307444 5303914.257726061 1052.513765576172
431664.8806135778 5303914.259268655 1052.513765576172
431664.8688065526 5303914.259784161 1052.513765576172
431664.8569995274 5303914.259268655 1052.513765576172
431664.84528236085 5303914.257726061 1052.513765576172
431664.83374422754 5303914.255168119 1052.513765576172
431664.8224729397 5303914.251614295 1052.513765576172
431664.81155427865 5303914.247091638 1052.513765576172
431664.801071342 5303914.241634566 1052.513765576172
431664.7911039112 5303914.2352846125 1052.513765576172
431664.7817278443 5303914.228090104 1052.513765576172
431664.7730144991 5303914.220105793 1052.513765576172
431664.7650301892 5303914.211392448 1052.513765576172
431664.7578356801 5303914.202016382 1052.513765576172
431664.75148572633 5303914.192048951 1052.513765576172
431664.7460286549 5303914.181566014 1052.513765576172
431664.74150599743 5303914.170647353 1052.513765576172
431664.7379521741 5303914.159376065 1052.513765576172
431664.73539423145 5303914.147837932 1052.513765576172
431664.7338516372 5303914.1361207655 1052.513765576172
431664.7333361314 5303914.12431374 1052.513765576172
431664.7338516372 5303914.112506715 1052.513765576172
431664.73539423145 5303914.100789548 1052.513765576172
431664.7379521741 5303914.089251415 1052.513765576172
431664.74150599743 5303914.077980127 1052.513765576172
431664.7460286549 5303914.067061466 1052.513765576172
431664.75148572633 5303914.056578529 1052.513765576172
431664.7578356801 5303914.046611099 1052.513765576172
431664.7650301892 5303914.037235032 1052.513765576172
431664.7730144991 5303914.028521687 1052.513765576172
431664.7817278443 5303914.020537376 1052.513765576172
431664.7911039112 5303914.013342868 1052.513765576172
431664.801071342 5303914.006992914 1052.513765576172
431664.81155427865 5303914.001535842 1052.513765576172
431664.8224729397 5303913.997013185 1052.513765576172
431664.83374422754 5303913.993459362 1052.513765576172
431664.84528236085 5303913.990901419 1052.513765576172
431664.8569995274 5303913.989358825 1052.513765576172
431664.8688065526 5303913.988843319 1052.513765576172
431664.8806135778 5303913.989358825 1052.513765576172
431664.8923307444 5303913.990901419 1052.513765576172
431664.9038688777 5303913.993459362 1052.513765576172
431664.9151401655 5303913.997013185 1052.513765576172
431664.92605882656 5303914.001535842 1052.513765576172
431664.9365417633 5303914.006992914 1052.513765576172
431664.9465091941 5303914.013342868 1052.513765576172
431664.9558852609 5303914.020537376 1052.513765576172
431664.9645986061 5303914.028521687 1052.513765576172
431664.972582916 5303914.037235032 1052.513765576172
431664.9797774251 5303914.046611099 1052.513765576172
431664.9861273789 5303914.056578529 1052.513765576172
431664.9915844503 5303914.067061466 1052.513765576172
431664.9961071078 5303914.077980127 1052.513765576172
431664.9996609312 5303914.089251415 1052.513765576172
431665.00221887376 5303914.100789548 1052.513765576172
431665.003761468 5303914.112506715 1052.513765576172
431659.3584939367 5303966.720629705 1046.8697836425783
431659.3573956414 5303966.745784804 1046.8697836425783
431659.3541091141 5303966.770748457 1046.8697836425783
431659.3486593672 5303966.795330676 1046.8697836425783
431659.3410878768 5303966.819344376 1046.8697836425783
431659.3314522663 5303966.842606798 1046.8697836425783
431659.3198258685 5303966.8649409 1046.8697836425783
431659.3062971675 5303966.886176707 1046.8697836425783
431659.2909691247 5303966.906152601 1046.8697836425783
431659.2739583958 5303966.924716555 1046.8697836425783
431659.2553944428 5303966.941727283 1046.8697836425783
431659.2354185485 5303966.957055327 1046.8697836425783
431659.2141827416 5303966.970584028 1046.8697836425783
431659.1918486393 5303966.982210425 1046.8697836425783
431659.16858621774 5303966.991846035 1046.8697836425783
431659.1445725179 5303966.999417526 1046.8697836425783
431659.1199902985 5303967.004867272 1046.8697836425783
431659.0950266452 5303967.0081538 1046.8697836425783
431659.0698715464 5303967.009252096 1046.8697836425783
431659.0447164476 5303967.0081538 1046.8697836425783
431659.0197527943 5303967.004867272 1046.8697836425783
431658.9951705749 5303966.999417526 1046.8697836425783
431658.9711568751 5303966.991846035 1046.8697836425783
431658.9478944536 5303966.982210425 1046.8697836425783
431658.9255603512 5303966.970584028 1046.8697836425783
431658.9043245443 5303966.957055327 1046.8697836425783
431658.88434865006 5303966.941727283 1046.8697836425783
431658.865784697 5303966.924716555 1046.8697836425783
431658.8487739682 5303966.906152601 1046.8697836425783
431658.8334459253 5303966.886176707 1046.8697836425783
431658.8199172243 5303966.8649409 1046.8697836425783
431658.80829082656 5303966.842606798 1046.8697836425783
431658.79865521606 5303966.819344376 1046.8697836425783
431658.7910837256 5303966.795330676 1046.8697836425783
431658.7856339787 5303966.770748457 1046.8697836425783
431658.7823474514 5303966.745784804 1046.8697836425783
431658.7812491561 5303966.720629705 1046.8697836425783
431658.7823474514 5303966.695474606 1046.8697836425783
431658.7856339787 5303966.670510953 1046.8697836425783
431658.7910837256 5303966.645928734 1046.8697836425783
431658.79865521606 5303966.621915034 1046.8697836425783
431658.80829082656 5303966.598652612 1046.8697836425783
431658.8199172243 5303966.57631851 1046.8697836425783
431658.8334459253 5303966.555082703 1046.8697836425783
431658.8487739682 5303966.535106809 1046.8697836425783
431658.865784697 5303966.516542856 1046.8697836425783
431658.88434865006 5303966.499532127 1046.8697836425783
431658.9043245443 5303966.484204084 1046.8697836425783
431658.9255603512 5303966.470675383 1046.8697836425783
431658.9478944536 5303966.4590489855 1046.8697836425783
431658.9711568751 5303966.449413375 1046.8697836425783
431658.9951705749 5303966.4418418845 1046.8697836425783
431659.0197527943 5303966.436392138 1046.8697836425783
431659.0447164476 5303966.43310561 1046.8697836425783
431659.0698715464 5303966.432007315 1046.8697836425783
431659.0950266452 5303966.43310561 1046.8697836425783
431659.1199902985 5303966.436392138 1046.8697836425783
431659.1445725179 5303966.4418418845 1046.8697836425783
431659.16858621774 5303966.449413375 1046.8697836425783
431659.1918486393 5303966.4590489855 1046.8697836425783
431659.2141827416 5303966.470675383 1046.8697836425783
431659.2354185485 5303966.484204084 1046.8697836425783
431659.2553944428 5303966.499532127 1046.8697836425783
431659.2739583958 5303966.516542856 1046.8697836425783
431659.2909691247 5303966.535106809 1046.8697836425783
431659.3062971675 5303966.555082703 1046.8697836425783
431659.3198258685 5303966.57631851 1046.8697836425783
431659.3314522663 5303966.598652612 1046.8697836425783
431659.3410878768 5303966.621915034 1046.8697836425783
431659.3486593672 5303966.645928734 1046.8697836425783
431659.3541091141 5303966.670510953 1046.8697836425783
431659.3573956414 5303966.695474606 1046.8697836425783
431599.1390544535 5304015.366357664 1053.213777783203
431599.1378932877 5304015.392952735 1053.213777783203
431599.1344186273 5304015.4193454 1053.213777783203
431599.12865691655 5304015.445334798 1053.213777783203
431599.1206520056 5304015.470723132 1053.213777783203
431599.1104648168 5304015.495317182 1053.213777783203
431599.0981728805 5304015.518929771 1053.213777783203
431599.0838697461 5304015.541381195 1053.213777783203
431599.0676642688 5304015.562500584 1053.213777783203
431599.0496797822 5304015.582127207 1053.213777783203
431599.0300531591 5304015.600111694 1053.213777783203
431599.00893377 5304015.616317171 1053.213777783203
431598.986482346 5304015.630620305 1053.213777783203
431598.9628697563 5304015.642912242 1053.213777783203
431598.9382757067 5304015.653099431 1053.213777783203
431598.9128873729 5304015.661104342 1053.213777783203
431598.8868979754 5304015.666866052 1053.213777783203
431598.8605053093 5304015.670340713 1053.213777783203
431598.8339102386 5304015.671501879 1053.213777783203
431598.8073151679 5304015.670340713 1053.213777783203
431598.78092250176 5304015.666866052 1053.213777783203
431598.75493310427 5304015.661104342 1053.213777783203
431598.7295447704 5304015.653099431 1053.213777783203
431598.7049507209 5304015.642912242 1053.213777783203
431598.6813381312 5304015.630620305 1053.213777783203
431598.6588867072 5304015.616317171 1053.213777783203
431598.63776731805 5304015.600111694 1053.213777783203
431598.618140695 5304015.582127207 1053.213777783203
431598.6001562084 5304015.562500584 1053.213777783203
431598.5839507311 5304015.541381195 1053.213777783203
431598.5696475966 5304015.518929771 1053.213777783203
431598.5573556604 5304015.495317182 1053.213777783203
431598.5471684716 5304015.470723132 1053.213777783203
431598.5391635606 5304015.445334798 1053.213777783203
431598.5334018499 5304015.4193454 1053.213777783203
431598.5299271895 5304015.392952735 1053.213777783203
431598.5287660237 5304015.366357664 1053.213777783203
431598.5299271895 5304015.339762593 1053.213777783203
431598.5334018499 5304015.313369927 1053.213777783203
431598.5391635606 5304015.28738053 1053.213777783203
431598.5471684716 5304015.261992196 1053.213777783203
431598.5573556604 5304015.237398146 1053.213777783203
431598.5696475966 5304015.213785556 1053.213777783203
431598.5839507311 5304015.191334132 1053.213777783203
431598.6001562084 5304015.170214743 1053.213777783203
431598.618140695 5304015.15058812 1053.213777783203
431598.63776731805 5304015.132603633 1053.213777783203
431598.6588867072 5304015.116398157 1053.213777783203
431598.6813381312 5304015.102095022 1053.213777783203
431598.7049507209 5304015.089803086 1053.213777783203
431598.7295447704 5304015.079615897 1053.213777783203
431598.75493310427 5304015.071610985 1053.213777783203
431598.78092250176 5304015.065849275 1053.213777783203
431598.8073151679 5304015.062374614 1053.213777783203
431598.8339102386 5304015.061213449 1053.213777783203
431598.8605053093 5304015.062374614 1053.213777783203
431598.8868979754 5304015.065849275 1053.213777783203
431598.9128873729 5304015.071610985 1053.213777783203
431598.9382757067 5304015.079615897 1053.213777783203
431598.9628697563 5304015.089803086 1053.213777783203
431598.986482346 5304015.102095022 1053.213777783203
431599.00893377 5304015.116398157 1053.213777783203
431599.0300531591 5304015.132603633 1053.213777783203
431599.0496797822 5304015.15058812 1053.213777783203
431599.0676642688 5304015.170214743 1053.213777783203
431599.0838697461 5304015.191334132 1053.213777783203
431599.0981728805 5304015.213785556 1053.213777783203
431599.1104648168 5304015.237398146 1053.213777783203
431599.1206520056 5304015.261992196 1053.213777783203
431599.12865691655 5304015.28738053 1053.213777783203
431599.1344186273 5304015.313369927 1053.213777783203
431599.1378932877 5304015.339762593 1053.213777783203
431700.8893993554 5303993.9426230695 1048.794771435547
431700.8884147041 5303993.965175291 1048.794771435547
431700.88546824415 5303993.987555876 1048.794771435547
431700.88058239984 5303994.009594495 1048.794771435547
431700.8737943554 5303994.031123422 1048.794771435547
431700.8651557719 5303994.051978808 1048.794771435547
431700.8547323943 5303994.072001929 1048.794771435547
431700.8426035506 5303994.091040401 1048.794771435547
431700.8288615488 5303994.108949326 1048.794771435547
431700.8136109737 5303994.125592409 1048.794771435547
431700.7969678915 5303994.140842984 1048.794771435547
431700.7790589661 5303994.154584985 1048.794771435547
431700.7600204952 5303994.166713829 1048.794771435547
431700.73999737296 5303994.177137206 1048.794771435547
431700.7191419876 5303994.18577579 1048.794771435547
431700.69761306106 5303994.192563835 1048.794771435547
431700.6755744416 5303994.197449679 1048.794771435547
431700.6531938562 5303994.200396138 1048.794771435547
431700.6306416349 5303994.20138079 1048.794771435547
431700.6080894136 5303994.200396138 1048.794771435547
431700.5857088283 5303994.197449679 1048.794771435547
431700.5636702088 5303994.192563835 1048.794771435547
431700.5421412823 5303994.18577579 1048.794771435547
431700.5212858969 5303994.177137206 1048.794771435547
431700.5012627747 5303994.166713829 1048.794771435547
431700.48222430376 5303994.154584985 1048.794771435547
431700.4643153784 5303994.140842984 1048.794771435547
431700.44767229614 5303994.125592409 1048.794771435547
431700.43242172105 5303994.108949326 1048.794771435547
431700.41867971927 5303994.091040401 1048.794771435547
431700.4065508756 5303994.072001929 1048.794771435547
431700.396127498 5303994.051978808 1048.794771435547
431700.3874889145 5303994.031123422 1048.794771435547
431700.38070087 5303994.009594495 1048.794771435547
431700.3758150257 5303993.987555876 1048.794771435547
431700.3728685657 5303993.965175291 1048.794771435547
431700.37188391446 5303993.9426230695 1048.794771435547
431700.3728685657 5303993.920070848 1048.794771435547
431700.3758150257 5303993.897690263 1048.794771435547
431700.38070087 5303993.875651644 1048.794771435547
431700.3874889145 5303993.854122717 1048.794771435547
431700.396127498 5303993.833267331 1048.794771435547
431700.4065508756 5303993.81324421 1048.794771435547
431700.41867971927 5303993.794205738 1048.794771435547
431700.43242172105 5303993.776296813 1048.794771435547
431700.44767229614 5303993.75965373 1048.794771435547
431700.4643153784 5303993.744403156 1048.794771435547
431700.48222430376 5303993.730661154 1048.794771435547
431700.5012627747 5303993.71853231 1048.794771435547
431700.5212858969 5303993.708108933 1048.794771435547
431700.5421412823 5303993.699470349 1048.794771435547
431700.5636702088 5303993.692682304 1048.794771435547
431700.5857088283 5303993.68779646 1048.794771435547
431700.6080894136 5303993.684850001 1048.794771435547
431700.6306416349 5303993.683865349 1048.794771435547
431700.6531938562 5303993.684850001 1048.794771435547
431700.6755744416 5303993.68779646 1048.794771435547
431700.69761306106 5303993.692682304 1048.794771435547
431700.7191419876 5303993.699470349 1048.794771435547
431700.73999737296 5303993.708108933 1048.794771435547
431700.7600204952 5303993.71853231 1048.794771435547
431700.7790589661 5303993.730661154 1048.794771435547
431700.7969678915 5303993.744403156 1048.794771435547
431700.8136109737 5303993.75965373 1048.794771435547
431700.8288615488 5303993.776296813 1048.794771435547
431700.8426035506 5303993.794205738 1048.794771435547
431700.8547323943 5303993.81324421 1048.794771435547
431700.8651557719 5303993.833267331 1048.794771435547
431700.8737943554 5303993.854122717 1048.794771435547
431700.88058239984 5303993.875651644 1048.794771435547
431700.88546824415 5303993.897690263 1048.794771435547
431700.8884147041 5303993.920070848 1048.794771435547
431690.1493208985 5303966.373853815 1047.2187826660158
431690.1484110075 5303966.394693746 1047.2187826660158
431690.1456882591 5303966.415375073 1047.2187826660158
431690.1411733752 5303966.435740399 1047.2187826660158
431690.1349007167 5303966.45563473 1047.2187826660158
431690.1269180224 5303966.474906659 1047.2187826660158
431690.1172860453 5303966.493409514 1047.2187826660158
431690.1060780906 5303966.511002479 1047.2187826660158
431690.0933794578 5303966.52755166 1047.2187826660158
431690.079286791 5303966.542931107 1047.2187826660158
431690.06390734384 5303966.557023774 1047.2187826660158
431690.0473581633 5303966.569722407 1047.2187826660158
431690.0297651986 5303966.5809303615 1047.2187826660158
431690.0112623428 5303966.590562339 1047.2187826660158
431689.99199041387 5303966.598545033 1047.2187826660158
431689.9720960828 5303966.604817691 1047.2187826660158
431689.9517307575 5303966.609332575 1047.2187826660158
431689.9310494303 5303966.612055324 1047.2187826660158
431689.9102094986 5303966.612965215 1047.2187826660158
431689.8893695669 5303966.612055324 1047.2187826660158
431689.8686882397 5303966.609332575 1047.2187826660158
431689.8483229144 5303966.604817691 1047.2187826660158
431689.82842858334 5303966.598545033 1047.2187826660158
431689.8091566544 5303966.590562339 1047.2187826660158
431689.7906537986 5303966.5809303615 1047.2187826660158
431689.7730608339 5303966.569722407 1047.2187826660158
431689.75651165337 5303966.557023774 1047.2187826660158
431689.7411322062 5303966.542931107 1047.2187826660158
431689.7270395394 5303966.52755166 1047.2187826660158
431689.7143409065 5303966.511002479 1047.2187826660158
431689.7031329519 5303966.493409514 1047.2187826660158
431689.69350097486 5303966.474906659 1047.2187826660158
431689.6855182805 5303966.45563473 1047.2187826660158
431689.679245622 5303966.435740399 1047.2187826660158
431689.6747307381 5303966.415375073 1047.2187826660158
431689.6720079897 5303966.394693746 1047.2187826660158
431689.6710980987 5303966.373853815 1047.2187826660158
431689.6720079897 5303966.353013883 1047.2187826660158
431689.6747307381 5303966.332332556 1047.2187826660158
431689.679245622 5303966.31196723 1047.2187826660158
431689.6855182805 5303966.2920729 1047.2187826660158
431689.69350097486 5303966.272800971 1047.2187826660158
431689.7031329519 5303966.254298115 1047.2187826660158
431689.7143409065 5303966.23670515 1047.2187826660158
431689.7270395394 5303966.220155969 1047.2187826660158
431689.7411322062 5303966.204776523 1047.2187826660158
431689.75651165337 5303966.190683856 1047.2187826660158
431689.7730608339 5303966.177985223 1047.2187826660158
431689.7906537986 5303966.166777268 1047.2187826660158
431689.8091566544 5303966.157145291 1047.2187826660158
431689.82842858334 5303966.149162597 1047.2187826660158
431689.8483229144 5303966.142889938 1047.2187826660158
431689.8686882397 5303966.138375054 1047.2187826660158
431689.8893695669 5303966.135652306 1047.2187826660158
431689.9102094986 5303966.134742415 1047.2187826660158
431689.9310494303 5303966.135652306 1047.2187826660158
431689.9517307575 5303966.138375054 1047.2187826660158
431689.9720960828 5303966.142889938 1047.2187826660158
431689.99199041387 5303966.149162597 1047.2187826660158
431690.0112623428 5303966.157145291 1047.2187826660158
431690.0297651986 5303966.166777268 1047.2187826660158
431690.0473581633 5303966.177985223 1047.2187826660158
431690.06390734384 5303966.190683856 1047.2187826660158
431690.079286791 5303966.204776523 1047.2187826660158
431690.0933794578 5303966.220155969 1047.2187826660158
431690.1060780906 5303966.23670515 1047.2187826660158
431690.1172860453 5303966.254298115 1047.2187826660158
431690.1269180224 5303966.272800971 1047.2187826660158
431690.1349007167 5303966.2920729 1047.2187826660158
431690.1411733752 5303966.31196723 1047.2187826660158
431690.1456882591 5303966.332332556 1047.2187826660158
431690.1484110075 5303966.353013883 1047.2187826660158
431654.7720169549 5303973.152850253 1047.8657553222658
431654.7711877628 5303973.171841874 1047.8657553222658
431654.7687064972 5303973.190688957 1047.8657553222658
431654.7645920419 5303973.209248066 1047.8657553222658
431654.7588757106 5303973.227377952 1047.8657553222658
431654.7516010079 5303973.244940639 1047.8657553222658
431654.7428232986 5303973.261802461 1047.8657553222658
431654.73260938656 5303973.277835092 1047.8657553222658
431654.7210370057 5303973.292916512 1047.8657553222658
431654.7081942289 5303973.306931944 1047.8657553222658
431654.6941787973 5303973.31977472 1047.8657553222658
431654.679097377 5303973.331347101 1047.8657553222658
431654.66306474654 5303973.341561013 1047.8657553222658
431654.646202924 5303973.350338723 1047.8657553222658
431654.628640238 5303973.357613425 1047.8657553222658
431654.61051035125 5303973.363329756 1047.8657553222658
431654.5919512431 5303973.367444212 1047.8657553222658
431654.5731041594 5303973.369925478 1047.8657553222658
431654.5541125382 5303973.370754669 1047.8657553222658
431654.5351209169 5303973.369925478 1047.8657553222658
431654.5162738333 5303973.367444212 1047.8657553222658
431654.4977147251 5303973.363329756 1047.8657553222658
431654.4795848383 5303973.357613425 1047.8657553222658
431654.4620221524 5303973.350338723 1047.8657553222658
431654.4451603298 5303973.341561013 1047.8657553222658
431654.42912769935 5303973.331347101 1047.8657553222658
431654.41404627904 5303973.31977472 1047.8657553222658
431654.40003084746 5303973.306931944 1047.8657553222658
431654.3871880706 5303973.292916512 1047.8657553222658
431654.3756156898 5303973.277835092 1047.8657553222658
431654.3654017777 5303973.261802461 1047.8657553222658
431654.35662406846 5303973.244940639 1047.8657553222658
431654.34934936574 5303973.227377952 1047.8657553222658
431654.3436330344 5303973.209248066 1047.8657553222658
431654.3395185792 5303973.190688957 1047.8657553222658
431654.3370373136 5303973.171841874 1047.8657553222658
431654.33620812144 5303973.152850253 1047.8657553222658
431654.3370373136 5303973.133858631 1047.8657553222658
431654.3395185792 5303973.115011548 1047.8657553222658
431654.3436330344 5303973.096452439 1047.8657553222658
431654.34934936574 5303973.078322553 1047.8657553222658
431654.35662406846 5303973.060759867 1047.8657553222658
431654.3654017777 5303973.043898044 1047.8657553222658
431654.3756156898 5303973.027865414 1047.8657553222658
431654.3871880706 5303973.012783993 1047.8657553222658
431654.40003084746 5303972.9987685615 1047.8657553222658
431654.41404627904 5303972.985925785 1047.8657553222658
431654.42912769935 5303972.974353404 1047.8657553222658
431654.4451603298 5303972.964139492 1047.8657553222658
431654.4620221524 5303972.955361783 1047.8657553222658
431654.4795848383 5303972.94808708 1047.8657553222658
431654.4977147251 5303972.942370749 1047.8657553222658
431654.5162738333 5303972.938256294 1047.8657553222658
431654.5351209169 5303972.935775028 1047.8657553222658
431654.5541125382 5303972.934945836 1047.8657553222658
431654.5731041594 5303972.935775028 1047.8657553222658
431654.5919512431 5303972.938256294 1047.8657553222658
431654.61051035125 5303972.942370749 1047.8657553222658
431654.628640238 5303972.94808708 1047.8657553222658
431654.646202924 5303972.955361783 1047.8657553222658
431654.66306474654 5303972.964139492 1047.8657553222658
431654.679097377 5303972.974353404 1047.8657553222658
431654.6941787973 5303972.985925785 1047.8657553222658
431654.7081942289 5303972.9987685615 1047.8657553222658
431654.7210370057 5303973.012783993 1047.8657553222658
431654.73260938656 5303973.027865414 1047.8657553222658
431654.7428232986 5303973.043898044 1047.8657553222658
431654.7516010079 5303973.060759867 1047.8657553222658
431654.7588757106 5303973.078322553 1047.8657553222658
431654.7645920419 5303973.096452439 1047.8657553222658
431654.7687064972 5303973.115011548 1047.8657553222658
431654.7711877628 5303973.133858631 1047.8657553222658
431633.96356789954 5304011.316496377 1052.5927450683596
431633.9627090481 5304011.336167308 1052.5927450683596
431633.9601390304 5304011.35568853 1052.5927450683596
431633.9558774057 5304011.374911478 1052.5927450683596
431633.9499566074 5304011.39368985 1052.5927450683596
431633.9424216966 5304011.411880734 1052.5927450683596
431633.9333300184 5304011.429345685 1052.5927450683596
431633.9227507661 5304011.445951785 1052.5927450683596
431633.91076445393 5304011.461572652 1052.5927450683596
431633.8974623052 5304011.476089399 1052.5927450683596
431633.88294555707 5304011.489391549 1052.5927450683596
431633.867324691 5304011.50137786 1052.5927450683596
431633.8507185911 5304011.511957113 1052.5927450683596
431633.83325363975 5304011.521048791 1052.5927450683596
431633.8150627559 5304011.528583702 1052.5927450683596
431633.7962843831 5304011.5345045 1052.5927450683596
431633.77706143615 5304011.538766124 1052.5927450683596
431633.7575402132 5304011.541336142 1052.5927450683596
431633.7378692826 5304011.542194994 1052.5927450683596
431633.718198352 5304011.541336142 1052.5927450683596
431633.69867712905 5304011.538766124 1052.5927450683596
431633.6794541821 5304011.5345045 1052.5927450683596
431633.6606758093 5304011.528583702 1052.5927450683596
431633.6424849255 5304011.521048791 1052.5927450683596
431633.6250199741 5304011.511957113 1052.5927450683596
431633.60841387423 5304011.50137786 1052.5927450683596
431633.59279300814 5304011.489391549 1052.5927450683596
431633.57827626006 5304011.476089399 1052.5927450683596
431633.5649741113 5304011.461572652 1052.5927450683596
431633.5529877992 5304011.445951785 1052.5927450683596
431633.5424085468 5304011.429345685 1052.5927450683596
431633.5333168686 5304011.411880734 1052.5927450683596
431633.5257819578 5304011.39368985 1052.5927450683596
431633.5198611596 5304011.374911478 1052.5927450683596
431633.5155995349 5304011.35568853 1052.5927450683596
431633.5130295171 5304011.336167308 1052.5927450683596
431633.51217066566 5304011.316496377 1052.5927450683596
431633.5130295171 5304011.296825446 1052.5927450683596
431633.5155995349 5304011.277304224 1052.5927450683596
431633.5198611596 5304011.258081276 1052.5927450683596
431633.5257819578 5304011.239302903 1052.5927450683596
431633.5333168686 5304011.221112019 1052.5927450683596
431633.5424085468 5304011.203647069 1052.5927450683596
431633.5529877992 5304011.187040969 1052.5927450683596
431633.5649741113 5304011.171420102 1052.5927450683596
431633.57827626006 5304011.156903354 1052.5927450683596
431633.59279300814 5304011.143601205 1052.5927450683596
431633.60841387423 5304011.131614894 1052.5927450683596
431633.6250199741 5304011.121035641 1052.5927450683596
431633.6424849255 5304011.111943963 1052.5927450683596
431633.6606758093 5304011.104409052 1052.5927450683596
431633.6794541821 5304011.098488254 1052.5927450683596
431633.69867712905 5304011.0942266295 1052.5927450683596
431633.718198352 5304011.091656611 1052.5927450683596
431633.7378692826 5304011.09079776 1052.5927450683596
431633.7575402132 5304011.091656611 1052.5927450683596
431633.77706143615 5304011.0942266295 1052.5927450683596
431633.7962843831 5304011.098488254 1052.5927450683596
431633.8150627559 5304011.104409052 1052.5927450683596
431633.83325363975 5304011.111943963 1052.5927450683596
431633.8507185911 5304011.121035641 1052.5927450683596
431633.867324691 5304011.131614894 1052.5927450683596
431633.88294555707 5304011.143601205 1052.5927450683596
431633.8974623052 5304011.156903354 1052.5927450683596
431633.91076445393 5304011.171420102 1052.5927450683596
431633.9227507661 5304011.187040969 1052.5927450683596
431633.9333300184 5304011.203647069 1052.5927450683596
431633.9424216966 5304011.221112019 1052.5927450683596
431633.9499566074 5304011.239302903 1052.5927450683596
431633.9558774057 5304011.258081276 1052.5927450683596
431633.9601390304 5304011.277304224 1052.5927450683596
431633.9627090481 5304011.296825446 1052.5927450683596
431659.448684612 5303956.291405415 1046.7497885253908
431659.4475068386 5303956.31838086 1046.7497885253908
431659.4439824821 5303956.345151004 1046.7497885253908
431659.4381383651 5303956.371512113 1046.7497885253908
431659.4300189647 5303956.397263561 1046.7497885253908
431659.4196860744 5303956.422209365 1046.7497885253908
431659.4072183339 5303956.446159672 1046.7497885253908
431659.3927106301 5303956.468932205 1046.7497885253908
431659.3762733754 5303956.490353652 1046.7497885253908
431659.35803166736 5303956.510260983 1046.7497885253908
431659.3381243362 5303956.528502692 1046.7497885253908
431659.3167028889 5303956.544939946 1046.7497885253908
431659.2939303555 5303956.55944765 1046.7497885253908
431659.2699800488 5303956.571915391 1046.7497885253908
431659.245034245 5303956.582248281 1046.7497885253908
431659.2192827968 5303956.590367681 1046.7497885253908
431659.1929216883 5303956.596211799 1046.7497885253908
431659.1661515434 5303956.599736155 1046.7497885253908
431659.1391760991 5303956.600913928 1046.7497885253908
431659.1122006548 5303956.599736155 1046.7497885253908
431659.0854305099 5303956.596211799 1046.7497885253908
431659.05906940135 5303956.590367681 1046.7497885253908
431659.0333179532 5303956.582248281 1046.7497885253908
431659.00837214943 5303956.571915391 1046.7497885253908
431658.9844218427 5303956.55944765 1046.7497885253908
431658.96164930926 5303956.544939946 1046.7497885253908
431658.940227862 5303956.528502692 1046.7497885253908
431658.9203205308 5303956.510260983 1046.7497885253908
431658.9020788227 5303956.490353652 1046.7497885253908
431658.8856415681 5303956.468932205 1046.7497885253908
431658.8711338643 5303956.446159672 1046.7497885253908
431658.85866612376 5303956.422209365 1046.7497885253908
431658.8483332335 5303956.397263561 1046.7497885253908
431658.8402138331 5303956.371512113 1046.7497885253908
431658.83436971606 5303956.345151004 1046.7497885253908
431658.8308453596 5303956.31838086 1046.7497885253908
431658.8296675863 5303956.291405415 1046.7497885253908
431658.8308453596 5303956.264429971 1046.7497885253908
431658.83436971606 5303956.237659826 1046.7497885253908
431658.8402138331 5303956.211298717 1046.7497885253908
431658.8483332335 5303956.185547269 1046.7497885253908
431658.85866612376 5303956.160601465 1046.7497885253908
431658.8711338643 5303956.136651158 1046.7497885253908
431658.8856415681 5303956.113878625 1046.7497885253908
431658.9020788227 5303956.092457178 1046.7497885253908
431658.9203205308 5303956.072549847 1046.7497885253908
431658.940227862 5303956.054308139 1046.7497885253908
431658.96164930926 5303956.037870884 1046.7497885253908
431658.9844218427 5303956.02336318 1046.7497885253908
431659.00837214943 5303956.010895439 1046.7497885253908
431659.0333179532 5303956.00056255 1046.7497885253908
431659.05906940135 5303955.992443149 1046.7497885253908
431659.0854305099 5303955.986599032 1046.7497885253908
431659.1122006548 5303955.983074675 1046.7497885253908
431659.1391760991 5303955.981896902 1046.7497885253908
431659.1661515434 5303955.983074675 1046.7497885253908
431659.1929216883 5303955.986599032 1046.7497885253908
431659.2192827968 5303955.992443149 1046.7497885253908
431659.245034245 5303956.00056255 1046.7497885253908
431659.2699800488 5303956.010895439 1046.7497885253908
431659.2939303555 5303956.02336318 1046.7497885253908
431659.3167028889 5303956.037870884 1046.7497885253908
431659.3381243362 5303956.054308139 1046.7497885253908
431659.35803166736 5303956.072549847 1046.7497885253908
431659.3762733754 5303956.092457178 1046.7497885253908
431659.3927106301 5303956.113878625 1046.7497885253908
431659.4072183339 5303956.136651158 1046.7497885253908
431659.4196860744 5303956.160601465 1046.7497885253908
431659.4300189647 5303956.185547269 1046.7497885253908
431659.4381383651 5303956.211298717 1046.7497885253908
431659.4439824821 5303956.237659826 1046.7497885253908
431659.4475068386 5303956.264429971 1046.7497885253908
431701.0393188699 5303988.770843304 1046.4977743652346
431701.03828603687 5303988.7944990685 1046.4977743652346
431701.0351953984 5303988.817974799 1046.4977743652346
431701.030070476 5303988.84109183 1046.4977743652346
431701.02295027336 5303988.863674227 1046.4977743652346
431701.0138889797 5303988.8855501255 1046.4977743652346
431701.0029555569 5303988.906553036 1046.4977743652346
431700.9902332148 5303988.926523112 1046.4977743652346
431700.9758187782 5303988.945308371 1046.4977743652346
431700.95982194965 5303988.962765846 1046.4977743652346
431700.9423644746 5303988.978762675 1046.4977743652346
431700.92357921513 5303988.993177112 1046.4977743652346
431700.9036091383 5303989.005899454 1046.4977743652346
431700.8826062284 5303989.016832877 1046.4977743652346
431700.8607303304 5303989.025894171 1046.4977743652346
431700.83814793295 5303989.033014373 1046.4977743652346
431700.8150309018 5303989.038139296 1046.4977743652346
431700.7915551716 5303989.041229934 1046.4977743652346
431700.76789940667 5303989.042262767 1046.4977743652346
431700.7442436417 5303989.041229934 1046.4977743652346
431700.7207679115 5303989.038139296 1046.4977743652346
431700.6976508804 5303989.033014373 1046.4977743652346
431700.6750684829 5303989.025894171 1046.4977743652346
431700.6531925849 5303989.016832877 1046.4977743652346
431700.6321896751 5303989.005899454 1046.4977743652346
431700.6122195982 5303988.993177112 1046.4977743652346
431700.5934343387 5303988.978762675 1046.4977743652346
431700.5759768637 5303988.962765846 1046.4977743652346
431700.5599800351 5303988.945308371 1046.4977743652346
431700.5455655985 5303988.926523112 1046.4977743652346
431700.5328432564 5303988.906553036 1046.4977743652346
431700.5219098336 5303988.8855501255 1046.4977743652346
431700.51284854 5303988.863674227 1046.4977743652346
431700.5057283374 5303988.84109183 1046.4977743652346
431700.50060341496 5303988.817974799 1046.4977743652346
431700.49751277646 5303988.7944990685 1046.4977743652346
431700.49647994345 5303988.770843304 1046.4977743652346
431700.49751277646 5303988.747187539 1046.4977743652346
431700.50060341496 5303988.723711808 1046.4977743652346
431700.5057283374 5303988.700594777 1046.4977743652346
431700.51284854 5303988.67801238 1046.4977743652346
431700.5219098336 5303988.656136482 1046.4977743652346
431700.5328432564 5303988.635133572 1046.4977743652346
431700.5455655985 5303988.615163496 1046.4977743652346
431700.5599800351 5303988.596378236 1046.4977743652346
431700.5759768637 5303988.578920761 1046.4977743652346
431700.5934343387 5303988.562923932 1046.4977743652346
431700.6122195982 5303988.548509495 1046.4977743652346
431700.6321896751 5303988.535787154 1046.4977743652346
431700.6531925849 5303988.524853731 1046.4977743652346
431700.6750684829 5303988.515792437 1046.4977743652346
431700.6976508804 5303988.508672235 1046.4977743652346
431700.7207679115 5303988.503547312 1046.4977743652346
431700.7442436417 5303988.500456673 1046.4977743652346
431700.76789940667 5303988.499423841 1046.4977743652346
431700.7915551716 5303988.500456673 1046.4977743652346
431700.8150309018 5303988.503547312 1046.4977743652346
431700.83814793295 5303988.508672235 1046.4977743652346
431700.8607303304 5303988.515792437 1046.4977743652346
431700.8826062284 5303988.524853731 1046.4977743652346
431700.9036091383 5303988.535787154 1046.4977743652346
431700.92357921513 5303988.548509495 1046.4977743652346
431700.9423644746 5303988.562923932 1046.4977743652346
431700.95982194965 5303988.578920761 1046.4977743652346
431700.9758187782 5303988.596378236 1046.4977743652346
431700.9902332148 5303988.615163496 1046.4977743652346
431701.0029555569 5303988.635133572 1046.4977743652346
431701.0138889797 5303988.656136482 1046.4977743652346
431701.02295027336 5303988.67801238 1046.4977743652346
431701.030070476 5303988.700594777 1046.4977743652346
431701.0351953984 5303988.723711808 1046.4977743652346
431701.03828603687 5303988.747187539 1046.4977743652346
431676.2663277543 5303969.592124471 1046.3287680175783
431676.2658206378 5303969.603739348 1046.3287680175783
431676.2643031479 5303969.615265829 1046.3287680175783
431676.2617868336 5303969.626616188 1046.3287680175783
431676.25829084544 5303969.637704046 1046.3287680175783
431676.2538417901 5303969.648445016 1046.3287680175783
431676.2484735276 5303969.658757352 1046.3287680175783
431676.2422269136 5303969.668562572 1046.3287680175783
431676.2351494887 5303969.677786052 1046.3287680175783
431676.2272951163 5303969.686357596 1046.3287680175783
431676.2187235729 5303969.694211968 1046.3287680175783
431676.20950009313 5303969.701289393 1046.3287680175783
431676.1996948733 5303969.707536007 1046.3287680175783
431676.1893825369 5303969.71290427 1046.3287680175783
431676.1786415672 5303969.717353324 1046.3287680175783
431676.1675537095 5303969.720849313 1046.3287680175783
431676.1562033489 5303969.723365627 1046.3287680175783
431676.1446768687 5303969.724883117 1046.3287680175783
431676.1330619922 5303969.725390233 1046.3287680175783
431676.12144711567 5303969.724883117 1046.3287680175783
431676.1099206354 5303969.723365627 1046.3287680175783
431676.0985702749 5303969.720849313 1046.3287680175783
431676.0874824171 5303969.717353324 1046.3287680175783
431676.0767414474 5303969.71290427 1046.3287680175783
431676.0664291111 5303969.707536007 1046.3287680175783
431676.0566238912 5303969.701289393 1046.3287680175783
431676.0474004115 5303969.694211968 1046.3287680175783
431676.03882886807 5303969.686357596 1046.3287680175783
431676.0309744956 5303969.677786052 1046.3287680175783
431676.0238970707 5303969.668562572 1046.3287680175783
431676.0176504568 5303969.658757352 1046.3287680175783
431676.0122821942 5303969.648445016 1046.3287680175783
431676.0078331389 5303969.637704046 1046.3287680175783
431676.0043371508 5303969.626616188 1046.3287680175783
431676.0018208365 5303969.615265829 1046.3287680175783
431676.00030334655 5303969.603739348 1046.3287680175783
431675.99979623005 5303969.592124471 1046.3287680175783
431676.00030334655 5303969.580509595 1046.3287680175783
431676.0018208365 5303969.568983114 1046.3287680175783
431676.0043371508 5303969.557632755 1046.3287680175783
431676.0078331389 5303969.546544896 1046.3287680175783
431676.0122821942 5303969.535803927 1046.3287680175783
431676.0176504568 5303969.525491591 1046.3287680175783
431676.0238970707 5303969.51568637 1046.3287680175783
431676.0309744956 5303969.506462891 1046.3287680175783
431676.03882886807 5303969.497891347 1046.3287680175783
431676.0474004115 5303969.490036975 1046.3287680175783
431676.0566238912 5303969.48295955 1046.3287680175783
431676.0664291111 5303969.476712936 1046.3287680175783
431676.0767414474 5303969.471344673 1046.3287680175783
431676.0874824171 5303969.4668956185 1046.3287680175783
431676.0985702749 5303969.46339963 1046.3287680175783
431676.1099206354 5303969.460883316 1046.3287680175783
431676.12144711567 5303969.459365826 1046.3287680175783
431676.1330619922 5303969.45885871 1046.3287680175783
431676.1446768687 5303969.459365826 1046.3287680175783
431676.1562033489 5303969.460883316 1046.3287680175783
431676.1675537095 5303969.46339963 1046.3287680175783
431676.1786415672 5303969.4668956185 1046.3287680175783
431676.1893825369 5303969.471344673 1046.3287680175783
431676.1996948733 5303969.476712936 1046.3287680175783
431676.20950009313 5303969.48295955 1046.3287680175783
431676.2187235729 5303969.490036975 1046.3287680175783
431676.2272951163 5303969.497891347 1046.3287680175783
431676.2351494887 5303969.506462891 1046.3287680175783
431676.2422269136 5303969.51568637 1046.3287680175783
431676.2484735276 5303969.525491591 1046.3287680175783
431676.2538417901 5303969.535803927 1046.3287680175783
431676.25829084544 5303969.546544896 1046.3287680175783
431676.2617868336 5303969.557632755 1046.3287680175783
431676.2643031479 5303969.568983114 1046.3287680175783
431676.2658206378 5303969.580509595 1046.3287680175783
431680.6245301192 5303997.803745797 1049.152742626953
431680.623860133 5303997.819091003 1049.152742626953
431680.62185527344 5303997.834319423 1049.152742626953
431680.6185307988 5303997.84931516 1049.152742626953
431680.61391201016 5303997.8639640855 1049.152742626953
431680.6080340594 5303997.878154714 1049.152742626953
431680.6009416813 5303997.891779046 1049.152742626953
431680.5926888531 5303997.904733391 1049.152742626953
431680.58333838376 5303997.91691916 1049.152742626953
431680.57296143606 5303997.928243611 1049.152742626953
431680.5616369849 5303997.938620559 1049.152742626953
431680.549451216 5303997.947971028 1049.152742626953
431680.53649687057 5303997.956223856 1049.152742626953
431680.522872539 5303997.963316235 1049.152742626953
431680.5086819106 5303997.969194185 1049.152742626953
431680.4940329847 5303997.973812974 1049.152742626953
431680.4790372484 5303997.977137448 1049.152742626953
431680.4638088283 5303997.979142308 1049.152742626953
431680.448463622 5303997.979812294 1049.152742626953
431680.4331184157 5303997.979142308 1049.152742626953
431680.4178899956 5303997.977137448 1049.152742626953
431680.4028942594 5303997.973812974 1049.152742626953
431680.3882453335 5303997.969194185 1049.152742626953
431680.374054705 5303997.963316235 1049.152742626953
431680.3604303735 5303997.956223856 1049.152742626953
431680.347476028 5303997.947971028 1049.152742626953
431680.3352902592 5303997.938620559 1049.152742626953
431680.323965808 5303997.928243611 1049.152742626953
431680.3135888602 5303997.91691916 1049.152742626953
431680.3042383909 5303997.904733391 1049.152742626953
431680.2959855627 5303997.891779046 1049.152742626953
431680.2888931846 5303997.878154714 1049.152742626953
431680.2830152339 5303997.8639640855 1049.152742626953
431680.27839644527 5303997.84931516 1049.152742626953
431680.2750719706 5303997.834319423 1049.152742626953
431680.27306711103 5303997.819091003 1049.152742626953
431680.2723971249 5303997.803745797 1049.152742626953
431680.27306711103 5303997.78840059 1049.152742626953
431680.2750719706 5303997.773172171 1049.152742626953
431680.27839644527 5303997.758176434 1049.152742626953
431680.2830152339 5303997.743527508 1049.152742626953
431680.2888931846 5303997.72933688 1049.152742626953
431680.2959855627 5303997.715712548 1049.152742626953
431680.3042383909 5303997.702758203 1049.152742626953
431680.3135888602 5303997.690572434 1049.152742626953
431680.323965808 5303997.679247983 1049.152742626953
431680.3352902592 5303997.668871035 1049.152742626953
431680.347476028 5303997.6595205655 1049.152742626953
431680.3604303735 5303997.651267738 1049.152742626953
431680.374054705 5303997.644175359 1049.152742626953
431680.3882453335 5303997.638297409 1049.152742626953
431680.4028942594 5303997.63367862 1049.152742626953
431680.4178899956 5303997.630354146 1049.152742626953
431680.4331184157 5303997.628349286 1049.152742626953
431680.448463622 5303997.6276793 1049.152742626953
431680.4638088283 5303997.628349286 1049.152742626953
431680.4790372484 5303997.630354146 1049.152742626953
431680.4940329847 5303997.63367862 1049.152742626953
431680.5086819106 5303997.638297409 1049.152742626953
431680.522872539 5303997.644175359 1049.152742626953
431680.53649687057 5303997.651267738 1049.152742626953
431680.549451216 5303997.6595205655 1049.152742626953
431680.5616369849 5303997.668871035 1049.152742626953
431680.57296143606 5303997.679247983 1049.152742626953
431680.58333838376 5303997.690572434 1049.152742626953
431680.5926888531 5303997.702758203 1049.152742626953
431680.6009416813 5303997.715712548 1049.152742626953
431680.6080340594 5303997.72933688 1049.152742626953
431680.61391201016 5303997.743527508 1049.152742626953
431680.6185307988 5303997.758176434 1049.152742626953
431680.62185527344 5303997.773172171 1049.152742626953
431680.623860133 5303997.78840059 1049.152742626953
431603.0389382896 5304020.565374646 1053.814790966797
431603.0387283753 5304020.570182473 1053.814790966797
431603.03810023 5304020.574953711 1053.814790966797
431603.03705863433 5304020.579652045 1053.814790966797
431603.0356115154 5304020.58424172 1053.814790966797
431603.0337698867 5304020.5886878045 1053.814790966797
431603.03154776414 5304020.592956463 1053.814790966797
431603.02896205935 5304020.597015206 1053.814790966797
431603.02603245113 5304020.600833146 1053.814790966797
431603.0227812356 5304020.604381225 1053.814790966797
431603.0192331564 5304020.6076324405 1053.814790966797
431603.0154152167 5304020.610562049 1053.814790966797
431603.01135647314 5304020.613147753 1053.814790966797
431603.0070878154 5304020.615369876 1053.814790966797
431603.0026417304 5304020.617211505 1053.814790966797
431602.99805205554 5304020.618658624 1053.814790966797
431602.9933537211 5304020.61970022 1053.814790966797
431602.9885824842 5304020.620328365 1053.814790966797
431602.9837746568 5304020.620538279 1053.814790966797
431602.97896682937 5304020.620328365 1053.814790966797
431602.97419559245 5304020.61970022 1053.814790966797
431602.969497258 5304020.618658624 1053.814790966797
431602.9649075832 5304020.617211505 1053.814790966797
431602.9604614982 5304020.615369876 1053.814790966797
431602.9561928404 5304020.613147753 1053.814790966797
431602.9521340969 5304020.610562049 1053.814790966797
431602.9483161572 5304020.6076324405 1053.814790966797
431602.944768078 5304020.604381225 1053.814790966797
431602.9415168624 5304020.600833146 1053.814790966797
431602.9385872542 5304020.597015206 1053.814790966797
431602.9360015494 5304020.592956463 1053.814790966797
431602.9337794269 5304020.5886878045 1053.814790966797
431602.93193779816 5304020.58424172 1053.814790966797
431602.9304906792 5304020.579652045 1053.814790966797
431602.9294490836 5304020.574953711 1053.814790966797
431602.9288209383 5304020.570182473 1053.814790966797
431602.928611024 5304020.565374646 1053.814790966797
431602.9288209383 5304020.560566819 1053.814790966797
431602.9294490836 5304020.555795582 1053.814790966797
431602.9304906792 5304020.551097248 1053.814790966797
431602.93193779816 5304020.546507573 1053.814790966797
431602.9337794269 5304020.542061488 1053.814790966797
431602.9360015494 5304020.53779283 1053.814790966797
431602.9385872542 5304020.533734087 1053.814790966797
431602.9415168624 5304020.529916147 1053.814790966797
431602.944768078 5304020.526368068 1053.814790966797
431602.9483161572 5304020.523116852 1053.814790966797
431602.9521340969 5304020.520187244 1053.814790966797
431602.9561928404 5304020.517601539 1053.814790966797
431602.9604614982 5304020.515379417 1053.814790966797
431602.9649075832 5304020.513537788 1053.814790966797
431602.969497258 5304020.512090669 1053.814790966797
431602.97419559245 5304020.511049073 1053.814790966797
431602.97896682937 5304020.510420928 1053.814790966797
431602.9837746568 5304020.510211013 1053.814790966797
431602.9885824842 5304020.510420928 1053.814790966797
431602.9933537211 5304020.511049073 1053.814790966797
431602.99805205554 5304020.512090669 1053.814790966797
431603.0026417304 5304020.513537788 1053.814790966797
431603.0070878154 5304020.515379417 1053.814790966797
431603.01135647314 5304020.517601539 1053.814790966797
431603.0154152167 5304020.520187244 1053.814790966797
431603.0192331564 5304020.523116852 1053.814790966797
431603.0227812356 5304020.526368068 1053.814790966797
431603.02603245113 5304020.529916147 1053.814790966797
431603.02896205935 5304020.533734087 1053.814790966797
431603.03154776414 5304020.53779283 1053.814790966797
431603.0337698867 5304020.542061488 1053.814790966797
431603.0356115154 5304020.546507573 1053.814790966797
431603.03705863433 5304020.551097248 1053.814790966797
431603.03810023 5304020.555795582 1053.814790966797
431603.0387283753 5304020.560566819 1053.814790966797
431591.5107080809 5304026.398667294 1055.0827963378908
431591.5094592768 5304026.42726961 1055.0827963378908
431591.5057223687 5304026.455654245 1055.0827963378908
431591.4995257967 5304026.483605175 1055.0827963378908
431591.4909167204 5304026.510909677 1055.0827963378908
431591.47996066016 5304026.5373599455 1055.0827963378908
431591.46674099815 5304026.56275468 1055.0827963378908
431591.45135834406 5304026.5869006105 1055.0827963378908
431591.4339297691 5304026.609613972 1055.0827963378908
431591.4145879152 5304026.630721902 1055.0827963378908
431591.3934799857 5304026.650063755 1055.0827963378908
431591.37076662463 5304026.66749233 1055.0827963378908
431591.3466206943 5304026.682874984 1055.0827963378908
431591.3212259599 5304026.696094646 1055.0827963378908
431591.29477569065 5304026.707050706 1055.0827963378908
431591.26747118914 5304026.715659782 1055.0827963378908
431591.239520259 5304026.721856355 1055.0827963378908
431591.2111356238 5304026.725593262 1055.0827963378908
431591.1825333077 5304026.726842067 1055.0827963378908
431591.1539309916 5304026.725593262 1055.0827963378908
431591.1255463564 5304026.721856355 1055.0827963378908
431591.0975954263 5304026.715659782 1055.0827963378908
431591.0702909248 5304026.707050706 1055.0827963378908
431591.04384065553 5304026.696094646 1055.0827963378908
431591.01844592113 5304026.682874984 1055.0827963378908
431590.9942999908 5304026.66749233 1055.0827963378908
431590.9715866297 5304026.650063755 1055.0827963378908
431590.95047870016 5304026.630721902 1055.0827963378908
431590.9311368463 5304026.609613972 1055.0827963378908
431590.91370827134 5304026.5869006105 1055.0827963378908
431590.8983256173 5304026.56275468 1055.0827963378908
431590.8851059552 5304026.5373599455 1055.0827963378908
431590.874149895 5304026.510909677 1055.0827963378908
431590.8655408187 5304026.483605175 1055.0827963378908
431590.85934424674 5304026.455654245 1055.0827963378908
431590.8556073386 5304026.42726961 1055.0827963378908
431590.8543585345 5304026.398667294 1055.0827963378908
431590.8556073386 5304026.370064978 1055.0827963378908
431590.85934424674 5304026.341680342 1055.0827963378908
431590.8655408187 5304026.313729412 1055.0827963378908
431590.874149895 5304026.286424911 1055.0827963378908
431590.8851059552 5304026.259974642 1055.0827963378908
431590.8983256173 5304026.234579907 1055.0827963378908
431590.91370827134 5304026.210433977 1055.0827963378908
431590.9311368463 5304026.187720615 1055.0827963378908
431590.95047870016 5304026.166612686 1055.0827963378908
431590.9715866297 5304026.147270832 1055.0827963378908
431590.9942999908 5304026.129842257 1055.0827963378908
431591.01844592113 5304026.114459603 1055.0827963378908
431591.04384065553 5304026.101239941 1055.0827963378908
431591.0702909248 5304026.090283881 1055.0827963378908
431591.0975954263 5304026.081674805 1055.0827963378908
431591.1255463564 5304026.0754782325 1055.0827963378908
431591.1539309916 5304026.071741325 1055.0827963378908
431591.1825333077 5304026.07049252 1055.0827963378908
431591.2111356238 5304026.071741325 1055.0827963378908
431591.239520259 5304026.0754782325 1055.0827963378908
431591.26747118914 5304026.081674805 1055.0827963378908
431591.29477569065 5304026.090283881 1055.0827963378908
431591.3212259599 5304026.101239941 1055.0827963378908
431591.3466206943 5304026.114459603 1055.0827963378908
431591.37076662463 5304026.129842257 1055.0827963378908
431591.3934799857 5304026.147270832 1055.0827963378908
431591.4145879152 5304026.166612686 1055.0827963378908
431591.4339297691 5304026.187720615 1055.0827963378908
431591.45135834406 5304026.210433977 1055.0827963378908
431591.46674099815 5304026.234579907 1055.0827963378908
431591.47996066016 5304026.259974642 1055.0827963378908
431591.4909167204 5304026.286424911 1055.0827963378908
431591.4995257967 5304026.313729412 1055.0827963378908
431591.5057223687 5304026.341680342 1055.0827963378908
431591.5094592768 5304026.370064978 1055.0827963378908
431591.1015105863 5303998.116828253 1051.9357626464846
431591.1006713242 5303998.136050514 1051.9357626464846
431591.09815992543 5303998.155126481 1051.9357626464846
431591.0939955031 5303998.173910977 1051.9357626464846
431591.08820975095 5303998.192261038 1051.9357626464846
431591.08084670216 5303998.210037011 1051.9357626464846
431591.0719623939 5303998.227103608 1051.9357626464846
431591.0616244412 5303998.243330943 1051.9357626464846
431591.049911522 5303998.258595517 1051.9357626464846
431591.03691277874 5303998.272781156 1051.9357626464846
431591.02272713976 5303998.285779899 1051.9357626464846
431591.0074625663 5303998.297492818 1051.9357626464846
431590.991235231 5303998.3078307705 1051.9357626464846
431590.9741686336 5303998.316715079 1051.9357626464846
431590.9563926614 5303998.324078128 1051.9357626464846
431590.9380426 5303998.32986388 1051.9357626464846
431590.9192581047 5303998.334028303 1051.9357626464846
431590.9001821367 5303998.336539702 1051.9357626464846
431590.8809598757 5303998.337378963 1051.9357626464846
431590.86173761473 5303998.336539702 1051.9357626464846
431590.8426616467 5303998.334028303 1051.9357626464846
431590.8238771514 5303998.32986388 1051.9357626464846
431590.8055270901 5303998.324078128 1051.9357626464846
431590.7877511178 5303998.316715079 1051.9357626464846
431590.7706845204 5303998.3078307705 1051.9357626464846
431590.7544571851 5303998.297492818 1051.9357626464846
431590.73919261165 5303998.285779899 1051.9357626464846
431590.7250069727 5303998.272781156 1051.9357626464846
431590.7120082295 5303998.258595517 1051.9357626464846
431590.70029531023 5303998.243330943 1051.9357626464846
431590.6899573576 5303998.227103608 1051.9357626464846
431590.68107304926 5303998.210037011 1051.9357626464846
431590.67371000047 5303998.192261038 1051.9357626464846
431590.6679242483 5303998.173910977 1051.9357626464846
431590.663759826 5303998.155126481 1051.9357626464846
431590.6612484272 5303998.136050514 1051.9357626464846
431590.66040916514 5303998.116828253 1051.9357626464846
431590.6612484272 5303998.097605991 1051.9357626464846
431590.663759826 5303998.078530024 1051.9357626464846
431590.6679242483 5303998.059745528 1051.9357626464846
431590.67371000047 5303998.041395467 1051.9357626464846
431590.68107304926 5303998.023619494 1051.9357626464846
431590.6899573576 5303998.006552897 1051.9357626464846
431590.70029531023 5303997.990325562 1051.9357626464846
431590.7120082295 5303997.975060988 1051.9357626464846
431590.7250069727 5303997.960875349 1051.9357626464846
431590.73919261165 5303997.947876606 1051.9357626464846
431590.7544571851 5303997.936163687 1051.9357626464846
431590.7706845204 5303997.925825735 1051.9357626464846
431590.7877511178 5303997.916941426 1051.9357626464846
431590.8055270901 5303997.909578377 1051.9357626464846
431590.8238771514 5303997.903792625 1051.9357626464846
431590.8426616467 5303997.899628202 1051.9357626464846
431590.86173761473 5303997.897116804 1051.9357626464846
431590.8809598757 5303997.896277542 1051.9357626464846
431590.9001821367 5303997.897116804 1051.9357626464846
431590.9192581047 5303997.899628202 1051.9357626464846
431590.9380426 5303997.903792625 1051.9357626464846
431590.9563926614 5303997.909578377 1051.9357626464846
431590.9741686336 5303997.916941426 1051.9357626464846
431590.991235231 5303997.925825735 1051.9357626464846
431591.0074625663 5303997.936163687 1051.9357626464846
431591.02272713976 5303997.947876606 1051.9357626464846
431591.03691277874 5303997.960875349 1051.9357626464846
431591.049911522 5303997.975060988 1051.9357626464846
431591.0616244412 5303997.990325562 1051.9357626464846
431591.0719623939 5303998.006552897 1051.9357626464846
431591.08084670216 5303998.023619494 1051.9357626464846
431591.08820975095 5303998.041395467 1051.9357626464846
431591.0939955031 5303998.059745528 1051.9357626464846
431591.09815992543 5303998.078530024 1051.9357626464846
431591.1006713242 5303998.097605991 1051.9357626464846
431636.26074387896 5303955.798991689 1046.8937704589846
431636.25952007767 5303955.827021346 1046.8937704589846
431636.2558579878 5303955.85483768 1046.8937704589846
431636.24978548 5303955.882228993 1046.8937704589846
431636.24134876975 5303955.90898682 1046.8937704589846
431636.2306120655 5303955.934907516 1046.8937704589846
431636.21765708 5303955.959793813 1046.8937704589846
431636.20258240856 5303955.983456307 1046.8937704589846
431636.1855027785 5303956.005714914 1046.8937704589846
431636.1665481762 5303956.026400233 1046.8937704589846
431636.1458628576 5303956.045354835 1046.8937704589846
431636.1236042504 5303956.062434465 1046.8937704589846
431636.09994175605 5303956.077509136 1046.8937704589846
431636.0750554605 5303956.090464122 1046.8937704589846
431636.0491347634 5303956.101200826 1046.8937704589846
431636.022376937 5303956.109637536 1046.8937704589846
431635.9949856244 5303956.115710044 1046.8937704589846
431635.9671692901 5303956.119372134 1046.8937704589846
431635.9391396332 5303956.120595935 1046.8937704589846
431635.9111099763 5303956.119372134 1046.8937704589846
431635.883293642 5303956.115710044 1046.8937704589846
431635.85590232944 5303956.109637536 1046.8937704589846
431635.829144503 5303956.101200826 1046.8937704589846
431635.8032238059 5303956.090464122 1046.8937704589846
431635.7783375104 5303956.077509136 1046.8937704589846
431635.754675016 5303956.062434465 1046.8937704589846
431635.7324164088 5303956.045354835 1046.8937704589846
431635.7117310902 5303956.026400233 1046.8937704589846
431635.6927764879 5303956.005714914 1046.8937704589846
431635.67569685786 5303955.983456307 1046.8937704589846
431635.6606221864 5303955.959793813 1046.8937704589846
431635.64766720094 5303955.934907516 1046.8937704589846
431635.6369304967 5303955.90898682 1046.8937704589846
431635.6284937864 5303955.882228993 1046.8937704589846
431635.6224212786 5303955.85483768 1046.8937704589846
431635.6187591888 5303955.827021346 1046.8937704589846
431635.61753538746 5303955.798991689 1046.8937704589846
431635.6187591888 5303955.7709620325 1046.8937704589846
431635.6224212786 5303955.743145699 1046.8937704589846
431635.6284937864 5303955.715754386 1046.8937704589846
431635.6369304967 5303955.688996559 1046.8937704589846
431635.64766720094 5303955.663075862 1046.8937704589846
431635.6606221864 5303955.638189566 1046.8937704589846
431635.67569685786 5303955.614527072 1046.8937704589846
431635.6927764879 5303955.592268465 1046.8937704589846
431635.7117310902 5303955.571583146 1046.8937704589846
431635.7324164088 5303955.552628544 1046.8937704589846
431635.754675016 5303955.535548914 1046.8937704589846
431635.7783375104 5303955.520474243 1046.8937704589846
431635.8032238059 5303955.507519257 1046.8937704589846
431635.829144503 5303955.496782553 1046.8937704589846
431635.85590232944 5303955.488345843 1046.8937704589846
431635.883293642 5303955.482273335 1046.8937704589846
431635.9111099763 5303955.478611245 1046.8937704589846
431635.9391396332 5303955.477387444 1046.8937704589846
431635.9671692901 5303955.478611245 1046.8937704589846
431635.9949856244 5303955.482273335 1046.8937704589846
431636.022376937 5303955.488345843 1046.8937704589846
431636.0491347634 5303955.496782553 1046.8937704589846
431636.0750554605 5303955.507519257 1046.8937704589846
431636.09994175605 5303955.520474243 1046.8937704589846
431636.1236042504 5303955.535548914 1046.8937704589846
431636.1458628576 5303955.552628544 1046.8937704589846
431636.1665481762 5303955.571583146 1046.8937704589846
431636.1855027785 5303955.592268465 1046.8937704589846
431636.20258240856 5303955.614527072 1046.8937704589846
431636.21765708 5303955.638189566 1046.8937704589846
431636.2306120655 5303955.663075862 1046.8937704589846
431636.24134876975 5303955.688996559 1046.8937704589846
431636.24978548 5303955.715754386 1046.8937704589846
431636.2558579878 5303955.743145699 1046.8937704589846
431636.25952007767 5303955.7709620325 1046.8937704589846
431667.34307442827 5303953.619141601 1047.3627645996096
431667.34165701095 5303953.651605794 1047.3627645996096
431667.33741554647 5303953.683822916 1047.3627645996096
431667.3303823149 5303953.715547773 1047.3627645996096
431667.3206108434 5303953.746538921 1047.3627645996096
431667.3081754988 5303953.776560498 1047.3627645996096
431667.2931709215 5303953.805384024 1047.3627645996096
431667.27571130544 5303953.832790131 1047.3627645996096
431667.25592952885 5303953.858570244 1047.3627645996096
431667.23397614295 5303953.882528161 1047.3627645996096
431667.2100182263 5303953.904481547 1047.3627645996096
431667.1842381131 5303953.924263324 1047.3627645996096
431667.1568320056 5303953.94172294 1047.3627645996096
431667.1280084808 5303953.956727517 1047.3627645996096
431667.0979869032 5303953.969162862 1047.3627645996096
431667.06699575495 5303953.978934333 1047.3627645996096
431667.0352708976 5303953.985967564 1047.3627645996096
431667.00305377634 5303953.990209029 1047.3627645996096
431666.970589583 5303953.991626446 1047.3627645996096
431666.9381253896 5303953.990209029 1047.3627645996096
431666.9059082684 5303953.985967564 1047.3627645996096
431666.874183411 5303953.978934333 1047.3627645996096
431666.8431922628 5303953.969162862 1047.3627645996096
431666.81317068514 5303953.956727517 1047.3627645996096
431666.7843471604 5303953.94172294 1047.3627645996096
431666.75694105285 5303953.924263324 1047.3627645996096
431666.7311609397 5303953.904481547 1047.3627645996096
431666.707203023 5303953.882528161 1047.3627645996096
431666.6852496371 5303953.858570244 1047.3627645996096
431666.6654678605 5303953.832790131 1047.3627645996096
431666.64800824446 5303953.805384024 1047.3627645996096
431666.6330036672 5303953.776560498 1047.3627645996096
431666.62056832254 5303953.746538921 1047.3627645996096
431666.6107968511 5303953.715547773 1047.3627645996096
431666.6037636195 5303953.683822916 1047.3627645996096
431666.599522155 5303953.651605794 1047.3627645996096
431666.5981047377 5303953.619141601 1047.3627645996096
431666.599522155 5303953.586677408 1047.3627645996096
431666.6037636195 5303953.554460286 1047.3627645996096
431666.6107968511 5303953.522735429 1047.3627645996096
431666.62056832254 5303953.491744281 1047.3627645996096
431666.6330036672 5303953.461722704 1047.3627645996096
431666.64800824446 5303953.432899178 1047.3627645996096
431666.6654678605 5303953.405493071 1047.3627645996096
431666.6852496371 5303953.379712958 1047.3627645996096
431666.707203023 5303953.355755041 1047.3627645996096
431666.7311609397 5303953.333801655 1047.3627645996096
431666.75694105285 5303953.314019878 1047.3627645996096
431666.7843471604 5303953.296560262 1047.3627645996096
431666.81317068514 5303953.281555685 1047.3627645996096
431666.8431922628 5303953.26912034 1047.3627645996096
431666.874183411 5303953.259348869 1047.3627645996096
431666.9059082684 5303953.252315638 1047.3627645996096
431666.9381253896 5303953.248074173 1047.3627645996096
431666.970589583 5303953.246656756 1047.3627645996096
431667.00305377634 5303953.248074173 1047.3627645996096
431667.0352708976 5303953.252315638 1047.3627645996096
431667.06699575495 5303953.259348869 1047.3627645996096
431667.0979869032 5303953.26912034 1047.3627645996096
431667.1280084808 5303953.281555685 1047.3627645996096
431667.1568320056 5303953.296560262 1047.3627645996096
431667.1842381131 5303953.314019878 1047.3627645996096
431667.2100182263 5303953.333801655 1047.3627645996096
431667.23397614295 5303953.355755041 1047.3627645996096
431667.25592952885 5303953.379712958 1047.3627645996096
431667.27571130544 5303953.405493071 1047.3627645996096
431667.2931709215 5303953.432899178 1047.3627645996096
431667.3081754988 5303953.461722704 1047.3627645996096
431667.3206108434 5303953.491744281 1047.3627645996096
431667.3303823149 5303953.522735429 1047.3627645996096
431667.33741554647 5303953.554460286 1047.3627645996096
431667.34165701095 5303953.586677408 1047.3627645996096
431671.9387979765 5303981.989827943 1047.3757650878908
431671.9378664543 5303982.01116331 1047.3757650878908
431671.935078977 5303982.032336302 1047.3757650878908
431671.9304567591 5303982.05318578 1047.3757650878908
431671.9240349784 5303982.073553066 1047.3757650878908
431671.91586250864 5303982.093283153 1047.3757650878908
431671.9060015472 5303982.112225884 1047.3757650878908
431671.8945271418 5303982.130237092 1047.3757650878908
431671.88152661984 5303982.147179702 1047.3757650878908
431671.8670989229 5303982.16292477 1047.3757650878908
431671.8513538546 5303982.177352468 1047.3757650878908
431671.8344112445 5303982.190352989 1047.3757650878908
431671.8164000359 5303982.201827395 1047.3757650878908
431671.79745730513 5303982.2116883565 1047.3757650878908
431671.7777272177 5303982.219860826 1047.3757650878908
431671.7573599316 5303982.226282607 1047.3757650878908
431671.7365104541 5303982.230904825 1047.3757650878908
431671.7153374622 5303982.233692302 1047.3757650878908
431671.6940020954 5303982.234623824 1047.3757650878908
431671.67266672855 5303982.233692302 1047.3757650878908
431671.6514937367 5303982.230904825 1047.3757650878908
431671.6306442592 5303982.226282607 1047.3757650878908
431671.61027697305 5303982.219860826 1047.3757650878908
431671.5905468856 5303982.2116883565 1047.3757650878908
431671.5716041548 5303982.201827395 1047.3757650878908
431671.5535929463 5303982.190352989 1047.3757650878908
431671.5366503361 5303982.177352468 1047.3757650878908
431671.5209052679 5303982.16292477 1047.3757650878908
431671.5064775709 5303982.147179702 1047.3757650878908
431671.4934770489 5303982.130237092 1047.3757650878908
431671.4820026436 5303982.112225884 1047.3757650878908
431671.4721416821 5303982.093283153 1047.3757650878908
431671.4639692123 5303982.073553066 1047.3757650878908
431671.4575474317 5303982.05318578 1047.3757650878908
431671.4529252137 5303982.032336302 1047.3757650878908
431671.4501377365 5303982.01116331 1047.3757650878908
431671.4492062143 5303981.989827943 1047.3757650878908
431671.4501377365 5303981.968492576 1047.3757650878908
431671.4529252137 5303981.947319584 1047.3757650878908
431671.4575474317 5303981.9264701065 1047.3757650878908
431671.4639692123 5303981.90610282 1047.3757650878908
431671.4721416821 5303981.886372733 1047.3757650878908
431671.4820026436 5303981.867430002 1047.3757650878908
431671.4934770489 5303981.849418794 1047.3757650878908
431671.5064775709 5303981.832476184 1047.3757650878908
431671.5209052679 5303981.816731116 1047.3757650878908
431671.5366503361 5303981.8023034185 1047.3757650878908
431671.5535929463 5303981.789302897 1047.3757650878908
431671.5716041548 5303981.777828491 1047.3757650878908
431671.5905468856 5303981.76796753 1047.3757650878908
431671.61027697305 5303981.75979506 1047.3757650878908
431671.6306442592 5303981.753373279 1047.3757650878908
431671.6514937367 5303981.748751061 1047.3757650878908
431671.67266672855 5303981.745963584 1047.3757650878908
431671.6940020954 5303981.745032062 1047.3757650878908
431671.7153374622 5303981.745963584 1047.3757650878908
431671.7365104541 5303981.748751061 1047.3757650878908
431671.7573599316 5303981.753373279 1047.3757650878908
431671.7777272177 5303981.75979506 1047.3757650878908
431671.79745730513 5303981.76796753 1047.3757650878908
431671.8164000359 5303981.777828491 1047.3757650878908
431671.8344112445 5303981.789302897 1047.3757650878908
431671.8513538546 5303981.8023034185 1047.3757650878908
431671.8670989229 5303981.816731116 1047.3757650878908
431671.88152661984 5303981.832476184 1047.3757650878908
431671.8945271418 5303981.849418794 1047.3757650878908
431671.9060015472 5303981.867430002 1047.3757650878908
431671.91586250864 5303981.886372733 1047.3757650878908
431671.9240349784 5303981.90610282 1047.3757650878908
431671.9304567591 5303981.9264701065 1047.3757650878908
431671.935078977 5303981.947319584 1047.3757650878908
431671.9378664543 5303981.968492576 1047.3757650878908
431575.0628719452 5304020.915084501 1055.149751904297
431575.0614264301 5304020.948192238 1055.149751904297
431575.0571008863 5304020.981048005 1055.149751904297
431575.0499282337 5304021.013401751 1055.149751904297
431575.0399630605 5304021.045007242 1055.149751904297
431575.0272812078 5304021.075623943 1055.149751904297
431575.011979192 5304021.105018841 1055.149751904297
431574.9941734708 5304021.1329682255 1055.149751904297
431574.9739995563 5304021.159259383 1055.149751904297
431574.95161098446 5304021.183692221 1055.149751904297
431574.9271781456 5304021.2060807925 1055.149751904297
431574.9008869885 5304021.226254707 1055.149751904297
431574.8729376047 5304021.244060429 1055.149751904297
431574.8435427059 5304021.259362444 1055.149751904297
431574.8129260049 5304021.272044297 1055.149751904297
431574.7813205135 5304021.28200947 1055.149751904297
431574.7489667685 5304021.289182123 1055.149751904297
431574.71611100127 5304021.293507666 1055.149751904297
431574.68300326425 5304021.294953181 1055.149751904297
431574.6498955272 5304021.293507666 1055.149751904297
431574.6170397601 5304021.289182123 1055.149751904297
431574.584686015 5304021.28200947 1055.149751904297
431574.5530805236 5304021.272044297 1055.149751904297
431574.5224638226 5304021.259362444 1055.149751904297
431574.4930689238 5304021.244060429 1055.149751904297
431574.46511954 5304021.226254707 1055.149751904297
431574.4388283829 5304021.2060807925 1055.149751904297
431574.414395544 5304021.183692221 1055.149751904297
431574.39200697216 5304021.159259383 1055.149751904297
431574.3718330577 5304021.1329682255 1055.149751904297
431574.3540273365 5304021.105018841 1055.149751904297
431574.3387253207 5304021.075623943 1055.149751904297
431574.326043468 5304021.045007242 1055.149751904297
431574.3160782948 5304021.013401751 1055.149751904297
431574.3089056422 5304020.981048005 1055.149751904297
431574.3045800984 5304020.948192238 1055.149751904297
431574.30313458334 5304020.915084501 1055.149751904297
431574.3045800984 5304020.881976764 1055.149751904297
431574.3089056422 5304020.849120997 1055.149751904297
431574.3160782948 5304020.816767251 1055.149751904297
431574.326043468 5304020.78516176 1055.149751904297
431574.3387253207 5304020.754545059 1055.149751904297
431574.3540273365 5304020.7251501605 1055.149751904297
431574.3718330577 5304020.697200776 1055.149751904297
431574.39200697216 5304020.670909619 1055.149751904297
431574.414395544 5304020.646476781 1055.149751904297
431574.4388283829 5304020.624088209 1055.149751904297
431574.46511954 5304020.603914294 1055.149751904297
431574.4930689238 5304020.586108573 1055.149751904297
431574.5224638226 5304020.570806557 1055.149751904297
431574.5530805236 5304020.558124704 1055.149751904297
431574.584686015 5304020.548159531 1055.149751904297
431574.6170397601 5304020.540986879 1055.149751904297
431574.6498955272 5304020.536661335 1055.149751904297
431574.68300326425 5304020.53521582 1055.149751904297
431574.71611100127 5304020.536661335 1055.149751904297
431574.7489667685 5304020.540986879 1055.149751904297
431574.7813205135 5304020.548159531 1055.149751904297
431574.8129260049 5304020.558124704 1055.149751904297
431574.8435427059 5304020.570806557 1055.149751904297
431574.8729376047 5304020.586108573 1055.149751904297
431574.9008869885 5304020.603914294 1055.149751904297
431574.9271781456 5304020.624088209 1055.149751904297
431574.95161098446 5304020.646476781 1055.149751904297
431574.9739995563 5304020.670909619 1055.149751904297
431574.9941734708 5304020.697200776 1055.149751904297
431575.011979192 5304020.7251501605 1055.149751904297
431575.0272812078 5304020.754545059 1055.149751904297
431575.0399630605 5304020.78516176 1055.149751904297
431575.0499282337 5304020.816767251 1055.149751904297
431575.0571008863 5304020.849120997 1055.149751904297
431575.0614264301 5304020.881976764 1055.149751904297
431650.0515930441 5303995.927710128 1049.5537436035158
431650.0507455998 5303995.947119795 1049.5537436035158
431650.04820971633 5303995.966381742 1049.5537436035158
431650.0440046933 5303995.985349375 1049.5537436035158
431650.0381625336 5303996.003878338 1049.5537436035158
431650.0307276995 5303996.021827616 1049.5537436035158
431650.0217567746 5303996.039060602 1049.5537436035158
431650.011318033 5303996.055446144 1049.5537436035158
431649.9994909198 5303996.070859538 1049.5537436035158
431649.98636544665 5303996.085183479 1049.5537436035158
431649.9720415062 5303996.098308952 1049.5537436035158
431649.9566281123 5303996.110136065 1049.5537436035158
431649.9402425702 5303996.120574807 1049.5537436035158
431649.92300958367 5303996.129545732 1049.5537436035158
431649.9050603063 5303996.136980565 1049.5537436035158
431649.88653134287 5303996.142822725 1049.5537436035158
431649.86756371 5303996.147027749 1049.5537436035158
431649.8483017627 5303996.149563632 1049.5537436035158
431649.8288920962 5303996.150411076 1049.5537436035158
431649.8094824296 5303996.149563632 1049.5537436035158
431649.7902204824 5303996.147027749 1049.5537436035158
431649.7712528495 5303996.142822725 1049.5537436035158
431649.7527238861 5303996.136980565 1049.5537436035158
431649.7347746087 5303996.129545732 1049.5537436035158
431649.7175416222 5303996.120574807 1049.5537436035158
431649.70115608006 5303996.110136065 1049.5537436035158
431649.68574268615 5303996.098308952 1049.5537436035158
431649.6714187457 5303996.085183479 1049.5537436035158
431649.6582932725 5303996.070859538 1049.5537436035158
431649.6464661594 5303996.055446144 1049.5537436035158
431649.6360274178 5303996.039060602 1049.5537436035158
431649.6270564928 5303996.021827616 1049.5537436035158
431649.6196216588 5303996.003878338 1049.5537436035158
431649.613779499 5303995.985349375 1049.5537436035158
431649.609574476 5303995.966381742 1049.5537436035158
431649.60703859257 5303995.947119795 1049.5537436035158
431649.6061911482 5303995.927710128 1049.5537436035158
431649.60703859257 5303995.908300461 1049.5537436035158
431649.609574476 5303995.889038514 1049.5537436035158
431649.613779499 5303995.870070881 1049.5537436035158
431649.6196216588 5303995.851541918 1049.5537436035158
431649.6270564928 5303995.83359264 1049.5537436035158
431649.6360274178 5303995.816359654 1049.5537436035158
431649.6464661594 5303995.799974112 1049.5537436035158
431649.6582932725 5303995.784560718 1049.5537436035158
431649.6714187457 5303995.770236777 1049.5537436035158
431649.68574268615 5303995.757111304 1049.5537436035158
431649.70115608006 5303995.745284191 1049.5537436035158
431649.7175416222 5303995.734845449 1049.5537436035158
431649.7347746087 5303995.725874525 1049.5537436035158
431649.7527238861 5303995.718439691 1049.5537436035158
431649.7712528495 5303995.712597531 1049.5537436035158
431649.7902204824 5303995.708392507 1049.5537436035158
431649.8094824296 5303995.705856624 1049.5537436035158
431649.8288920962 5303995.70500918 1049.5537436035158
431649.8483017627 5303995.705856624 1049.5537436035158
431649.86756371 5303995.708392507 1049.5537436035158
431649.88653134287 5303995.712597531 1049.5537436035158
431649.9050603063 5303995.718439691 1049.5537436035158
431649.92300958367 5303995.725874525 1049.5537436035158
431649.9402425702 5303995.734845449 1049.5537436035158
431649.9566281123 5303995.745284191 1049.5537436035158
431649.9720415062 5303995.757111304 1049.5537436035158
431649.98636544665 5303995.770236777 1049.5537436035158
431649.9994909198 5303995.784560718 1049.5537436035158
431650.011318033 5303995.799974112 1049.5537436035158
431650.0217567746 5303995.816359654 1049.5537436035158
431650.0307276995 5303995.83359264 1049.5537436035158
431650.0381625336 5303995.851541918 1049.5537436035158
431650.0440046933 5303995.870070881 1049.5537436035158
431650.04820971633 5303995.889038514 1049.5537436035158
431650.0507455998 5303995.908300461 1049.5537436035158
431709.5671447399 5304004.245707077 1051.533785107422
431709.5655686435 5304004.281805619 1051.533785107422
431709.5608523495 5304004.317629428 1051.533785107422
431709.5530317517 5304004.352905865 1051.533785107422
431709.5421663695 5304004.387366455 1051.533785107422
431709.5283388951 5304004.420748931 1051.533785107422
431709.511654564 5304004.452799233 1051.533785107422
431709.4922403538 5304004.483273438 1051.533785107422
431709.47024401854 5304004.511939621 1051.533785107422
431709.4458329636 5304004.538579613 1051.533785107422
431709.4191929718 5304004.562990667 1051.533785107422
431709.3905267896 5304004.584987002 1051.533785107422
431709.3600525839 5304004.604401213 1051.533785107422
431709.3280022819 5304004.621085544 1051.533785107422
431709.2946198057 5304004.634913019 1051.533785107422
431709.26015921606 5304004.645778401 1051.533785107422
431709.2248827789 5304004.653598999 1051.533785107422
431709.18905896926 5304004.658315293 1051.533785107422
431709.1529604279 5304004.659891389 1051.533785107422
431709.1168618866 5304004.658315293 1051.533785107422
431709.08103807695 5304004.653598999 1051.533785107422
431709.0457616398 5304004.645778401 1051.533785107422
431709.0113010502 5304004.634913019 1051.533785107422
431708.977918574 5304004.621085544 1051.533785107422
431708.9458682719 5304004.604401213 1051.533785107422
431708.9153940663 5304004.584987002 1051.533785107422
431708.88672788406 5304004.562990667 1051.533785107422
431708.8600878923 5304004.538579613 1051.533785107422
431708.8356768373 5304004.511939621 1051.533785107422
431708.81368050206 5304004.483273438 1051.533785107422
431708.7942662919 5304004.452799233 1051.533785107422
431708.7775819607 5304004.420748931 1051.533785107422
431708.7637544864 5304004.387366455 1051.533785107422
431708.7528891041 5304004.352905865 1051.533785107422
431708.7450685064 5304004.317629428 1051.533785107422
431708.74035221233 5304004.281805619 1051.533785107422
431708.738776116 5304004.245707077 1051.533785107422
431708.74035221233 5304004.209608535 1051.533785107422
431708.7450685064 5304004.173784726 1051.533785107422
431708.7528891041 5304004.138508289 1051.533785107422
431708.7637544864 5304004.104047699 1051.533785107422
431708.7775819607 5304004.070665223 1051.533785107422
431708.7942662919 5304004.038614921 1051.533785107422
431708.81368050206 5304004.008140716 1051.533785107422
431708.8356768373 5304003.979474533 1051.533785107422
431708.8600878923 5304003.952834541 1051.533785107422
431708.88672788406 5304003.928423487 1051.533785107422
431708.9153940663 5304003.906427152 1051.533785107422
431708.9458682719 5304003.887012941 1051.533785107422
431708.977918574 5304003.87032861 1051.533785107422
431709.0113010502 5304003.856501135 1051.533785107422
431709.0457616398 5304003.845635753 1051.533785107422
431709.08103807695 5304003.837815155 1051.533785107422
431709.1168618866 5304003.833098861 1051.533785107422
431709.1529604279 5304003.831522765 1051.533785107422
431709.18905896926 5304003.833098861 1051.533785107422
431709.2248827789 5304003.837815155 1051.533785107422
431709.26015921606 5304003.845635753 1051.533785107422
431709.2946198057 5304003.856501135 1051.533785107422
431709.3280022819 5304003.87032861 1051.533785107422
431709.3600525839 5304003.887012941 1051.533785107422
431709.3905267896 5304003.906427152 1051.533785107422
431709.4191929718 5304003.928423487 1051.533785107422
431709.4458329636 5304003.952834541 1051.533785107422
431709.47024401854 5304003.979474533 1051.533785107422
431709.4922403538 5304004.008140716 1051.533785107422
431709.511654564 5304004.038614921 1051.533785107422
431709.5283388951 5304004.070665223 1051.533785107422
431709.5421663695 5304004.104047699 1051.533785107422
431709.5530317517 5304004.138508289 1051.533785107422
431709.5608523495 5304004.173784726 1051.533785107422
431709.5655686435 5304004.209608535 1051.533785107422
431691.1475986178 5304014.978779127 1053.4577963378908
431691.1468606648 5304014.995681032 1053.4577963378908
431691.14465242176 5304015.012454302 1053.4577963378908
431691.140990695 5304015.028971284 1053.4577963378908
431691.1359033524 5304015.045106273 1053.4577963378908
431691.1294291116 5304015.060736474 1053.4577963378908
431691.1216172456 5304015.075742928 1053.4577963378908
431691.1125272073 5304015.09001143 1053.4577963378908
431691.1022281775 5304015.103433387 1053.4577963378908
431691.090798538 5304015.11590665 1053.4577963378908
431691.0783252752 5304015.12733629 1053.4577963378908
431691.06490331824 5304015.13763532 1053.4577963378908
431691.0506348164 5304015.1467253575 1053.4577963378908
431691.0356283613 5304015.154537223 1053.4577963378908
431691.0199981614 5304015.161011464 1053.4577963378908
431691.0038631719 5304015.166098807 1053.4577963378908
431690.9873461897 5304015.169760534 1053.4577963378908
431690.9705729191 5304015.171968777 1053.4577963378908
431690.9536710148 5304015.17270673 1053.4577963378908
431690.9367691105 5304015.171968777 1053.4577963378908
431690.91999584 5304015.169760534 1053.4577963378908
431690.90347885777 5304015.166098807 1053.4577963378908
431690.8873438682 5304015.161011464 1053.4577963378908
431690.87171366834 5304015.154537223 1053.4577963378908
431690.8567072133 5304015.1467253575 1053.4577963378908
431690.8424387114 5304015.13763532 1053.4577963378908
431690.8290167544 5304015.12733629 1053.4577963378908
431690.8165434917 5304015.11590665 1053.4577963378908
431690.80511385214 5304015.103433387 1053.4577963378908
431690.7948148223 5304015.09001143 1053.4577963378908
431690.7857247841 5304015.075742928 1053.4577963378908
431690.77791291807 5304015.060736474 1053.4577963378908
431690.7714386773 5304015.045106273 1053.4577963378908
431690.7663513346 5304015.028971284 1053.4577963378908
431690.7626896079 5304015.012454302 1053.4577963378908
431690.7604813649 5304014.995681032 1053.4577963378908
431690.7597434118 5304014.978779127 1053.4577963378908
431690.7604813649 5304014.961877222 1053.4577963378908
431690.7626896079 5304014.945103952 1053.4577963378908
431690.7663513346 5304014.92858697 1053.4577963378908
431690.7714386773 5304014.912451981 1053.4577963378908
431690.77791291807 5304014.89682178 1053.4577963378908
431690.7857247841 5304014.8818153255 1053.4577963378908
431690.7948148223 5304014.867546824 1053.4577963378908
431690.80511385214 5304014.854124866 1053.4577963378908
431690.8165434917 5304014.841651604 1053.4577963378908
431690.8290167544 5304014.830221964 1053.4577963378908
431690.8424387114 5304014.819922934 1053.4577963378908
431690.8567072133 5304014.810832896 1053.4577963378908
431690.87171366834 5304014.803021031 1053.4577963378908
431690.8873438682 5304014.79654679 1053.4577963378908
431690.90347885777 5304014.791459447 1053.4577963378908
431690.91999584 5304014.78779772 1053.4577963378908
431690.9367691105 5304014.785589477 1053.4577963378908
431690.9536710148 5304014.784851524 1053.4577963378908
431690.9705729191 5304014.785589477 1053.4577963378908
431690.9873461897 5304014.78779772 1053.4577963378908
431691.0038631719 5304014.791459447 1053.4577963378908
431691.0199981614 5304014.79654679 1053.4577963378908
431691.0356283613 5304014.803021031 1053.4577963378908
431691.0506348164 5304014.810832896 1053.4577963378908
431691.06490331824 5304014.819922934 1053.4577963378908
431691.0783252752 5304014.830221964 1053.4577963378908
431691.090798538 5304014.841651604 1053.4577963378908
431691.1022281775 5304014.854124866 1053.4577963378908
431691.1125272073 5304014.867546824 1053.4577963378908
431691.1216172456 5304014.8818153255 1053.4577963378908
431691.1294291116 5304014.89682178 1053.4577963378908
431691.1359033524 5304014.912451981 1053.4577963378908
431691.140990695 5304014.92858697 1053.4577963378908
431691.14465242176 5304014.945103952 1053.4577963378908
431691.1468606648 5304014.961877222 1053.4577963378908
431579.6756534765 5304034.245257716 1056.7597982910158
431579.67341845314 5304034.296448167 1056.7597982910158
431579.66673039296 5304034.347249027 1056.7597982910158
431579.6556401961 5304034.397273672 1056.7597982910158
431579.64023226575 5304034.446141385 1056.7597982910158
431579.6206238655 5304034.49348025 1056.7597982910158
431579.59696422704 5304034.538929992 1056.7597982910158
431579.5694334146 5304034.582144712 1056.7597982910158
431579.5382409544 5304034.622795518 1056.7597982910158
431579.5036242396 5304034.660573033 1056.7597982910158
431579.4658467245 5304034.695189747 1056.7597982910158
431579.4251959188 5304034.726382207 1056.7597982910158
431579.3819811996 5304034.75391302 1056.7597982910158
431579.3365314571 5304034.777572658 1056.7597982910158
431579.2891925912 5304034.797181059 1056.7597982910158
431579.2403248793 5304034.812588989 1056.7597982910158
431579.1903002342 5304034.8236791855 1056.7597982910158
431579.1394993736 5304034.830367246 1056.7597982910158
431579.0883089228 5304034.832602269 1056.7597982910158
431579.0371184719 5304034.830367246 1056.7597982910158
431578.98631761136 5304034.8236791855 1056.7597982910158
431578.9362929663 5304034.812588989 1056.7597982910158
431578.88742525433 5304034.797181059 1056.7597982910158
431578.84008638846 5304034.777572658 1056.7597982910158
431578.79463664594 5304034.75391302 1056.7597982910158
431578.7514219268 5304034.726382207 1056.7597982910158
431578.710771121 5304034.695189747 1056.7597982910158
431578.672993606 5304034.660573033 1056.7597982910158
431578.6383768912 5304034.622795518 1056.7597982910158
431578.6071844309 5304034.582144712 1056.7597982910158
431578.5796536185 5304034.538929992 1056.7597982910158
431578.5559939801 5304034.49348025 1056.7597982910158
431578.5363855798 5304034.446141385 1056.7597982910158
431578.52097764943 5304034.397273672 1056.7597982910158
431578.5098874526 5304034.347249027 1056.7597982910158
431578.5031993924 5304034.296448167 1056.7597982910158
431578.5009643691 5304034.245257716 1056.7597982910158
431578.5031993924 5304034.194067265 1056.7597982910158
431578.5098874526 5304034.143266404 1056.7597982910158
431578.52097764943 5304034.09324176 1056.7597982910158
431578.5363855798 5304034.044374047 1056.7597982910158
431578.5559939801 5304033.997035181 1056.7597982910158
431578.5796536185 5304033.951585439 1056.7597982910158
431578.6071844309 5304033.908370719 1056.7597982910158
431578.6383768912 5304033.867719914 1056.7597982910158
431578.672993606 5304033.829942399 1056.7597982910158
431578.710771121 5304033.795325684 1056.7597982910158
431578.7514219268 5304033.764133224 1056.7597982910158
431578.79463664594 5304033.736602412 1056.7597982910158
431578.84008638846 5304033.7129427735 1056.7597982910158
431578.88742525433 5304033.693334373 1056.7597982910158
431578.9362929663 5304033.677926443 1056.7597982910158
431578.98631761136 5304033.666836246 1056.7597982910158
431579.0371184719 5304033.660148186 1056.7597982910158
431579.0883089228 5304033.657913162 1056.7597982910158
431579.1394993736 5304033.660148186 1056.7597982910158
431579.1903002342 5304033.666836246 1056.7597982910158
431579.2403248793 5304033.677926443 1056.7597982910158
431579.2891925912 5304033.693334373 1056.7597982910158
431579.3365314571 5304033.7129427735 1056.7597982910158
431579.3819811996 5304033.736602412 1056.7597982910158
431579.4251959188 5304033.764133224 1056.7597982910158
431579.4658467245 5304033.795325684 1056.7597982910158
431579.5036242396 5304033.829942399 1056.7597982910158
431579.5382409544 5304033.867719914 1056.7597982910158
431579.5694334146 5304033.908370719 1056.7597982910158
431579.59696422704 5304033.951585439 1056.7597982910158
431579.6206238655 5304033.997035181 1056.7597982910158
431579.64023226575 5304034.044374047 1056.7597982910158
431579.6556401961 5304034.09324176 1056.7597982910158
431579.66673039296 5304034.143266404 1056.7597982910158
431579.67341845314 5304034.194067265 1056.7597982910158
431709.6666919324 5303961.363662813 1046.867769482422
431709.66540367337 5303961.393168797 1046.867769482422
431709.6615487005 5303961.422450223 1046.867769482422
431709.65515635256 5303961.451284241 1046.867769482422
431709.6462752792 5303961.479451408 1046.867769482422
431709.6349730706 5303961.506737352 1046.867769482422
431709.6213357437 5303961.532934414 1046.867769482422
431709.6054670864 5303961.557843217 1046.867769482422
431709.587487869 5303961.581274189 1046.867769482422
431709.5675349242 5303961.603049007 1046.867769482422
431709.545760106 5303961.623001952 1046.867769482422
431709.5223291336 5303961.640981169 1046.867769482422
431709.4974203313 5303961.656849827 1046.867769482422
431709.4712232698 5303961.670487153 1046.867769482422
431709.4439373248 5303961.681789362 1046.867769482422
431709.4157701585 5303961.690670435 1046.867769482422
431709.3869361403 5303961.697062783 1046.867769482422
431709.3576547144 5303961.700917756 1046.867769482422
431709.32814873016 5303961.702206016 1046.867769482422
431709.2986427459 5303961.700917756 1046.867769482422
431709.26936132 5303961.697062783 1046.867769482422
431709.2405273018 5303961.690670435 1046.867769482422
431709.2123601356 5303961.681789362 1046.867769482422
431709.1850741905 5303961.670487153 1046.867769482422
431709.158877129 5303961.656849827 1046.867769482422
431709.1339683266 5303961.640981169 1046.867769482422
431709.1105373544 5303961.623001952 1046.867769482422
431709.0887625361 5303961.603049007 1046.867769482422
431709.0688095913 5303961.581274189 1046.867769482422
431709.050830374 5303961.557843217 1046.867769482422
431709.0349617167 5303961.532934414 1046.867769482422
431709.0213243897 5303961.506737352 1046.867769482422
431709.01002218114 5303961.479451408 1046.867769482422
431709.00114110776 5303961.451284241 1046.867769482422
431708.99474875984 5303961.422450223 1046.867769482422
431708.99089378695 5303961.393168797 1046.867769482422
431708.9896055279 5303961.363662813 1046.867769482422
431708.99089378695 5303961.334156829 1046.867769482422
431708.99474875984 5303961.304875403 1046.867769482422
431709.00114110776 5303961.276041385 1046.867769482422
431709.01002218114 5303961.247874218 1046.867769482422
431709.0213243897 5303961.220588273 1046.867769482422
431709.0349617167 5303961.194391212 1046.867769482422
431709.050830374 5303961.169482409 1046.867769482422
431709.0688095913 5303961.146051437 1046.867769482422
431709.0887625361 5303961.1242766185 1046.867769482422
431709.1105373544 5303961.104323674 1046.867769482422
431709.1339683266 5303961.086344456 1046.867769482422
431709.158877129 5303961.070475799 1046.867769482422
431709.1850741905 5303961.056838472 1046.867769482422
431709.2123601356 5303961.045536264 1046.867769482422
431709.2405273018 5303961.03665519 1046.867769482422
431709.26936132 5303961.030262843 1046.867769482422
431709.2986427459 5303961.0264078695 1046.867769482422
431709.32814873016 5303961.02511961 1046.867769482422
431709.3576547144 5303961.0264078695 1046.867769482422
431709.3869361403 5303961.030262843 1046.867769482422
431709.4157701585 5303961.03665519 1046.867769482422
431709.4439373248 5303961.045536264 1046.867769482422
431709.4712232698 5303961.056838472 1046.867769482422
431709.4974203313 5303961.070475799 1046.867769482422
431709.5223291336 5303961.086344456 1046.867769482422
431709.545760106 5303961.104323674 1046.867769482422
431709.5675349242 5303961.1242766185 1046.867769482422
431709.587487869 5303961.146051437 1046.867769482422
431709.6054670864 5303961.169482409 1046.867769482422
431709.6213357437 5303961.194391212 1046.867769482422
431709.6349730706 5303961.220588273 1046.867769482422
431709.6462752792 5303961.247874218 1046.867769482422
431709.65515635256 5303961.276041385 1046.867769482422
431709.6615487005 5303961.304875403 1046.867769482422
431709.66540367337 5303961.334156829 1046.867769482422
431609.5520152869 5304022.887050862 1053.283785107422
431609.55171309295 5304022.893972242 1053.283785107422
431609.550808811 5304022.900840946 1053.283785107422
431609.5493093231 5304022.907604699 1053.283785107422
431609.54722604126 5304022.914212025 1053.283785107422
431609.54457482055 5304022.920612638 1053.283785107422
431609.5413758384 5304022.926757825 1053.283785107422
431609.5376534409 5304022.932600819 1053.283785107422
431609.53343595786 5304022.938097149 1053.283785107422
431609.5287554868 5304022.943204988 1053.283785107422
431609.5236476489 5304022.947885458 1053.283785107422
431609.518151318 5304022.952102941 1053.283785107422
431609.5123083244 5304022.955825339 1053.283785107422
431609.5061631368 5304022.959024321 1053.283785107422
431609.4997625239 5304022.9616755415 1053.283785107422
431609.49315519806 5304022.963758823 1053.283785107422
431609.4863914452 5304022.965258312 1053.283785107422
431609.4795227415 5304022.966162594 1053.283785107422
431609.4726013618 5304022.966464788 1053.283785107422
431609.46567998215 5304022.966162594 1053.283785107422
431609.4588112784 5304022.965258312 1053.283785107422
431609.4520475256 5304022.963758823 1053.283785107422
431609.44544019975 5304022.9616755415 1053.283785107422
431609.4390395868 5304022.959024321 1053.283785107422
431609.4328943992 5304022.955825339 1053.283785107422
431609.42705140566 5304022.952102941 1053.283785107422
431609.4215550747 5304022.947885458 1053.283785107422
431609.4164472368 5304022.943204988 1053.283785107422
431609.41176676576 5304022.938097149 1053.283785107422
431609.4075492827 5304022.932600819 1053.283785107422
431609.4038268852 5304022.926757825 1053.283785107422
431609.4006279031 5304022.920612638 1053.283785107422
431609.3979766824 5304022.914212025 1053.283785107422
431609.3958934005 5304022.907604699 1053.283785107422
431609.39439391263 5304022.900840946 1053.283785107422
431609.39348963066 5304022.893972242 1053.283785107422
431609.3931874367 5304022.887050862 1053.283785107422
431609.39348963066 5304022.880129483 1053.283785107422
431609.39439391263 5304022.873260779 1053.283785107422
431609.3958934005 5304022.866497026 1053.283785107422
431609.3979766824 5304022.8598897 1053.283785107422
431609.4006279031 5304022.853489087 1053.283785107422
431609.4038268852 5304022.8473439 1053.283785107422
431609.4075492827 5304022.841500906 1053.283785107422
431609.41176676576 5304022.836004576 1053.283785107422
431609.4164472368 5304022.830896737 1053.283785107422
431609.4215550747 5304022.8262162665 1053.283785107422
431609.42705140566 5304022.821998783 1053.283785107422
431609.4328943992 5304022.818276386 1053.283785107422
431609.4390395868 5304022.815077404 1053.283785107422
431609.44544019975 5304022.812426183 1053.283785107422
431609.4520475256 5304022.810342901 1053.283785107422
431609.4588112784 5304022.808843413 1053.283785107422
431609.46567998215 5304022.807939131 1053.283785107422
431609.4726013618 5304022.807636937 1053.283785107422
431609.4795227415 5304022.807939131 1053.283785107422
431609.4863914452 5304022.808843413 1053.283785107422
431609.49315519806 5304022.810342901 1053.283785107422
431609.4997625239 5304022.812426183 1053.283785107422
431609.5061631368 5304022.815077404 1053.283785107422
431609.5123083244 5304022.818276386 1053.283785107422
431609.518151318 5304022.821998783 1053.283785107422
431609.5236476489 5304022.8262162665 1053.283785107422
431609.5287554868 5304022.830896737 1053.283785107422
431609.53343595786 5304022.836004576 1053.283785107422
431609.5376534409 5304022.841500906 1053.283785107422
431609.5413758384 5304022.8473439 1053.283785107422
431609.54457482055 5304022.853489087 1053.283785107422
431609.54722604126 5304022.8598897 1053.283785107422
431609.5493093231 5304022.866497026 1053.283785107422
431609.550808811 5304022.873260779 1053.283785107422
431609.55171309295 5304022.880129483 1053.283785107422
431615.93596788106 5304050.225736943 1056.150789501953
431615.9347686127 5304050.253204704 1056.150789501953
431615.9311799348 5304050.28046342 1056.150789501953
431615.9252291592 5304050.307305633 1056.150789501953
431615.9169615752 5304050.33352706 1056.150789501953
431615.90644010383 5304050.358928138 1056.150789501953
431615.89374482 5304050.383315552 1056.150789501953
431615.8789723424 5304050.406503697 1056.150789501953
431615.8622350986 5304050.428316098 1056.150789501953
431615.843660469 5304050.448586749 1056.150789501953
431615.8233898178 5304050.467161379 1056.150789501953
431615.801577417 5304050.483898623 1056.150789501953
431615.778389272 5304050.4986711005 1056.150789501953
431615.7540018586 5304050.511366384 1056.150789501953
431615.7286007799 5304050.521887856 1056.150789501953
431615.7023793532 5304050.530155439 1056.150789501953
431615.6755371396 5304050.536106215 1056.150789501953
431615.6482784244 5304050.539694893 1056.150789501953
431615.620810663 5304050.540894161 1056.150789501953
431615.5933429016 5304050.539694893 1056.150789501953
431615.5660841864 5304050.536106215 1056.150789501953
431615.5392419727 5304050.530155439 1056.150789501953
431615.51302054606 5304050.521887856 1056.150789501953
431615.4876194673 5304050.511366384 1056.150789501953
431615.463232054 5304050.4986711005 1056.150789501953
431615.44004390895 5304050.483898623 1056.150789501953
431615.4182315081 5304050.467161379 1056.150789501953
431615.39796085696 5304050.448586749 1056.150789501953
431615.37938622735 5304050.428316098 1056.150789501953
431615.36264898354 5304050.406503697 1056.150789501953
431615.3478765059 5304050.383315552 1056.150789501953
431615.3351812221 5304050.358928138 1056.150789501953
431615.3246597508 5304050.33352706 1056.150789501953
431615.3163921667 5304050.307305633 1056.150789501953
431615.3104413912 5304050.28046342 1056.150789501953
431615.3068527133 5304050.253204704 1056.150789501953
431615.3056534449 5304050.225736943 1056.150789501953
431615.3068527133 5304050.198269182 1056.150789501953
431615.3104413912 5304050.171010466 1056.150789501953
431615.3163921667 5304050.144168253 1056.150789501953
431615.3246597508 5304050.117946826 1056.150789501953
431615.3351812221 5304050.092545748 1056.150789501953
431615.3478765059 5304050.068158334 1056.150789501953
431615.36264898354 5304050.044970189 1056.150789501953
431615.37938622735 5304050.023157788 1056.150789501953
431615.39796085696 5304050.002887137 1056.150789501953
431615.4182315081 5304049.984312507 1056.150789501953
431615.44004390895 5304049.967575263 1056.150789501953
431615.463232054 5304049.952802786 1056.150789501953
431615.4876194673 5304049.940107502 1056.150789501953
431615.51302054606 5304049.929586031 1056.150789501953
431615.5392419727 5304049.921318447 1056.150789501953
431615.5660841864 5304049.915367671 1056.150789501953
431615.5933429016 5304049.911778993 1056.150789501953
431615.620810663 5304049.910579725 1056.150789501953
431615.6482784244 5304049.911778993 1056.150789501953
431615.6755371396 5304049.915367671 1056.150789501953
431615.7023793532 5304049.921318447 1056.150789501953
431615.7286007799 5304049.929586031 1056.150789501953
431615.7540018586 5304049.940107502 1056.150789501953
431615.778389272 5304049.952802786 1056.150789501953
431615.801577417 5304049.967575263 1056.150789501953
431615.8233898178 5304049.984312507 1056.150789501953
431615.843660469 5304050.002887137 1056.150789501953
431615.8622350986 5304050.023157788 1056.150789501953
431615.8789723424 5304050.044970189 1056.150789501953
431615.89374482 5304050.068158334 1056.150789501953
431615.90644010383 5304050.092545748 1056.150789501953
431615.9169615752 5304050.117946826 1056.150789501953
431615.9252291592 5304050.144168253 1056.150789501953
431615.9311799348 5304050.171010466 1056.150789501953
431615.9347686127 5304050.198269182 1056.150789501953
431597.2413181132 5303986.894009939 1050.9977743652346
431597.2408045501 5303986.905772468 1050.9977743652346
431597.2392677694 5303986.917445476 1050.9977743652346
431597.23671946686 5303986.928940126 1050.9977743652346
431597.23317903664 5303986.940168936 1050.9977743652346
431597.2286734236 5303986.951046448 1050.9977743652346
431597.2232369181 5303986.961489879 1050.9977743652346
431597.21691089513 5303986.971419745 1050.9977743652346
431597.20974349976 5303986.980760477 1050.9977743652346
431597.2017892801 5303986.989440984 1050.9977743652346
431597.19310877257 5303986.997395204 1050.9977743652346
431597.1837680411 5303987.0045626 1050.9977743652346
431597.1738381742 5303987.010888622 1050.9977743652346
431597.1633947442 5303987.016325127 1050.9977743652346
431597.152517232 5303987.020830741 1050.9977743652346
431597.14128842193 5303987.024371171 1050.9977743652346
431597.12979377207 5303987.026919474 1050.9977743652346
431597.1181207636 5303987.028456254 1050.9977743652346
431597.1063582352 5303987.028969818 1050.9977743652346
431597.0945957068 5303987.028456254 1050.9977743652346
431597.0829226983 5303987.026919474 1050.9977743652346
431597.0714280484 5303987.024371171 1050.9977743652346
431597.0601992384 5303987.020830741 1050.9977743652346
431597.0493217261 5303987.016325127 1050.9977743652346
431597.03887829615 5303987.010888622 1050.9977743652346
431597.0289484293 5303987.0045626 1050.9977743652346
431597.0196076978 5303986.997395204 1050.9977743652346
431597.0109271903 5303986.989440984 1050.9977743652346
431597.0029729706 5303986.980760477 1050.9977743652346
431596.9958055752 5303986.971419745 1050.9977743652346
431596.9894795523 5303986.961489879 1050.9977743652346
431596.9840430468 5303986.951046448 1050.9977743652346
431596.9795374337 5303986.940168936 1050.9977743652346
431596.9759970035 5303986.928940126 1050.9977743652346
431596.97344870097 5303986.917445476 1050.9977743652346
431596.9719119202 5303986.905772468 1050.9977743652346
431596.9713983572 5303986.894009939 1050.9977743652346
431596.9719119202 5303986.882247411 1050.9977743652346
431596.97344870097 5303986.870574403 1050.9977743652346
431596.9759970035 5303986.859079753 1050.9977743652346
431596.9795374337 5303986.847850943 1050.9977743652346
431596.9840430468 5303986.836973431 1050.9977743652346
431596.9894795523 5303986.82653 1050.9977743652346
431596.9958055752 5303986.816600134 1050.9977743652346
431597.0029729706 5303986.807259402 1050.9977743652346
431597.0109271903 5303986.798578895 1050.9977743652346
431597.0196076978 5303986.790624674 1050.9977743652346
431597.0289484293 5303986.783457279 1050.9977743652346
431597.03887829615 5303986.777131257 1050.9977743652346
431597.0493217261 5303986.771694751 1050.9977743652346
431597.0601992384 5303986.767189138 1050.9977743652346
431597.0714280484 5303986.763648707 1050.9977743652346
431597.0829226983 5303986.761100405 1050.9977743652346
431597.0945957068 5303986.759563625 1050.9977743652346
431597.1063582352 5303986.759050061 1050.9977743652346
431597.1181207636 5303986.759563625 1050.9977743652346
431597.12979377207 5303986.761100405 1050.9977743652346
431597.14128842193 5303986.763648707 1050.9977743652346
431597.152517232 5303986.767189138 1050.9977743652346
431597.1633947442 5303986.771694751 1050.9977743652346
431597.1738381742 5303986.777131257 1050.9977743652346
431597.1837680411 5303986.783457279 1050.9977743652346
431597.19310877257 5303986.790624674 1050.9977743652346
431597.2017892801 5303986.798578895 1050.9977743652346
431597.20974349976 5303986.807259402 1050.9977743652346
431597.21691089513 5303986.816600134 1050.9977743652346
431597.2232369181 5303986.82653 1050.9977743652346
431597.2286734236 5303986.836973431 1050.9977743652346
431597.23317903664 5303986.847850943 1050.9977743652346
431597.23671946686 5303986.859079753 1050.9977743652346
431597.2392677694 5303986.870574403 1050.9977743652346
431597.2408045501 5303986.882247411 1050.9977743652346
431684.29314507305 5304047.046396422 1053.585787060547
431684.29151266086 5304047.083784808 1053.585787060547
431684.2866278479 5304047.120888647 1053.585787060547
431684.2785278105 5304047.1574255545 1053.585787060547
431684.26727419486 5304047.193117464 1053.585787060547
431684.2529526478 5304047.227692736 1053.585787060547
431684.23567216494 5304047.260888236 1053.585787060547
431684.2155642613 5304047.292451322 1053.585787060547
431684.1927819699 5304047.322141782 1053.585787060547
431684.167498678 5304047.3497336535 1053.585787060547
431684.1399068065 5304047.375016945 1053.585787060547
431684.1102163464 5304047.397799237 1053.585787060547
431684.07865326 5304047.41790714 1053.585787060547
431684.04545776127 5304047.435187623 1053.585787060547
431684.01088248816 5304047.44950917 1053.585787060547
431683.9751905793 5304047.460762786 1053.585787060547
431683.93865367176 5304047.468862823 1053.585787060547
431683.90154983336 5304047.473747636 1053.585787060547
431683.8641614468 5304047.475380048 1053.585787060547
431683.82677306025 5304047.473747636 1053.585787060547
431683.78966922185 5304047.468862823 1053.585787060547
431683.7531323143 5304047.460762786 1053.585787060547
431683.7174404055 5304047.44950917 1053.585787060547
431683.68286513234 5304047.435187623 1053.585787060547
431683.64966963365 5304047.41790714 1053.585787060547
431683.6181065472 5304047.397799237 1053.585787060547
431683.5884160871 5304047.375016945 1053.585787060547
431683.5608242157 5304047.3497336535 1053.585787060547
431683.5355409237 5304047.322141782 1053.585787060547
431683.5127586324 5304047.292451322 1053.585787060547
431683.4926507287 5304047.260888236 1053.585787060547
431683.4753702458 5304047.227692736 1053.585787060547
431683.4610486988 5304047.193117464 1053.585787060547
431683.4497950832 5304047.1574255545 1053.585787060547
431683.44169504574 5304047.120888647 1053.585787060547
431683.4368102328 5304047.083784808 1053.585787060547
431683.43517782056 5304047.046396422 1053.585787060547
431683.4368102328 5304047.009008036 1053.585787060547
431683.44169504574 5304046.971904198 1053.585787060547
431683.4497950832 5304046.93536729 1053.585787060547
431683.4610486988 5304046.89967538 1053.585787060547
431683.4753702458 5304046.865100108 1053.585787060547
431683.4926507287 5304046.831904609 1053.585787060547
431683.5127586324 5304046.800341522 1053.585787060547
431683.5355409237 5304046.770651062 1053.585787060547
431683.5608242157 5304046.743059191 1053.585787060547
431683.5884160871 5304046.717775899 1053.585787060547
431683.6181065472 5304046.694993608 1053.585787060547
431683.64966963365 5304046.674885704 1053.585787060547
431683.68286513234 5304046.6576052215 1053.585787060547
431683.7174404055 5304046.6432836745 1053.585787060547
431683.7531323143 5304046.632030059 1053.585787060547
431683.78966922185 5304046.623930021 1053.585787060547
431683.82677306025 5304046.619045208 1053.585787060547
431683.8641614468 5304046.617412796 1053.585787060547
431683.90154983336 5304046.619045208 1053.585787060547
431683.93865367176 5304046.623930021 1053.585787060547
431683.9751905793 5304046.632030059 1053.585787060547
431684.01088248816 5304046.6432836745 1053.585787060547
431684.04545776127 5304046.6576052215 1053.585787060547
431684.07865326 5304046.674885704 1053.585787060547
431684.1102163464 5304046.694993608 1053.585787060547
431684.1399068065 5304046.717775899 1053.585787060547
431684.167498678 5304046.743059191 1053.585787060547
431684.1927819699 5304046.770651062 1053.585787060547
431684.2155642613 5304046.800341522 1053.585787060547
431684.23567216494 5304046.831904609 1053.585787060547
431684.2529526478 5304046.865100108 1053.585787060547
431684.26727419486 5304046.89967538 1053.585787060547
431684.2785278105 5304046.93536729 1053.585787060547
431684.2866278479 5304046.971904198 1053.585787060547
431684.29151266086 5304047.009008036 1053.585787060547
431590.2131839863 5303991.770791665 1051.585787060547
431590.2104466079 5303991.833487939 1051.585787060547
431590.2022553056 5303991.895707056 1051.585787060547
431590.1886724204 5303991.956975492 1051.585787060547
431590.1698013261 5303992.0168269565 1051.585787060547
431590.1457856432 5303992.074805944 1051.585787060547
431590.1168081455 5303992.130471199 1051.585787060547
431590.0830893692 5303992.183399076 1051.585787060547
431590.0448859347 5303992.233186761 1051.585787060547
431590.0024885931 5303992.2794553405 1051.585787060547
431589.9562200138 5303992.321852682 1051.585787060547
431589.9064323286 5303992.360056116 1051.585787060547
431589.8535044518 5303992.393774893 1051.585787060547
431589.79783919663 5303992.422752391 1051.585787060547
431589.7398602092 5303992.446768073 1051.585787060547
431589.6800087447 5303992.465639167 1051.585787060547
431589.6187403088 5303992.479222053 1051.585787060547
431589.5565211913 5303992.487413355 1051.585787060547
431589.49382491736 5303992.490150734 1051.585787060547
431589.4311286434 5303992.487413355 1051.585787060547
431589.368909526 5303992.479222053 1051.585787060547
431589.30764109007 5303992.465639167 1051.585787060547
431589.2477896255 5303992.446768073 1051.585787060547
431589.1898106381 5303992.422752391 1051.585787060547
431589.1341453829 5303992.393774893 1051.585787060547
431589.0812175061 5303992.360056116 1051.585787060547
431589.0314298209 5303992.321852682 1051.585787060547
431588.9851612416 5303992.2794553405 1051.585787060547
431588.9427639 5303992.233186761 1051.585787060547
431588.9045604655 5303992.183399076 1051.585787060547
431588.8708416892 5303992.130471199 1051.585787060547
431588.8418641915 5303992.074805944 1051.585787060547
431588.8178485086 5303992.0168269565 1051.585787060547
431588.7989774143 5303991.956975492 1051.585787060547
431588.7853945291 5303991.895707056 1051.585787060547
431588.77720322687 5303991.833487939 1051.585787060547
431588.77446584846 5303991.770791665 1051.585787060547
431588.77720322687 5303991.70809539 1051.585787060547
431588.7853945291 5303991.6458762735 1051.585787060547
431588.7989774143 5303991.584607838 1051.585787060547
431588.8178485086 5303991.524756373 1051.585787060547
431588.8418641915 5303991.466777385 1051.585787060547
431588.8708416892 5303991.411112131 1051.585787060547
431588.9045604655 5303991.358184254 1051.585787060547
431588.9427639 5303991.3083965685 1051.585787060547
431588.9851612416 5303991.262127989 1051.585787060547
431589.0314298209 5303991.219730647 1051.585787060547
431589.0812175061 5303991.181527213 1051.585787060547
431589.1341453829 5303991.147808436 1051.585787060547
431589.1898106381 5303991.118830939 1051.585787060547
431589.2477896255 5303991.094815256 1051.585787060547
431589.30764109007 5303991.075944162 1051.585787060547
431589.368909526 5303991.062361277 1051.585787060547
431589.4311286434 5303991.054169974 1051.585787060547
431589.49382491736 5303991.051432596 1051.585787060547
431589.5565211913 5303991.054169974 1051.585787060547
431589.6187403088 5303991.062361277 1051.585787060547
431589.6800087447 5303991.075944162 1051.585787060547
431589.7398602092 5303991.094815256 1051.585787060547
431589.79783919663 5303991.118830939 1051.585787060547
431589.8535044518 5303991.147808436 1051.585787060547
431589.9064323286 5303991.181527213 1051.585787060547
431589.9562200138 5303991.219730647 1051.585787060547
431590.0024885931 5303991.262127989 1051.585787060547
431590.0448859347 5303991.3083965685 1051.585787060547
431590.0830893692 5303991.358184254 1051.585787060547
431590.1168081455 5303991.411112131 1051.585787060547
431590.1457856432 5303991.466777385 1051.585787060547
431590.1698013261 5303991.524756373 1051.585787060547
431590.1886724204 5303991.584607838 1051.585787060547
431590.2022553056 5303991.6458762735 1051.585787060547
431590.2104466079 5303991.70809539 1051.585787060547
431603.1789586991 5304068.472463179 1059.8407919433596
431603.1777555884 5304068.500018945 1059.8407919433596
431603.1741554127 5304068.527364994 1059.8407919433596
431603.1681855714 5304068.554293208 1059.8407919433596
431603.15989149886 5304068.580598645 1059.8407919433596
431603.1493363177 5304068.606081107 1059.8407919433596
431603.13660035946 5304068.630546655 1059.8407919433596
431603.12178055226 5304068.653809093 1059.8407919433596
431603.1049896839 5304068.675691378 1059.8407919433596
431603.0863555431 5304068.696026974 1059.8407919433596
431603.06601994665 5304068.714661116 1059.8407919433596
431603.044137661 5304068.731451984 1059.8407919433596
431603.02087522345 5304068.746271791 1059.8407919433596
431602.9964096752 5304068.759007749 1059.8407919433596
431602.9709272138 5304068.769562931 1059.8407919433596
431602.9446217762 5304068.777857003 1059.8407919433596
431602.9176935628 5304068.783826844 1059.8407919433596
431602.8903475133 5304068.78742702 1059.8407919433596
431602.86279174784 5304068.788630131 1059.8407919433596
431602.8352359824 5304068.78742702 1059.8407919433596
431602.80788993294 5304068.783826844 1059.8407919433596
431602.78096171946 5304068.777857003 1059.8407919433596
431602.7546562819 5304068.769562931 1059.8407919433596
431602.7291738205 5304068.759007749 1059.8407919433596
431602.7047082722 5304068.746271791 1059.8407919433596
431602.6814458347 5304068.731451984 1059.8407919433596
431602.659563549 5304068.714661116 1059.8407919433596
431602.63922795263 5304068.696026974 1059.8407919433596
431602.6205938118 5304068.675691378 1059.8407919433596
431602.6038029434 5304068.653809093 1059.8407919433596
431602.5889831362 5304068.630546655 1059.8407919433596
431602.576247178 5304068.606081107 1059.8407919433596
431602.5656919968 5304068.580598645 1059.8407919433596
431602.55739792425 5304068.554293208 1059.8407919433596
431602.55142808304 5304068.527364994 1059.8407919433596
431602.5478279073 5304068.500018945 1059.8407919433596
431602.54662479664 5304068.472463179 1059.8407919433596
431602.5478279073 5304068.444907414 1059.8407919433596
431602.55142808304 5304068.417561364 1059.8407919433596
431602.55739792425 5304068.390633151 1059.8407919433596
431602.5656919968 5304068.364327714 1059.8407919433596
431602.576247178 5304068.338845252 1059.8407919433596
431602.5889831362 5304068.314379704 1059.8407919433596
431602.6038029434 5304068.291117266 1059.8407919433596
431602.6205938118 5304068.26923498 1059.8407919433596
431602.63922795263 5304068.248899384 1059.8407919433596
431602.659563549 5304068.230265243 1059.8407919433596
431602.6814458347 5304068.213474375 1059.8407919433596
431602.7047082722 5304068.198654568 1059.8407919433596
431602.7291738205 5304068.18591861 1059.8407919433596
431602.7546562819 5304068.175363428 1059.8407919433596
431602.78096171946 5304068.167069356 1059.8407919433596
431602.80788993294 5304068.161099515 1059.8407919433596
431602.8352359824 5304068.1574993385 1059.8407919433596
431602.86279174784 5304068.156296228 1059.8407919433596
431602.8903475133 5304068.1574993385 1059.8407919433596
431602.9176935628 5304068.161099515 1059.8407919433596
431602.9446217762 5304068.167069356 1059.8407919433596
431602.9709272138 5304068.175363428 1059.8407919433596
431602.9964096752 5304068.18591861 1059.8407919433596
431603.02087522345 5304068.198654568 1059.8407919433596
431603.044137661 5304068.213474375 1059.8407919433596
431603.06601994665 5304068.230265243 1059.8407919433596
431603.0863555431 5304068.248899384 1059.8407919433596
431603.1049896839 5304068.26923498 1059.8407919433596
431603.12178055226 5304068.291117266 1059.8407919433596
431603.13660035946 5304068.314379704 1059.8407919433596
431603.1493363177 5304068.338845252 1059.8407919433596
431603.15989149886 5304068.364327714 1059.8407919433596
431603.1681855714 5304068.390633151 1059.8407919433596
431603.1741554127 5304068.417561364 1059.8407919433596
431603.1777555884 5304068.444907414 1059.8407919433596
431631.58978101314 5303972.654216232 1048.691744091797
431631.5882958756 5303972.688231474 1048.691744091797
431631.5838517658 5303972.721987839 1048.691744091797
431631.57648250606 5303972.755228422 1048.691744091797
431631.5662441809 5303972.7877002405 1048.691744091797
431631.5532147102 5303972.819156165 1048.691744091797
431631.5374932561 5303972.8493567975 1048.691744091797
431631.5191994683 5303972.878072293 1048.691744091797
431631.4984725736 5303972.905084107 1048.691744091797
431631.47547031625 5303972.930186667 1048.691744091797
431631.4503677572 5303972.953188924 1048.691744091797
431631.4233559421 5303972.973915818 1048.691744091797
431631.3946404473 5303972.992209607 1048.691744091797
431631.3644398149 5303973.00793106 1048.691744091797
431631.3329838901 5303973.020960531 1048.691744091797
431631.3005120713 5303973.031198856 1048.691744091797
431631.2672714888 5303973.038568116 1048.691744091797
431631.2335151234 5303973.043012226 1048.691744091797
431631.1994998815 5303973.044497363 1048.691744091797
431631.1654846396 5303973.043012226 1048.691744091797
431631.13172827417 5303973.038568116 1048.691744091797
431631.09848769166 5303973.031198856 1048.691744091797
431631.0660158729 5303973.020960531 1048.691744091797
431631.034559948 5303973.00793106 1048.691744091797
431631.0043593157 5303972.992209607 1048.691744091797
431630.9756438208 5303972.973915818 1048.691744091797
431630.9486320058 5303972.953188924 1048.691744091797
431630.9235294467 5303972.930186667 1048.691744091797
431630.9005271893 5303972.905084107 1048.691744091797
431630.8798002946 5303972.878072293 1048.691744091797
431630.86150650686 5303972.8493567975 1048.691744091797
431630.8457850528 5303972.819156165 1048.691744091797
431630.83275558206 5303972.7877002405 1048.691744091797
431630.8225172569 5303972.755228422 1048.691744091797
431630.8151479972 5303972.721987839 1048.691744091797
431630.8107038874 5303972.688231474 1048.691744091797
431630.8092187498 5303972.654216232 1048.691744091797
431630.8107038874 5303972.62020099 1048.691744091797
431630.8151479972 5303972.586444625 1048.691744091797
431630.8225172569 5303972.553204042 1048.691744091797
431630.83275558206 5303972.520732223 1048.691744091797
431630.8457850528 5303972.489276298 1048.691744091797
431630.86150650686 5303972.459075666 1048.691744091797
431630.8798002946 5303972.430360171 1048.691744091797
431630.9005271893 5303972.4033483565 1048.691744091797
431630.9235294467 5303972.378245797 1048.691744091797
431630.9486320058 5303972.355243539 1048.691744091797
431630.9756438208 5303972.334516645 1048.691744091797
431631.0043593157 5303972.316222857 1048.691744091797
431631.034559948 5303972.300501403 1048.691744091797
431631.0660158729 5303972.287471932 1048.691744091797
431631.09848769166 5303972.277233607 1048.691744091797
431631.13172827417 5303972.269864348 1048.691744091797
431631.1654846396 5303972.265420238 1048.691744091797
431631.1994998815 5303972.2639351 1048.691744091797
431631.2335151234 5303972.265420238 1048.691744091797
431631.2672714888 5303972.269864348 1048.691744091797
431631.3005120713 5303972.277233607 1048.691744091797
431631.3329838901 5303972.287471932 1048.691744091797
431631.3644398149 5303972.300501403 1048.691744091797
431631.3946404473 5303972.316222857 1048.691744091797
431631.4233559421 5303972.334516645 1048.691744091797
431631.4503677572 5303972.355243539 1048.691744091797
431631.47547031625 5303972.378245797 1048.691744091797
431631.4984725736 5303972.4033483565 1048.691744091797
431631.5191994683 5303972.430360171 1048.691744091797
431631.5374932561 5303972.459075666 1048.691744091797
431631.5532147102 5303972.489276298 1048.691744091797
431631.5662441809 5303972.520732223 1048.691744091797
431631.57648250606 5303972.553204042 1048.691744091797
431631.5838517658 5303972.586444625 1048.691744091797
431631.5882958756 5303972.62020099 1048.691744091797
431596.7017634488 5304007.7773647215 1052.180757763672
431596.70070832473 5304007.8015310345 1052.180757763672
431596.6975509828 5304007.825513428 1052.180757763672
431596.69231545215 5304007.849129381 1052.180757763672
431596.6850415785 5304007.87219916 1052.180757763672
431596.6757847202 5304007.894547193 1052.180757763672
431596.6646153278 5304007.916003397 1052.180757763672
431596.6516184069 5304007.936404476 1052.180757763672
431596.636892872 5304007.955595166 1052.180757763672
431596.6205507933 5304007.973429416 1052.180757763672
431596.6027165438 5304007.989771495 1052.180757763672
431596.5835258531 5304008.00449703 1052.180757763672
431596.56312477385 5304008.01749395 1052.180757763672
431596.54166857054 5304008.028663343 1052.180757763672
431596.51932053786 5304008.037920201 1052.180757763672
431596.4962507578 5304008.0451940745 1052.180757763672
431596.4726348054 5304008.050429605 1052.180757763672
431596.4486524123 5304008.053586948 1052.180757763672
431596.4244860989 5304008.054642071 1052.180757763672
431596.4003197856 5304008.053586948 1052.180757763672
431596.3763373924 5304008.050429605 1052.180757763672
431596.35272144 5304008.0451940745 1052.180757763672
431596.32965166 5304008.037920201 1052.180757763672
431596.3073036273 5304008.028663343 1052.180757763672
431596.285847424 5304008.01749395 1052.180757763672
431596.2654463448 5304008.00449703 1052.180757763672
431596.246255654 5304007.989771495 1052.180757763672
431596.2284214046 5304007.973429416 1052.180757763672
431596.21207932587 5304007.955595166 1052.180757763672
431596.197353791 5304007.936404476 1052.180757763672
431596.1843568701 5304007.916003397 1052.180757763672
431596.1731874776 5304007.894547193 1052.180757763672
431596.16393061937 5304007.87219916 1052.180757763672
431596.1566567457 5304007.849129381 1052.180757763672
431596.1514212151 5304007.825513428 1052.180757763672
431596.1482638731 5304007.8015310345 1052.180757763672
431596.1472087491 5304007.7773647215 1052.180757763672
431596.1482638731 5304007.7531984085 1052.180757763672
431596.1514212151 5304007.729216015 1052.180757763672
431596.1566567457 5304007.705600062 1052.180757763672
431596.16393061937 5304007.682530283 1052.180757763672
431596.1731874776 5304007.66018225 1052.180757763672
431596.1843568701 5304007.638726046 1052.180757763672
431596.197353791 5304007.618324967 1052.180757763672
431596.21207932587 5304007.599134277 1052.180757763672
431596.2284214046 5304007.581300027 1052.180757763672
431596.246255654 5304007.564957948 1052.180757763672
431596.2654463448 5304007.550232413 1052.180757763672
431596.285847424 5304007.537235493 1052.180757763672
431596.3073036273 5304007.5260661 1052.180757763672
431596.32965166 5304007.516809242 1052.180757763672
431596.35272144 5304007.5095353685 1052.180757763672
431596.3763373924 5304007.504299838 1052.180757763672
431596.4003197856 5304007.501142495 1052.180757763672
431596.4244860989 5304007.500087372 1052.180757763672
431596.4486524123 5304007.501142495 1052.180757763672
431596.4726348054 5304007.504299838 1052.180757763672
431596.4962507578 5304007.5095353685 1052.180757763672
431596.51932053786 5304007.516809242 1052.180757763672
431596.54166857054 5304007.5260661 1052.180757763672
431596.56312477385 5304007.537235493 1052.180757763672
431596.5835258531 5304007.550232413 1052.180757763672
431596.6027165438 5304007.564957948 1052.180757763672
431596.6205507933 5304007.581300027 1052.180757763672
431596.636892872 5304007.599134277 1052.180757763672
431596.6516184069 5304007.618324967 1052.180757763672
431596.6646153278 5304007.638726046 1052.180757763672
431596.6757847202 5304007.66018225 1052.180757763672
431596.6850415785 5304007.682530283 1052.180757763672
431596.69231545215 5304007.705600062 1052.180757763672
431596.6975509828 5304007.729216015 1052.180757763672
431596.70070832473 5304007.7531984085 1052.180757763672
431682.2189095301 5303985.019339236 1047.2677938964846
431682.2180161441 5303985.039801139 1047.2677938964846
431682.2153427855 5303985.060107314 1047.2677938964846
431682.2109097999 5303985.08010322 1047.2677938964846
431682.2047509253 5303985.099636675 1047.2677938964846
431682.1969130342 5303985.118559018 1047.2677938964846
431682.1874557778 5303985.136726238 1047.2677938964846
431682.1764511317 5303985.154000072 1047.2677938964846
431682.16398284753 5303985.170249056 1047.2677938964846
431682.15014581673 5303985.185349526 1047.2677938964846
431682.1350453474 5303985.199186557 1047.2677938964846
431682.1187963632 5303985.211654841 1047.2677938964846
431682.1015225287 5303985.222659487 1047.2677938964846
431682.0833553083 5303985.232116743 1047.2677938964846
431682.0644329654 5303985.239954635 1047.2677938964846
431682.04489951057 5303985.246113509 1047.2677938964846
431682.02490360505 5303985.250546495 1047.2677938964846
431682.00459742994 5303985.253219853 1047.2677938964846
431681.98413552734 5303985.254113239 1047.2677938964846
431681.96367362473 5303985.253219853 1047.2677938964846
431681.9433674496 5303985.250546495 1047.2677938964846
431681.9233715441 5303985.246113509 1047.2677938964846
431681.90383808926 5303985.239954635 1047.2677938964846
431681.8849157464 5303985.232116743 1047.2677938964846
431681.866748526 5303985.222659487 1047.2677938964846
431681.8494746915 5303985.211654841 1047.2677938964846
431681.8332257073 5303985.199186557 1047.2677938964846
431681.81812523794 5303985.185349526 1047.2677938964846
431681.8042882072 5303985.170249056 1047.2677938964846
431681.79181992303 5303985.154000072 1047.2677938964846
431681.7808152768 5303985.136726238 1047.2677938964846
431681.7713580205 5303985.118559018 1047.2677938964846
431681.76352012943 5303985.099636675 1047.2677938964846
431681.7573612548 5303985.08010322 1047.2677938964846
431681.7529282692 5303985.060107314 1047.2677938964846
431681.75025491056 5303985.039801139 1047.2677938964846
431681.7493615246 5303985.019339236 1047.2677938964846
431681.75025491056 5303984.9988773335 1047.2677938964846
431681.7529282692 5303984.978571159 1047.2677938964846
431681.7573612548 5303984.958575253 1047.2677938964846
431681.76352012943 5303984.939041798 1047.2677938964846
431681.7713580205 5303984.920119455 1047.2677938964846
431681.7808152768 5303984.901952235 1047.2677938964846
431681.79181992303 5303984.884678401 1047.2677938964846
431681.8042882072 5303984.868429417 1047.2677938964846
431681.81812523794 5303984.853328947 1047.2677938964846
431681.8332257073 5303984.839491916 1047.2677938964846
431681.8494746915 5303984.827023632 1047.2677938964846
431681.866748526 5303984.816018986 1047.2677938964846
431681.8849157464 5303984.80656173 1047.2677938964846
431681.90383808926 5303984.798723838 1047.2677938964846
431681.9233715441 5303984.792564964 1047.2677938964846
431681.9433674496 5303984.788131978 1047.2677938964846
431681.96367362473 5303984.78545862 1047.2677938964846
431681.98413552734 5303984.784565234 1047.2677938964846
431682.00459742994 5303984.78545862 1047.2677938964846
431682.02490360505 5303984.788131978 1047.2677938964846
431682.04489951057 5303984.792564964 1047.2677938964846
431682.0644329654 5303984.798723838 1047.2677938964846
431682.0833553083 5303984.80656173 1047.2677938964846
431682.1015225287 5303984.816018986 1047.2677938964846
431682.1187963632 5303984.827023632 1047.2677938964846
431682.1350453474 5303984.839491916 1047.2677938964846
431682.15014581673 5303984.853328947 1047.2677938964846
431682.16398284753 5303984.868429417 1047.2677938964846
431682.1764511317 5303984.884678401 1047.2677938964846
431682.1874557778 5303984.901952235 1047.2677938964846
431682.1969130342 5303984.920119455 1047.2677938964846
431682.2047509253 5303984.939041798 1047.2677938964846
431682.2109097999 5303984.958575253 1047.2677938964846
431682.2153427855 5303984.978571159 1047.2677938964846
431682.2180161441 5303984.9988773335 1047.2677938964846
431689.1146924264 5303998.564017627 1050.2237875488283
431689.1140228869 5303998.579352604 1050.2237875488283
431689.1120193638 5303998.594570873 1050.2237875488283
431689.10869710526 5303998.609556613 1050.2237875488283
431689.1040813956 5303998.624195774 1050.2237875488283
431689.0982073632 5303998.638376942 1050.2237875488283
431689.0911197129 5303998.651992192 1050.2237875488283
431689.08287238615 5303998.664937901 1050.2237875488283
431689.07352815 5303998.677115548 1050.2237875488283
431689.0631581197 5303998.6884324495 1050.2237875488283
431689.0518412176 5303998.69880248 1050.2237875488283
431689.0396635719 5303998.708146716 1050.2237875488283
431689.026717862 5303998.716394043 1050.2237875488283
431689.0131026126 5303998.723481693 1050.2237875488283
431688.9989214438 5303998.729355725 1050.2237875488283
431688.9842822831 5303998.733971435 1050.2237875488283
431688.9692965432 5303998.737293693 1050.2237875488283
431688.9540782746 5303998.739297217 1050.2237875488283
431688.9387432976 5303998.739966757 1050.2237875488283
431688.9234083206 5303998.739297217 1050.2237875488283
431688.908190052 5303998.737293693 1050.2237875488283
431688.8932043121 5303998.733971435 1050.2237875488283
431688.87856515136 5303998.729355725 1050.2237875488283
431688.8643839826 5303998.723481693 1050.2237875488283
431688.8507687332 5303998.716394043 1050.2237875488283
431688.8378230233 5303998.708146716 1050.2237875488283
431688.8256453776 5303998.69880248 1050.2237875488283
431688.81432847545 5303998.6884324495 1050.2237875488283
431688.8039584452 5303998.677115548 1050.2237875488283
431688.794614209 5303998.664937901 1050.2237875488283
431688.7863668823 5303998.651992192 1050.2237875488283
431688.779279232 5303998.638376942 1050.2237875488283
431688.7734051996 5303998.624195774 1050.2237875488283
431688.7687894899 5303998.609556613 1050.2237875488283
431688.7654672314 5303998.594570873 1050.2237875488283
431688.76346370834 5303998.579352604 1050.2237875488283
431688.7627941688 5303998.564017627 1050.2237875488283
431688.76346370834 5303998.548682651 1050.2237875488283
431688.7654672314 5303998.5334643815 1050.2237875488283
431688.7687894899 5303998.518478642 1050.2237875488283
431688.7734051996 5303998.503839481 1050.2237875488283
431688.779279232 5303998.489658313 1050.2237875488283
431688.7863668823 5303998.476043063 1050.2237875488283
431688.794614209 5303998.4630973535 1050.2237875488283
431688.8039584452 5303998.450919707 1050.2237875488283
431688.81432847545 5303998.439602805 1050.2237875488283
431688.8256453776 5303998.429232775 1050.2237875488283
431688.8378230233 5303998.419888539 1050.2237875488283
431688.8507687332 5303998.411641212 1050.2237875488283
431688.8643839826 5303998.4045535615 1050.2237875488283
431688.87856515136 5303998.398679529 1050.2237875488283
431688.8932043121 5303998.39406382 1050.2237875488283
431688.908190052 5303998.390741562 1050.2237875488283
431688.9234083206 5303998.388738038 1050.2237875488283
431688.9387432976 5303998.388068498 1050.2237875488283
431688.9540782746 5303998.388738038 1050.2237875488283
431688.9692965432 5303998.390741562 1050.2237875488283
431688.9842822831 5303998.39406382 1050.2237875488283
431688.9989214438 5303998.398679529 1050.2237875488283
431689.0131026126 5303998.4045535615 1050.2237875488283
431689.026717862 5303998.411641212 1050.2237875488283
431689.0396635719 5303998.419888539 1050.2237875488283
431689.0518412176 5303998.429232775 1050.2237875488283
431689.0631581197 5303998.439602805 1050.2237875488283
431689.07352815 5303998.450919707 1050.2237875488283
431689.08287238615 5303998.4630973535 1050.2237875488283
431689.0911197129 5303998.476043063 1050.2237875488283
431689.0982073632 5303998.489658313 1050.2237875488283
431689.1040813956 5303998.503839481 1050.2237875488283
431689.10869710526 5303998.518478642 1050.2237875488283
431689.1120193638 5303998.5334643815 1050.2237875488283
431689.1140228869 5303998.548682651 1050.2237875488283
431641.9092694959 5304003.074306868 1050.3307821777346
431641.9081285976 5304003.100437735 1050.3307821777346
431641.9047145856 5304003.126369732 1050.3307821777346
431641.8990534426 5304003.151905497 1050.3307821777346
431641.89118825336 5304003.1768506905 1050.3307821777346
431641.8811788766 5304003.201015463 1050.3307821777346
431641.8691014898 5304003.224215908 1050.3307821777346
431641.85504800925 5304003.246275454 1050.3307821777346
431641.8391253903 5304003.267026215 1050.3307821777346
431641.8214548137 5304003.286310265 1050.3307821777346
431641.80217076326 5304003.303980841 1050.3307821777346
431641.78142000217 5304003.31990346 1050.3307821777346
431641.7593604564 5304003.333956941 1050.3307821777346
431641.73616001225 5304003.346034328 1050.3307821777346
431641.7119952392 5304003.356043705 1050.3307821777346
431641.68705004576 5304003.363908893 1050.3307821777346
431641.6615142799 5304003.369570036 1050.3307821777346
431641.6355822842 5304003.372984049 1050.3307821777346
431641.6094514168 5304003.374124947 1050.3307821777346
431641.5833205495 5304003.372984049 1050.3307821777346
431641.55738855375 5304003.369570036 1050.3307821777346
431641.5318527879 5304003.363908893 1050.3307821777346
431641.5069075945 5304003.356043705 1050.3307821777346
431641.4827428214 5304003.346034328 1050.3307821777346
431641.45954237727 5304003.333956941 1050.3307821777346
431641.4374828315 5304003.31990346 1050.3307821777346
431641.4167320704 5304003.303980841 1050.3307821777346
431641.39744802 5304003.286310265 1050.3307821777346
431641.37977744336 5304003.267026215 1050.3307821777346
431641.3638548244 5304003.246275454 1050.3307821777346
431641.3498013438 5304003.224215908 1050.3307821777346
431641.337723957 5304003.201015463 1050.3307821777346
431641.3277145803 5304003.1768506905 1050.3307821777346
431641.319849391 5304003.151905497 1050.3307821777346
431641.314188248 5304003.126369732 1050.3307821777346
431641.310774236 5304003.100437735 1050.3307821777346
431641.3096333377 5304003.074306868 1050.3307821777346
431641.310774236 5304003.048176001 1050.3307821777346
431641.314188248 5304003.0222440045 1050.3307821777346
431641.319849391 5304002.996708239 1050.3307821777346
431641.3277145803 5304002.9717630455 1050.3307821777346
431641.337723957 5304002.947598273 1050.3307821777346
431641.3498013438 5304002.924397828 1050.3307821777346
431641.3638548244 5304002.902338282 1050.3307821777346
431641.37977744336 5304002.881587521 1050.3307821777346
431641.39744802 5304002.862303471 1050.3307821777346
431641.4167320704 5304002.844632895 1050.3307821777346
431641.4374828315 5304002.828710276 1050.3307821777346
431641.45954237727 5304002.814656795 1050.3307821777346
431641.4827428214 5304002.8025794085 1050.3307821777346
431641.5069075945 5304002.792570031 1050.3307821777346
431641.5318527879 5304002.784704843 1050.3307821777346
431641.55738855375 5304002.7790437 1050.3307821777346
431641.5833205495 5304002.775629687 1050.3307821777346
431641.6094514168 5304002.774488789 1050.3307821777346
431641.6355822842 5304002.775629687 1050.3307821777346
431641.6615142799 5304002.7790437 1050.3307821777346
431641.68705004576 5304002.784704843 1050.3307821777346
431641.7119952392 5304002.792570031 1050.3307821777346
431641.73616001225 5304002.8025794085 1050.3307821777346
431641.7593604564 5304002.814656795 1050.3307821777346
431641.78142000217 5304002.828710276 1050.3307821777346
431641.80217076326 5304002.844632895 1050.3307821777346
431641.8214548137 5304002.862303471 1050.3307821777346
431641.8391253903 5304002.881587521 1050.3307821777346
431641.85504800925 5304002.902338282 1050.3307821777346
431641.8691014898 5304002.924397828 1050.3307821777346
431641.8811788766 5304002.947598273 1050.3307821777346
431641.89118825336 5304002.9717630455 1050.3307821777346
431641.8990534426 5304002.996708239 1050.3307821777346
431641.9047145856 5304003.0222440045 1050.3307821777346
431641.9081285976 5304003.048176001 1050.3307821777346
431662.5429303946 5303987.8759772 1047.7667562988283
431662.5418451681 5303987.900832975 1047.7667562988283
431662.5385977477 5303987.925499582 1047.7667562988283
431662.5332128482 5303987.949789293 1047.7667562988283
431662.5257314521 5303987.97351725 1047.7667562988283
431662.5162104972 5303987.996502869 1047.7667562988283
431662.50472244376 5303988.018571215 1047.7667562988283
431662.4913547228 5303988.039554333 1047.7667562988283
431662.4762090707 5303988.059292532 1047.7667562988283
431662.4594007551 5303988.077635589 1047.7667562988283
431662.4410576975 5303988.094443904 1047.7667562988283
431662.4213194994 5303988.109589557 1047.7667562988283
431662.4003363806 5303988.122957278 1047.7667562988283
431662.3782680353 5303988.134445331 1047.7667562988283
431662.3552824168 5303988.143966286 1047.7667562988283
431662.3315544597 5303988.151447683 1047.7667562988283
431662.3072647479 5303988.156832581 1047.7667562988283
431662.28259814094 5303988.160080002 1047.7667562988283
431662.2577423665 5303988.161165229 1047.7667562988283
431662.2328865921 5303988.160080002 1047.7667562988283
431662.2082199851 5303988.156832581 1047.7667562988283
431662.1839302734 5303988.151447683 1047.7667562988283
431662.1602023162 5303988.143966286 1047.7667562988283
431662.1372166978 5303988.134445331 1047.7667562988283
431662.11514835246 5303988.122957278 1047.7667562988283
431662.09416523366 5303988.109589557 1047.7667562988283
431662.0744270356 5303988.094443904 1047.7667562988283
431662.0560839779 5303988.077635589 1047.7667562988283
431662.03927566233 5303988.059292532 1047.7667562988283
431662.0241300103 5303988.039554333 1047.7667562988283
431662.0107622893 5303988.018571215 1047.7667562988283
431661.9992742359 5303987.996502869 1047.7667562988283
431661.98975328094 5303987.97351725 1047.7667562988283
431661.9822718848 5303987.949789293 1047.7667562988283
431661.97688698536 5303987.925499582 1047.7667562988283
431661.97363956494 5303987.900832975 1047.7667562988283
431661.9725543384 5303987.8759772 1047.7667562988283
431661.97363956494 5303987.851121426 1047.7667562988283
431661.97688698536 5303987.826454819 1047.7667562988283
431661.9822718848 5303987.802165108 1047.7667562988283
431661.98975328094 5303987.778437151 1047.7667562988283
431661.9992742359 5303987.755451532 1047.7667562988283
431662.0107622893 5303987.733383186 1047.7667562988283
431662.0241300103 5303987.712400068 1047.7667562988283
431662.03927566233 5303987.692661869 1047.7667562988283
431662.0560839779 5303987.674318812 1047.7667562988283
431662.0744270356 5303987.657510497 1047.7667562988283
431662.09416523366 5303987.642364844 1047.7667562988283
431662.11514835246 5303987.628997123 1047.7667562988283
431662.1372166978 5303987.61750907 1047.7667562988283
431662.1602023162 5303987.6079881145 1047.7667562988283
431662.1839302734 5303987.600506718 1047.7667562988283
431662.2082199851 5303987.59512182 1047.7667562988283
431662.2328865921 5303987.591874399 1047.7667562988283
431662.2577423665 5303987.590789172 1047.7667562988283
431662.28259814094 5303987.591874399 1047.7667562988283
431662.3072647479 5303987.59512182 1047.7667562988283
431662.3315544597 5303987.600506718 1047.7667562988283
431662.3552824168 5303987.6079881145 1047.7667562988283
431662.3782680353 5303987.61750907 1047.7667562988283
431662.4003363806 5303987.628997123 1047.7667562988283
431662.4213194994 5303987.642364844 1047.7667562988283
431662.4410576975 5303987.657510497 1047.7667562988283
431662.4594007551 5303987.674318812 1047.7667562988283
431662.4762090707 5303987.692661869 1047.7667562988283
431662.4913547228 5303987.712400068 1047.7667562988283
431662.50472244376 5303987.733383186 1047.7667562988283
431662.5162104972 5303987.755451532 1047.7667562988283
431662.5257314521 5303987.778437151 1047.7667562988283
431662.5332128482 5303987.802165108 1047.7667562988283
431662.5385977477 5303987.826454819 1047.7667562988283
431662.5418451681 5303987.851121426 1047.7667562988283
431642.3331985951 5304066.499725161 1057.6547567871096
431642.33053293393 5304066.560778839 1057.6547567871096
431642.32255623786 5304066.6213678615 1057.6547567871096
431642.3093292142 5304066.681031109 1057.6547567871096
431642.2909525288 5304066.73931451 1057.6547567871096
431642.2675660391 5304066.79577449 1057.6547567871096
431642.2393477305 5304066.849981356 1057.6547567871096
431642.2065123614 5304066.901522561 1057.6547567871096
431642.1693098288 5304066.950005846 1057.6547567871096
431642.1280232664 5304066.995062223 1057.6547567871096
431642.0829668898 5304067.036348784 1057.6547567871096
431642.0344836054 5304067.073551318 1057.6547567871096
431641.98294240015 5304067.106386687 1057.6547567871096
431641.9287355337 5304067.134604995 1057.6547567871096
431641.8722755532 5304067.157991485 1057.6547567871096
431641.813992153 5304067.17636817 1057.6547567871096
431641.75432890514 5304067.189595194 1057.6547567871096
431641.6937398829 5304067.1975718895 1057.6547567871096
431641.6326862052 5304067.200237551 1057.6547567871096
431641.5716325276 5304067.1975718895 1057.6547567871096
431641.5110435053 5304067.189595194 1057.6547567871096
431641.4513802574 5304067.17636817 1057.6547567871096
431641.3930968573 5304067.157991485 1057.6547567871096
431641.3366368767 5304067.134604995 1057.6547567871096
431641.2824300103 5304067.106386687 1057.6547567871096
431641.230888805 5304067.073551318 1057.6547567871096
431641.1824055206 5304067.036348784 1057.6547567871096
431641.137349144 5304066.995062223 1057.6547567871096
431641.0960625816 5304066.950005846 1057.6547567871096
431641.058860049 5304066.901522561 1057.6547567871096
431641.0260246799 5304066.849981356 1057.6547567871096
431640.99780637136 5304066.79577449 1057.6547567871096
431640.9744198817 5304066.73931451 1057.6547567871096
431640.9560431962 5304066.681031109 1057.6547567871096
431640.94281617255 5304066.6213678615 1057.6547567871096
431640.9348394765 5304066.560778839 1057.6547567871096
431640.9321738153 5304066.499725161 1057.6547567871096
431640.9348394765 5304066.438671484 1057.6547567871096
431640.94281617255 5304066.378082461 1057.6547567871096
431640.9560431962 5304066.318419213 1057.6547567871096
431640.9744198817 5304066.260135813 1057.6547567871096
431640.99780637136 5304066.203675833 1057.6547567871096
431641.0260246799 5304066.149468966 1057.6547567871096
431641.058860049 5304066.097927761 1057.6547567871096
431641.0960625816 5304066.049444476 1057.6547567871096
431641.137349144 5304066.0043881 1057.6547567871096
431641.1824055206 5304065.963101538 1057.6547567871096
431641.230888805 5304065.925899005 1057.6547567871096
431641.2824300103 5304065.893063636 1057.6547567871096
431641.3366368767 5304065.864845327 1057.6547567871096
431641.3930968573 5304065.8414588375 1057.6547567871096
431641.4513802574 5304065.823082152 1057.6547567871096
431641.5110435053 5304065.809855129 1057.6547567871096
431641.5716325276 5304065.801878433 1057.6547567871096
431641.6326862052 5304065.799212772 1057.6547567871096
431641.6937398829 5304065.801878433 1057.6547567871096
431641.75432890514 5304065.809855129 1057.6547567871096
431641.813992153 5304065.823082152 1057.6547567871096
431641.8722755532 5304065.8414588375 1057.6547567871096
431641.9287355337 5304065.864845327 1057.6547567871096
431641.98294240015 5304065.893063636 1057.6547567871096
431642.0344836054 5304065.925899005 1057.6547567871096
431642.0829668898 5304065.963101538 1057.6547567871096
431642.1280232664 5304066.0043881 1057.6547567871096
431642.1693098288 5304066.049444476 1057.6547567871096
431642.2065123614 5304066.097927761 1057.6547567871096
431642.2393477305 5304066.149468966 1057.6547567871096
431642.2675660391 5304066.203675833 1057.6547567871096
431642.2909525288 5304066.260135813 1057.6547567871096
431642.3093292142 5304066.318419213 1057.6547567871096
431642.32255623786 5304066.378082461 1057.6547567871096
431642.33053293393 5304066.438671484 1057.6547567871096
431648.0300630451 5303951.099886383 1047.3107626464846
431648.02924984647 5303951.118511694 1047.3107626464846
431648.0268164395 5303951.136995254 1047.3107626464846
431648.022781344 5303951.155196394 1047.3107626464846
431648.0171752694 5303951.172976591 1047.3107626464846
431648.0100408812 5303951.190200527 1047.3107626464846
431648.0014324766 5303951.206737119 1047.3107626464846
431647.99141557066 5303951.222460512 1047.3107626464846
431647.9800663981 5303951.237251041 1047.3107626464846
431647.967471333 5303951.250996144 1047.3107626464846
431647.95372623135 5303951.2635912085 1047.3107626464846
431647.93893570174 5303951.274940381 1047.3107626464846
431647.92321230896 5303951.284957287 1047.3107626464846
431647.9066757176 5303951.293565691 1047.3107626464846
431647.889451781 5303951.30070008 1047.3107626464846
431647.8716715838 5303951.3063061545 1047.3107626464846
431647.853470444 5303951.310341249 1047.3107626464846
431647.8349868834 5303951.312774656 1047.3107626464846
431647.8163615728 5303951.313587856 1047.3107626464846
431647.7977362623 5303951.312774656 1047.3107626464846
431647.7792527016 5303951.310341249 1047.3107626464846
431647.76105156186 5303951.3063061545 1047.3107626464846
431647.7432713647 5303951.30070008 1047.3107626464846
431647.7260474281 5303951.293565691 1047.3107626464846
431647.7095108367 5303951.284957287 1047.3107626464846
431647.6937874439 5303951.274940381 1047.3107626464846
431647.6789969143 5303951.2635912085 1047.3107626464846
431647.6652518127 5303951.250996144 1047.3107626464846
431647.6526567476 5303951.237251041 1047.3107626464846
431647.641307575 5303951.222460512 1047.3107626464846
431647.631290669 5303951.206737119 1047.3107626464846
431647.6226822644 5303951.190200527 1047.3107626464846
431647.6155478763 5303951.172976591 1047.3107626464846
431647.6099418016 5303951.155196394 1047.3107626464846
431647.6059067061 5303951.136995254 1047.3107626464846
431647.6034732992 5303951.118511694 1047.3107626464846
431647.60266010056 5303951.099886383 1047.3107626464846
431647.6034732992 5303951.081261072 1047.3107626464846
431647.6059067061 5303951.062777512 1047.3107626464846
431647.6099418016 5303951.044576372 1047.3107626464846
431647.6155478763 5303951.026796175 1047.3107626464846
431647.6226822644 5303951.009572239 1047.3107626464846
431647.631290669 5303950.993035647 1047.3107626464846
431647.641307575 5303950.977312254 1047.3107626464846
431647.6526567476 5303950.962521724 1047.3107626464846
431647.6652518127 5303950.948776622 1047.3107626464846
431647.6789969143 5303950.936181557 1047.3107626464846
431647.6937874439 5303950.924832385 1047.3107626464846
431647.7095108367 5303950.914815479 1047.3107626464846
431647.7260474281 5303950.906207074 1047.3107626464846
431647.7432713647 5303950.899072686 1047.3107626464846
431647.76105156186 5303950.893466611 1047.3107626464846
431647.7792527016 5303950.889431517 1047.3107626464846
431647.7977362623 5303950.8869981095 1047.3107626464846
431647.8163615728 5303950.88618491 1047.3107626464846
431647.8349868834 5303950.8869981095 1047.3107626464846
431647.853470444 5303950.889431517 1047.3107626464846
431647.8716715838 5303950.893466611 1047.3107626464846
431647.889451781 5303950.899072686 1047.3107626464846
431647.9066757176 5303950.906207074 1047.3107626464846
431647.92321230896 5303950.914815479 1047.3107626464846
431647.93893570174 5303950.924832385 1047.3107626464846
431647.95372623135 5303950.936181557 1047.3107626464846
431647.967471333 5303950.948776622 1047.3107626464846
431647.9800663981 5303950.962521724 1047.3107626464846
431647.99141557066 5303950.977312254 1047.3107626464846
431648.0014324766 5303950.993035647 1047.3107626464846
431648.0100408812 5303951.009572239 1047.3107626464846
431648.0171752694 5303951.026796175 1047.3107626464846
431648.022781344 5303951.044576372 1047.3107626464846
431648.0268164395 5303951.062777512 1047.3107626464846
431648.02924984647 5303951.081261072 1047.3107626464846
431671.1406665734 5303983.460624807 1047.5527670410158
431671.1398086289 5303983.480274967 1047.5527670410158
431671.1372413248 5303983.499775577 1047.5527670410158
431671.1329841999 5303983.518978227 1047.5527670410158
431671.1270696535 5303983.537736772 1047.5527670410158
431671.1195426988 5303983.555908448 1047.5527670410158
431671.1104606204 5303983.573354958 1047.5527670410158
431671.0998925387 5303983.589943524 1047.5527670410158
431671.0879188829 5303983.605547896 1047.5527670410158
431671.0746307797 5303983.620049316 1047.5527670410158
431671.0601293599 5303983.633337419 1047.5527670410158
431671.0445249879 5303983.645311074 1047.5527670410158
431671.0279364223 5303983.655879156 1047.5527670410158
431671.0104899122 5303983.664961235 1047.5527670410158
431670.992318236 5303983.672488189 1047.5527670410158
431670.9735596913 5303983.678402736 1047.5527670410158
431670.95435704174 5303983.682659861 1047.5527670410158
431670.9348564312 5303983.685227164 1047.5527670410158
431670.9152062711 5303983.686085109 1047.5527670410158
431670.895556111 5303983.685227164 1047.5527670410158
431670.87605550047 5303983.682659861 1047.5527670410158
431670.8568528509 5303983.678402736 1047.5527670410158
431670.8380943062 5303983.672488189 1047.5527670410158
431670.81992263 5303983.664961235 1047.5527670410158
431670.80247612 5303983.655879156 1047.5527670410158
431670.7858875544 5303983.645311074 1047.5527670410158
431670.7702831823 5303983.633337419 1047.5527670410158
431670.7557817625 5303983.620049316 1047.5527670410158
431670.7424936594 5303983.605547896 1047.5527670410158
431670.73052000353 5303983.589943524 1047.5527670410158
431670.7199519218 5303983.573354958 1047.5527670410158
431670.7108698434 5303983.555908448 1047.5527670410158
431670.7033428888 5303983.537736772 1047.5527670410158
431670.6974283423 5303983.518978227 1047.5527670410158
431670.6931712174 5303983.499775577 1047.5527670410158
431670.6906039133 5303983.480274967 1047.5527670410158
431670.6897459688 5303983.460624807 1047.5527670410158
431670.6906039133 5303983.440974646 1047.5527670410158
431670.6931712174 5303983.421474036 1047.5527670410158
431670.6974283423 5303983.402271386 1047.5527670410158
431670.7033428888 5303983.383512842 1047.5527670410158
431670.7108698434 5303983.365341165 1047.5527670410158
431670.7199519218 5303983.347894656 1047.5527670410158
431670.73052000353 5303983.33130609 1047.5527670410158
431670.7424936594 5303983.3157017175 1047.5527670410158
431670.7557817625 5303983.301200298 1047.5527670410158
431670.7702831823 5303983.287912195 1047.5527670410158
431670.7858875544 5303983.275938539 1047.5527670410158
431670.80247612 5303983.265370457 1047.5527670410158
431670.81992263 5303983.2562883785 1047.5527670410158
431670.8380943062 5303983.248761424 1047.5527670410158
431670.8568528509 5303983.242846877 1047.5527670410158
431670.87605550047 5303983.238589752 1047.5527670410158
431670.895556111 5303983.236022449 1047.5527670410158
431670.9152062711 5303983.2351645045 1047.5527670410158
431670.9348564312 5303983.236022449 1047.5527670410158
431670.95435704174 5303983.238589752 1047.5527670410158
431670.9735596913 5303983.242846877 1047.5527670410158
431670.992318236 5303983.248761424 1047.5527670410158
431671.0104899122 5303983.2562883785 1047.5527670410158
431671.0279364223 5303983.265370457 1047.5527670410158
431671.0445249879 5303983.275938539 1047.5527670410158
431671.0601293599 5303983.287912195 1047.5527670410158
431671.0746307797 5303983.301200298 1047.5527670410158
431671.0879188829 5303983.3157017175 1047.5527670410158
431671.0998925387 5303983.33130609 1047.5527670410158
431671.1104606204 5303983.347894656 1047.5527670410158
431671.1195426988 5303983.365341165 1047.5527670410158
431671.1270696535 5303983.383512842 1047.5527670410158
431671.1329841999 5303983.402271386 1047.5527670410158
431671.1372413248 5303983.421474036 1047.5527670410158
431671.1398086289 5303983.440974646 1047.5527670410158
431679.668306146 5303983.883140967 1047.0717489746096
431679.6676252998 5303983.89873491 1047.0717489746096
431679.6655879426 5303983.914210174 1047.0717489746096
431679.66220958007 5303983.929448984 1047.0717489746096
431679.6575159236 5303983.94433536 1047.0717489746096
431679.6515426946 5303983.95875601 1047.0717489746096
431679.64433535305 5303983.972601185 1047.0717489746096
431679.6359487512 5303983.985765512 1047.0717489746096
431679.62644671614 5303983.998148805 1047.0717489746096
431679.6159015641 5303984.00965682 1047.0717489746096
431679.60439355 5303984.020201972 1047.0717489746096
431679.5920102568 5303984.029704006 1047.0717489746096
431679.5788459288 5303984.038090609 1047.0717489746096
431679.5650007546 5303984.045297951 1047.0717489746096
431679.5505801043 5303984.051271179 1047.0717489746096
431679.5356937276 5303984.055964836 1047.0717489746096
431679.520454919 5303984.059343198 1047.0717489746096
431679.50497965503 5303984.061380555 1047.0717489746096
431679.48938571167 5303984.062061402 1047.0717489746096
431679.4737917683 5303984.061380555 1047.0717489746096
431679.4583165043 5303984.059343198 1047.0717489746096
431679.4430776957 5303984.055964836 1047.0717489746096
431679.4281913191 5303984.051271179 1047.0717489746096
431679.41377066873 5303984.045297951 1047.0717489746096
431679.3999254945 5303984.038090609 1047.0717489746096
431679.38676116656 5303984.029704006 1047.0717489746096
431679.3743778734 5303984.020201972 1047.0717489746096
431679.36286985927 5303984.00965682 1047.0717489746096
431679.3523247072 5303983.998148805 1047.0717489746096
431679.3428226721 5303983.985765512 1047.0717489746096
431679.3344360703 5303983.972601185 1047.0717489746096
431679.3272287288 5303983.95875601 1047.0717489746096
431679.3212554998 5303983.94433536 1047.0717489746096
431679.31656184327 5303983.929448984 1047.0717489746096
431679.3131834808 5303983.914210174 1047.0717489746096
431679.3111461236 5303983.89873491 1047.0717489746096
431679.31046527735 5303983.883140967 1047.0717489746096
431679.3111461236 5303983.867547024 1047.0717489746096
431679.3131834808 5303983.85207176 1047.0717489746096
431679.31656184327 5303983.836832951 1047.0717489746096
431679.3212554998 5303983.821946574 1047.0717489746096
431679.3272287288 5303983.807525924 1047.0717489746096
431679.3344360703 5303983.79368075 1047.0717489746096
431679.3428226721 5303983.780516422 1047.0717489746096
431679.3523247072 5303983.768133129 1047.0717489746096
431679.36286985927 5303983.756625115 1047.0717489746096
431679.3743778734 5303983.746079963 1047.0717489746096
431679.38676116656 5303983.736577928 1047.0717489746096
431679.3999254945 5303983.728191325 1047.0717489746096
431679.41377066873 5303983.720983984 1047.0717489746096
431679.4281913191 5303983.715010756 1047.0717489746096
431679.4430776957 5303983.710317099 1047.0717489746096
431679.4583165043 5303983.706938736 1047.0717489746096
431679.4737917683 5303983.70490138 1047.0717489746096
431679.48938571167 5303983.704220532 1047.0717489746096
431679.50497965503 5303983.70490138 1047.0717489746096
431679.520454919 5303983.706938736 1047.0717489746096
431679.5356937276 5303983.710317099 1047.0717489746096
431679.5505801043 5303983.715010756 1047.0717489746096
431679.5650007546 5303983.720983984 1047.0717489746096
431679.5788459288 5303983.728191325 1047.0717489746096
431679.5920102568 5303983.736577928 1047.0717489746096
431679.60439355 5303983.746079963 1047.0717489746096
431679.6159015641 5303983.756625115 1047.0717489746096
431679.62644671614 5303983.768133129 1047.0717489746096
431679.6359487512 5303983.780516422 1047.0717489746096
431679.64433535305 5303983.79368075 1047.0717489746096
431679.6515426946 5303983.807525924 1047.0717489746096
431679.6575159236 5303983.821946574 1047.0717489746096
431679.66220958007 5303983.836832951 1047.0717489746096
431679.6655879426 5303983.85207176 1047.0717489746096
431679.6676252998 5303983.867547024 1047.0717489746096
431658.6544198268 5304051.997957759 1054.6557943847658
431658.6526705148 5304052.03802359 1054.6557943847658
431658.6474358922 5304052.077784495 1054.6557943847658
431658.6387557976 5304052.116937872 1054.6557943847658
431658.6266962919 5304052.155185738 1054.6557943847658
431658.611349155 5304052.192237004 1054.6557943847658
431658.59283118806 5304052.227809687 1054.6557943847658
431658.5712833239 5304052.261633059 1054.6557943847658
431658.54686955473 5304052.293449703 1054.6557943847658
431658.5197756842 5304052.323017473 1054.6557943847658
431658.490207913 5304052.350111344 1054.6557943847658
431658.4583912696 5304052.374525113 1054.6557943847658
431658.424567898 5304052.396072977 1054.6557943847658
431658.3889952144 5304052.414590945 1054.6557943847658
431658.3519439484 5304052.429938082 1054.6557943847658
431658.3136960826 5304052.441997587 1054.6557943847658
431658.2745427063 5304052.450677682 1054.6557943847658
431658.2347818004 5304052.455912304 1054.6557943847658
431658.1947159692 5304052.457661616 1054.6557943847658
431658.1546501381 5304052.455912304 1054.6557943847658
431658.1148892321 5304052.450677682 1054.6557943847658
431658.0757358558 5304052.441997587 1054.6557943847658
431658.03748799 5304052.429938082 1054.6557943847658
431658.0004367241 5304052.414590945 1054.6557943847658
431657.9648640404 5304052.396072977 1054.6557943847658
431657.9310406688 5304052.374525113 1054.6557943847658
431657.89922402543 5304052.350111344 1054.6557943847658
431657.8696562542 5304052.323017473 1054.6557943847658
431657.8425623837 5304052.293449703 1054.6557943847658
431657.81814861455 5304052.261633059 1054.6557943847658
431657.7966007504 5304052.227809687 1054.6557943847658
431657.7780827834 5304052.192237004 1054.6557943847658
431657.7627356465 5304052.155185738 1054.6557943847658
431657.7506761408 5304052.116937872 1054.6557943847658
431657.7419960462 5304052.077784495 1054.6557943847658
431657.7367614237 5304052.03802359 1054.6557943847658
431657.73501211166 5304051.997957759 1054.6557943847658
431657.7367614237 5304051.957891927 1054.6557943847658
431657.7419960462 5304051.918131022 1054.6557943847658
431657.7506761408 5304051.878977645 1054.6557943847658
431657.7627356465 5304051.84072978 1054.6557943847658
431657.7780827834 5304051.8036785135 1054.6557943847658
431657.7966007504 5304051.76810583 1054.6557943847658
431657.81814861455 5304051.734282458 1054.6557943847658
431657.8425623837 5304051.702465815 1054.6557943847658
431657.8696562542 5304051.672898044 1054.6557943847658
431657.89922402543 5304051.645804173 1054.6557943847658
431657.9310406688 5304051.621390404 1054.6557943847658
431657.9648640404 5304051.59984254 1054.6557943847658
431658.0004367241 5304051.581324573 1054.6557943847658
431658.03748799 5304051.565977436 1054.6557943847658
431658.0757358558 5304051.55391793 1054.6557943847658
431658.1148892321 5304051.545237836 1054.6557943847658
431658.1546501381 5304051.540003213 1054.6557943847658
431658.1947159692 5304051.5382539015 1054.6557943847658
431658.2347818004 5304051.540003213 1054.6557943847658
431658.2745427063 5304051.545237836 1054.6557943847658
431658.3136960826 5304051.55391793 1054.6557943847658
431658.3519439484 5304051.565977436 1054.6557943847658
431658.3889952144 5304051.581324573 1054.6557943847658
431658.424567898 5304051.59984254 1054.6557943847658
431658.4583912696 5304051.621390404 1054.6557943847658
431658.490207913 5304051.645804173 1054.6557943847658
431658.5197756842 5304051.672898044 1054.6557943847658
431658.54686955473 5304051.702465815 1054.6557943847658
431658.5712833239 5304051.734282458 1054.6557943847658
431658.59283118806 5304051.76810583 1054.6557943847658
431658.611349155 5304051.8036785135 1054.6557943847658
431658.6266962919 5304051.84072978 1054.6557943847658
431658.6387557976 5304051.878977645 1054.6557943847658
431658.6474358922 5304051.918131022 1054.6557943847658
431658.6526705148 5304051.957891927 1054.6557943847658
431682.3954415915 5303966.973325278 1046.4127523925783
431682.3938497615 5303967.00978418 1046.4127523925783
431682.3890863863 5303967.045965606 1046.4127523925783
431682.3811877178 5303967.081594197 1046.4127523925783
431682.37021387 5303967.116398796 1046.4127523925783
431682.3562483603 5303967.150114519 1046.4127523925783
431682.3393974748 5303967.182484769 1046.4127523925783
431682.3197894587 5303967.2132631885 1046.4127523925783
431682.297573541 5303967.242215537 1046.4127523925783
431682.2729187983 5303967.269121467 1046.4127523925783
431682.24601286784 5303967.2937762095 1046.4127523925783
431682.21706052026 5303967.315992127 1046.4127523925783
431682.1862821003 5303967.335600143 1046.4127523925783
431682.15391185024 5303967.352451029 1046.4127523925783
431682.1201961273 5303967.366416539 1046.4127523925783
431682.0853915286 5303967.377390387 1046.4127523925783
431682.049762938 5303967.385289055 1046.4127523925783
431682.0135815106 5303967.39005243 1046.4127523925783
431681.977122609 5303967.39164426 1046.4127523925783
431681.9406637073 5303967.39005243 1046.4127523925783
431681.90448228 5303967.385289055 1046.4127523925783
431681.86885368935 5303967.377390387 1046.4127523925783
431681.8340490906 5303967.366416539 1046.4127523925783
431681.8003333677 5303967.352451029 1046.4127523925783
431681.7679631177 5303967.335600143 1046.4127523925783
431681.7371846977 5303967.315992127 1046.4127523925783
431681.7082323501 5303967.2937762095 1046.4127523925783
431681.6813264197 5303967.269121467 1046.4127523925783
431681.65667167696 5303967.242215537 1046.4127523925783
431681.63445575925 5303967.2132631885 1046.4127523925783
431681.6148477432 5303967.182484769 1046.4127523925783
431681.59799685766 5303967.150114519 1046.4127523925783
431681.584031348 5303967.116398796 1046.4127523925783
431681.5730575001 5303967.081594197 1046.4127523925783
431681.5651588317 5303967.045965606 1046.4127523925783
431681.5603954565 5303967.00978418 1046.4127523925783
431681.55880362645 5303966.973325278 1046.4127523925783
431681.5603954565 5303966.936866376 1046.4127523925783
431681.5651588317 5303966.900684949 1046.4127523925783
431681.5730575001 5303966.865056358 1046.4127523925783
431681.584031348 5303966.830251759 1046.4127523925783
431681.59799685766 5303966.796536037 1046.4127523925783
431681.6148477432 5303966.764165786 1046.4127523925783
431681.63445575925 5303966.733387367 1046.4127523925783
431681.65667167696 5303966.704435019 1046.4127523925783
431681.6813264197 5303966.677529088 1046.4127523925783
431681.7082323501 5303966.652874346 1046.4127523925783
431681.7371846977 5303966.630658428 1046.4127523925783
431681.7679631177 5303966.611050412 1046.4127523925783
431681.8003333677 5303966.594199526 1046.4127523925783
431681.8340490906 5303966.580234016 1046.4127523925783
431681.86885368935 5303966.569260169 1046.4127523925783
431681.90448228 5303966.5613615 1046.4127523925783
431681.9406637073 5303966.556598125 1046.4127523925783
431681.977122609 5303966.555006295 1046.4127523925783
431682.0135815106 5303966.556598125 1046.4127523925783
431682.049762938 5303966.5613615 1046.4127523925783
431682.0853915286 5303966.569260169 1046.4127523925783
431682.1201961273 5303966.580234016 1046.4127523925783
431682.15391185024 5303966.594199526 1046.4127523925783
431682.1862821003 5303966.611050412 1046.4127523925783
431682.21706052026 5303966.630658428 1046.4127523925783
431682.24601286784 5303966.652874346 1046.4127523925783
431682.2729187983 5303966.677529088 1046.4127523925783
431682.297573541 5303966.704435019 1046.4127523925783
431682.3197894587 5303966.733387367 1046.4127523925783
431682.3393974748 5303966.764165786 1046.4127523925783
431682.3562483603 5303966.796536037 1046.4127523925783
431682.37021387 5303966.830251759 1046.4127523925783
431682.3811877178 5303966.865056358 1046.4127523925783
431682.3890863863 5303966.900684949 1046.4127523925783
431682.3938497615 5303966.936866376 1046.4127523925783
431614.8630463453 5304028.821657545 1053.4887411621096
431614.8624580669 5304028.835131336 1053.4887411621096
431614.86069770873 5304028.848502584 1053.4887411621096
431614.8577786683 5304028.861669525 1053.4887411621096
431614.8537231612 5304028.874531949 1053.4887411621096
431614.8485620523 5304028.886991968 1053.4887411621096
431614.8423346208 5304028.898954753 1053.4887411621096
431614.8350882611 5304028.910329259 1053.4887411621096
431614.8268781225 5304028.92102892 1053.4887411621096
431614.81776668906 5304028.930972305 1053.4887411621096
431614.80782330426 5304028.940083738 1053.4887411621096
431614.79712364334 5304028.948293877 1053.4887411621096
431614.78574913705 5304028.955540237 1053.4887411621096
431614.7737863524 5304028.961767668 1053.4887411621096
431614.7613263333 5304028.966928777 1053.4887411621096
431614.7484639081 5304028.970984285 1053.4887411621096
431614.7352969676 5304028.973903324 1053.4887411621096
431614.7219257201 5304028.975663683 1053.4887411621096
431614.70845192886 5304028.976251962 1053.4887411621096
431614.6949781377 5304028.975663683 1053.4887411621096
431614.68160689017 5304028.973903324 1053.4887411621096
431614.6684399496 5304028.970984285 1053.4887411621096
431614.6555775244 5304028.966928777 1053.4887411621096
431614.6431175053 5304028.961767668 1053.4887411621096
431614.6311547207 5304028.955540237 1053.4887411621096
431614.6197802144 5304028.948293877 1053.4887411621096
431614.6090805535 5304028.940083738 1053.4887411621096
431614.5991371687 5304028.930972305 1053.4887411621096
431614.5900257352 5304028.92102892 1053.4887411621096
431614.5818155966 5304028.910329259 1053.4887411621096
431614.57456923695 5304028.898954753 1053.4887411621096
431614.5683418054 5304028.886991968 1053.4887411621096
431614.5631806965 5304028.874531949 1053.4887411621096
431614.55912518944 5304028.861669525 1053.4887411621096
431614.556206149 5304028.848502584 1053.4887411621096
431614.5544457909 5304028.835131336 1053.4887411621096
431614.5538575124 5304028.821657545 1053.4887411621096
431614.5544457909 5304028.808183754 1053.4887411621096
431614.556206149 5304028.794812506 1053.4887411621096
431614.55912518944 5304028.781645565 1053.4887411621096
431614.5631806965 5304028.768783141 1053.4887411621096
431614.5683418054 5304028.7563231215 1053.4887411621096
431614.57456923695 5304028.744360337 1053.4887411621096
431614.5818155966 5304028.732985831 1053.4887411621096
431614.5900257352 5304028.722286169 1053.4887411621096
431614.5991371687 5304028.712342785 1053.4887411621096
431614.6090805535 5304028.703231351 1053.4887411621096
431614.6197802144 5304028.695021213 1053.4887411621096
431614.6311547207 5304028.687774853 1053.4887411621096
431614.6431175053 5304028.681547422 1053.4887411621096
431614.6555775244 5304028.676386313 1053.4887411621096
431614.6684399496 5304028.672330805 1053.4887411621096
431614.68160689017 5304028.669411765 1053.4887411621096
431614.6949781377 5304028.667651407 1053.4887411621096
431614.70845192886 5304028.667063128 1053.4887411621096
431614.7219257201 5304028.667651407 1053.4887411621096
431614.7352969676 5304028.669411765 1053.4887411621096
431614.7484639081 5304028.672330805 1053.4887411621096
431614.7613263333 5304028.676386313 1053.4887411621096
431614.7737863524 5304028.681547422 1053.4887411621096
431614.78574913705 5304028.687774853 1053.4887411621096
431614.79712364334 5304028.695021213 1053.4887411621096
431614.80782330426 5304028.703231351 1053.4887411621096
431614.81776668906 5304028.712342785 1053.4887411621096
431614.8268781225 5304028.722286169 1053.4887411621096
431614.8350882611 5304028.732985831 1053.4887411621096
431614.8423346208 5304028.744360337 1053.4887411621096
431614.8485620523 5304028.7563231215 1053.4887411621096
431614.8537231612 5304028.768783141 1053.4887411621096
431614.8577786683 5304028.781645565 1053.4887411621096
431614.86069770873 5304028.794812506 1053.4887411621096
431614.8624580669 5304028.808183754 1053.4887411621096
431634.5056521342 5304103.559262007 1064.055757763672
431634.5032237856 5304103.614880335 1064.055757763672
431634.4959572208 5304103.670075374 1064.055757763672
431634.48390774295 5304103.724427056 1064.055757763672
431634.4671670557 5304103.777521732 1064.055757763672
431634.4458625659 5304103.828955321 1064.055757763672
431634.4201564135 5304103.87833638 1064.055757763672
431634.3902442379 5304103.925289091 1064.055757763672
431634.3563536888 5304103.969456114 1064.055757763672
431634.3187426937 5304104.010501313 1064.055757763672
431634.2776974951 5304104.048112308 1064.055757763672
431634.2335304715 5304104.082002857 1064.055757763672
431634.1865777609 5304104.111915032 1064.055757763672
431634.1371967016 5304104.137621185 1064.055757763672
431634.0857631134 5304104.158925675 1064.055757763672
431634.0326684368 5304104.175666362 1064.055757763672
431633.97831675457 5304104.18771584 1064.055757763672
431633.9231217156 5304104.194982405 1064.055757763672
431633.8675033876 5304104.197410753 1064.055757763672
431633.8118850597 5304104.194982405 1064.055757763672
431633.7566900207 5304104.18771584 1064.055757763672
431633.7023383384 5304104.175666362 1064.055757763672
431633.6492436618 5304104.158925675 1064.055757763672
431633.5978100736 5304104.137621185 1064.055757763672
431633.5484290144 5304104.111915032 1064.055757763672
431633.5014763037 5304104.082002857 1064.055757763672
431633.4573092802 5304104.048112308 1064.055757763672
431633.4162640816 5304104.010501313 1064.055757763672
431633.3786530864 5304103.969456114 1064.055757763672
431633.3447625373 5304103.925289091 1064.055757763672
431633.3148503617 5304103.87833638 1064.055757763672
431633.28914420935 5304103.828955321 1064.055757763672
431633.26783971954 5304103.777521732 1064.055757763672
431633.2510990323 5304103.724427056 1064.055757763672
431633.23904955445 5304103.670075374 1064.055757763672
431633.2317829897 5304103.614880335 1064.055757763672
431633.22935464105 5304103.559262007 1064.055757763672
431633.2317829897 5304103.503643679 1064.055757763672
431633.23904955445 5304103.448448639 1064.055757763672
431633.2510990323 5304103.3940969575 1064.055757763672
431633.26783971954 5304103.341002281 1064.055757763672
431633.28914420935 5304103.289568692 1064.055757763672
431633.3148503617 5304103.240187633 1064.055757763672
431633.3447625373 5304103.193234922 1064.055757763672
431633.3786530864 5304103.149067899 1064.055757763672
431633.4162640816 5304103.1080227 1064.055757763672
431633.4573092802 5304103.070411705 1064.055757763672
431633.5014763037 5304103.036521156 1064.055757763672
431633.5484290144 5304103.006608981 1064.055757763672
431633.5978100736 5304102.980902828 1064.055757763672
431633.6492436618 5304102.959598338 1064.055757763672
431633.7023383384 5304102.942857651 1064.055757763672
431633.7566900207 5304102.9308081735 1064.055757763672
431633.8118850597 5304102.923541608 1064.055757763672
431633.8675033876 5304102.92111326 1064.055757763672
431633.9231217156 5304102.923541608 1064.055757763672
431633.97831675457 5304102.9308081735 1064.055757763672
431634.0326684368 5304102.942857651 1064.055757763672
431634.0857631134 5304102.959598338 1064.055757763672
431634.1371967016 5304102.980902828 1064.055757763672
431634.1865777609 5304103.006608981 1064.055757763672
431634.2335304715 5304103.036521156 1064.055757763672
431634.2776974951 5304103.070411705 1064.055757763672
431634.3187426937 5304103.1080227 1064.055757763672
431634.3563536888 5304103.149067899 1064.055757763672
431634.3902442379 5304103.193234922 1064.055757763672
431634.4201564135 5304103.240187633 1064.055757763672
431634.4458625659 5304103.289568692 1064.055757763672
431634.4671670557 5304103.341002281 1064.055757763672
431634.48390774295 5304103.3940969575 1064.055757763672
431634.4959572208 5304103.448448639 1064.055757763672
431634.5032237856 5304103.503643679 1064.055757763672
431583.16031010594 5304031.636250732 1056.0017416503908
431583.1591279376 5304031.663326838 1056.0017416503908
431583.1555904296 5304031.690196879 1056.0017416503908
431583.1497245045 5304031.716656357 1056.0017416503908
431583.1415748055 5304031.7425039 1056.0017416503908
431583.1312033568 5304031.7675427925 1056.0017416503908
431583.11868909135 5304031.791582473 1056.0017416503908
431583.1041272503 5304031.814439985 1056.0017416503908
431583.08762865793 5304031.835941369 1056.0017416503908
431583.0693188787 5304031.855922987 1056.0017416503908
431583.0493372609 5304031.874232765 1056.0017416503908
431583.0278358768 5304031.890731358 1056.0017416503908
431583.00497836486 5304031.905293199 1056.0017416503908
431582.9809386846 5304031.9178074645 1056.0017416503908
431582.9558997925 5304031.928178913 1056.0017416503908
431582.9300522496 5304031.936328612 1056.0017416503908
431582.9035927713 5304031.942194537 1056.0017416503908
431582.8767227303 5304031.945732045 1056.0017416503908
431582.84964662377 5304031.946914214 1056.0017416503908
431582.82257051725 5304031.945732045 1056.0017416503908
431582.7957004762 5304031.942194537 1056.0017416503908
431582.769240998 5304031.936328612 1056.0017416503908
431582.7433934551 5304031.928178913 1056.0017416503908
431582.7183545629 5304031.9178074645 1056.0017416503908
431582.6943148827 5304031.905293199 1056.0017416503908
431582.67145737074 5304031.890731358 1056.0017416503908
431582.64995598665 5304031.874232765 1056.0017416503908
431582.6299743688 5304031.855922987 1056.0017416503908
431582.6116645896 5304031.835941369 1056.0017416503908
431582.5951659973 5304031.814439985 1056.0017416503908
431582.5806041562 5304031.791582473 1056.0017416503908
431582.5680898908 5304031.7675427925 1056.0017416503908
431582.55771844205 5304031.7425039 1056.0017416503908
431582.5495687431 5304031.716656357 1056.0017416503908
431582.543702818 5304031.690196879 1056.0017416503908
431582.54016531 5304031.663326838 1056.0017416503908
431582.5389831416 5304031.636250732 1056.0017416503908
431582.54016531 5304031.609174625 1056.0017416503908
431582.543702818 5304031.582304584 1056.0017416503908
431582.5495687431 5304031.555845106 1056.0017416503908
431582.55771844205 5304031.529997563 1056.0017416503908
431582.5680898908 5304031.504958671 1056.0017416503908
431582.5806041562 5304031.48091899 1056.0017416503908
431582.5951659973 5304031.458061478 1056.0017416503908
431582.6116645896 5304031.436560094 1056.0017416503908
431582.6299743688 5304031.416578476 1056.0017416503908
431582.64995598665 5304031.398268698 1056.0017416503908
431582.67145737074 5304031.381770105 1056.0017416503908
431582.6943148827 5304031.367208264 1056.0017416503908
431582.7183545629 5304031.354693999 1056.0017416503908
431582.7433934551 5304031.34432255 1056.0017416503908
431582.769240998 5304031.336172851 1056.0017416503908
431582.7957004762 5304031.330306926 1056.0017416503908
431582.82257051725 5304031.326769418 1056.0017416503908
431582.84964662377 5304031.325587249 1056.0017416503908
431582.8767227303 5304031.326769418 1056.0017416503908
431582.9035927713 5304031.330306926 1056.0017416503908
431582.9300522496 5304031.336172851 1056.0017416503908
431582.9558997925 5304031.34432255 1056.0017416503908
431582.9809386846 5304031.354693999 1056.0017416503908
431583.00497836486 5304031.367208264 1056.0017416503908
431583.0278358768 5304031.381770105 1056.0017416503908
431583.0493372609 5304031.398268698 1056.0017416503908
431583.0693188787 5304031.416578476 1056.0017416503908
431583.08762865793 5304031.436560094 1056.0017416503908
431583.1041272503 5304031.458061478 1056.0017416503908
431583.11868909135 5304031.48091899 1056.0017416503908
431583.1312033568 5304031.504958671 1056.0017416503908
431583.1415748055 5304031.529997563 1056.0017416503908
431583.1497245045 5304031.555845106 1056.0017416503908
431583.1555904296 5304031.582304584 1056.0017416503908
431583.1591279376 5304031.609174625 1056.0017416503908
431666.1144695061 5303950.558891082 1047.3657553222658
431666.1133143066 5303950.585349501 1047.3657553222658
431666.10985749983 5303950.611606556 1047.3657553222658
431666.1041253941 5303950.637462414 1047.3657553222658
431666.0961616144 5303950.6627202965 1047.3657553222658
431666.0860267696 5303950.687187976 1047.3657553222658
431666.0737979922 5303950.710679239 1047.3657553222658
431666.05956835055 5303950.733015302 1047.3657553222658
431666.0434461408 5303950.754026175 1047.3657553222658
431666.0255540627 5303950.773551952 1047.3657553222658
431666.0060282858 5303950.79144403 1047.3657553222658
431665.9850174129 5303950.80756624 1047.3657553222658
431665.96268134966 5303950.821795881 1047.3657553222658
431665.9391900869 5303950.834024658 1047.3657553222658
431665.9147224072 5303950.844159504 1047.3657553222658
431665.88946452463 5303950.852123283 1047.3657553222658
431665.8636086667 5303950.857855389 1047.3657553222658
431665.8373516122 5303950.861312196 1047.3657553222658
431665.8108931932 5303950.862467395 1047.3657553222658
431665.7844347741 5303950.861312196 1047.3657553222658
431665.75817771966 5303950.857855389 1047.3657553222658
431665.7323218617 5303950.852123283 1047.3657553222658
431665.7070639791 5303950.844159504 1047.3657553222658
431665.6825962995 5303950.834024658 1047.3657553222658
431665.6591050367 5303950.821795881 1047.3657553222658
431665.63676897343 5303950.80756624 1047.3657553222658
431665.6157581006 5303950.79144403 1047.3657553222658
431665.5962323237 5303950.773551952 1047.3657553222658
431665.5783402456 5303950.754026175 1047.3657553222658
431665.5622180358 5303950.733015302 1047.3657553222658
431665.54798839416 5303950.710679239 1047.3657553222658
431665.5357596168 5303950.687187976 1047.3657553222658
431665.525624772 5303950.6627202965 1047.3657553222658
431665.5176609922 5303950.637462414 1047.3657553222658
431665.5119288865 5303950.611606556 1047.3657553222658
431665.50847207976 5303950.585349501 1047.3657553222658
431665.5073168802 5303950.558891082 1047.3657553222658
431665.50847207976 5303950.532432663 1047.3657553222658
431665.5119288865 5303950.506175608 1047.3657553222658
431665.5176609922 5303950.480319751 1047.3657553222658
431665.525624772 5303950.455061868 1047.3657553222658
431665.5357596168 5303950.430594188 1047.3657553222658
431665.54798839416 5303950.407102926 1047.3657553222658
431665.5622180358 5303950.384766863 1047.3657553222658
431665.5783402456 5303950.36375599 1047.3657553222658
431665.5962323237 5303950.344230212 1047.3657553222658
431665.6157581006 5303950.326338135 1047.3657553222658
431665.63676897343 5303950.310215925 1047.3657553222658
431665.6591050367 5303950.295986284 1047.3657553222658
431665.6825962995 5303950.283757506 1047.3657553222658
431665.7070639791 5303950.273622661 1047.3657553222658
431665.7323218617 5303950.2656588815 1047.3657553222658
431665.75817771966 5303950.259926776 1047.3657553222658
431665.7844347741 5303950.256469969 1047.3657553222658
431665.8108931932 5303950.255314769 1047.3657553222658
431665.8373516122 5303950.256469969 1047.3657553222658
431665.8636086667 5303950.259926776 1047.3657553222658
431665.88946452463 5303950.2656588815 1047.3657553222658
431665.9147224072 5303950.273622661 1047.3657553222658
431665.9391900869 5303950.283757506 1047.3657553222658
431665.96268134966 5303950.295986284 1047.3657553222658
431665.9850174129 5303950.310215925 1047.3657553222658
431666.0060282858 5303950.326338135 1047.3657553222658
431666.0255540627 5303950.344230212 1047.3657553222658
431666.0434461408 5303950.36375599 1047.3657553222658
431666.05956835055 5303950.384766863 1047.3657553222658
431666.0737979922 5303950.407102926 1047.3657553222658
431666.0860267696 5303950.430594188 1047.3657553222658
431666.0961616144 5303950.455061868 1047.3657553222658
431666.1041253941 5303950.480319751 1047.3657553222658
431666.10985749983 5303950.506175608 1047.3657553222658
431666.1133143066 5303950.532432663 1047.3657553222658
431655.2521579663 5304058.0079374565 1055.712740185547
431655.2498024517 5304058.061887611 1055.712740185547
431655.2427538347 5304058.115427172 1055.712740185547
431655.23106575967 5304058.168148671 1055.712740185547
431655.2148271798 5304058.219650866 1055.712740185547
431655.1941616806 5304058.269541795 1055.712740185547
431655.16922653886 5304058.317441757 1055.712740185547
431655.1402115262 5304058.362986204 1055.712740185547
431655.1073374643 5304058.405828515 1055.712740185547
431655.07085454464 5304058.445642636 1055.712740185547
431655.03104042425 5304058.482125555 1055.712740185547
431654.9881981127 5304058.514999618 1055.712740185547
431654.9426536657 5304058.54401463 1055.712740185547
431654.8947537042 5304058.568949772 1055.712740185547
431654.8448627757 5304058.589615271 1055.712740185547
431654.7933605803 5304058.605853851 1055.712740185547
431654.7406390808 5304058.617541926 1055.712740185547
431654.68709951965 5304058.624590543 1055.712740185547
431654.63314936525 5304058.626946057 1055.712740185547
431654.57919921086 5304058.624590543 1055.712740185547
431654.52565964975 5304058.617541926 1055.712740185547
431654.4729381502 5304058.605853851 1055.712740185547
431654.4214359548 5304058.589615271 1055.712740185547
431654.3715450263 5304058.568949772 1055.712740185547
431654.3236450648 5304058.54401463 1055.712740185547
431654.2781006178 5304058.514999618 1055.712740185547
431654.2352583063 5304058.482125555 1055.712740185547
431654.19544418587 5304058.445642636 1055.712740185547
431654.1589612662 5304058.405828515 1055.712740185547
431654.1260872043 5304058.362986204 1055.712740185547
431654.09707219165 5304058.317441757 1055.712740185547
431654.0721370499 5304058.269541795 1055.712740185547
431654.0514715507 5304058.219650866 1055.712740185547
431654.0352329709 5304058.168148671 1055.712740185547
431654.0235448958 5304058.115427172 1055.712740185547
431654.01649627887 5304058.061887611 1055.712740185547
431654.01414076425 5304058.0079374565 1055.712740185547
431654.01649627887 5304057.953987302 1055.712740185547
431654.0235448958 5304057.900447741 1055.712740185547
431654.0352329709 5304057.847726242 1055.712740185547
431654.0514715507 5304057.796224047 1055.712740185547
431654.0721370499 5304057.746333118 1055.712740185547
431654.09707219165 5304057.698433156 1055.712740185547
431654.1260872043 5304057.652888709 1055.712740185547
431654.1589612662 5304057.610046398 1055.712740185547
431654.19544418587 5304057.570232277 1055.712740185547
431654.2352583063 5304057.533749358 1055.712740185547
431654.2781006178 5304057.500875295 1055.712740185547
431654.3236450648 5304057.471860283 1055.712740185547
431654.3715450263 5304057.446925141 1055.712740185547
431654.4214359548 5304057.426259642 1055.712740185547
431654.4729381502 5304057.410021062 1055.712740185547
431654.52565964975 5304057.398332987 1055.712740185547
431654.57919921086 5304057.39128437 1055.712740185547
431654.63314936525 5304057.388928856 1055.712740185547
431654.68709951965 5304057.39128437 1055.712740185547
431654.7406390808 5304057.398332987 1055.712740185547
431654.7933605803 5304057.410021062 1055.712740185547
431654.8448627757 5304057.426259642 1055.712740185547
431654.8947537042 5304057.446925141 1055.712740185547
431654.9426536657 5304057.471860283 1055.712740185547
431654.9881981127 5304057.500875295 1055.712740185547
431655.03104042425 5304057.533749358 1055.712740185547
431655.07085454464 5304057.570232277 1055.712740185547
431655.1073374643 5304057.610046398 1055.712740185547
431655.1402115262 5304057.652888709 1055.712740185547
431655.16922653886 5304057.698433156 1055.712740185547
431655.1941616806 5304057.746333118 1055.712740185547
431655.2148271798 5304057.796224047 1055.712740185547
431655.23106575967 5304057.847726242 1055.712740185547
431655.2427538347 5304057.900447741 1055.712740185547
431655.2498024517 5304057.953987302 1055.712740185547
431611.4715043689 5303999.131983813 1052.0817587402346
431611.4708631725 5303999.146669624 1052.0817587402346
431611.4689444633 5303999.161243667 1052.0817587402346
431611.46576284384 5303999.1755950255 1052.0817587402346
431611.4613425281 5303999.189614476 1052.0817587402346
431611.4557171574 5303999.203195322 1052.0817587402346
431611.4489295441 5303999.216234206 1052.0817587402346
431611.4410313462 5303999.228631893 1052.0817587402346
431611.4320826737 5303999.24029403 1052.0817587402346
431611.4221516314 5303999.2511318615 1052.0817587402346
431611.4113138004 5303999.261062903 1052.0817587402346
431611.3996516633 5303999.270011576 1052.0817587402346
431611.387253976 5303999.277909774 1052.0817587402346
431611.3742150923 5303999.284697387 1052.0817587402346
431611.360634246 5303999.290322758 1052.0817587402346
431611.3466147956 5303999.294743073 1052.0817587402346
431611.3322634375 5303999.297924693 1052.0817587402346
431611.3176893942 5303999.299843403 1052.0817587402346
431611.3030035831 5303999.300484599 1052.0817587402346
431611.288317772 5303999.299843403 1052.0817587402346
431611.2737437287 5303999.297924693 1052.0817587402346
431611.2593923706 5303999.294743073 1052.0817587402346
431611.2453729202 5303999.290322758 1052.0817587402346
431611.23179207393 5303999.284697387 1052.0817587402346
431611.2187531903 5303999.277909774 1052.0817587402346
431611.2063555029 5303999.270011576 1052.0817587402346
431611.1946933658 5303999.261062903 1052.0817587402346
431611.1838555348 5303999.2511318615 1052.0817587402346
431611.1739244925 5303999.24029403 1052.0817587402346
431611.16497582 5303999.228631893 1052.0817587402346
431611.1570776221 5303999.216234206 1052.0817587402346
431611.1502900088 5303999.203195322 1052.0817587402346
431611.1446646381 5303999.189614476 1052.0817587402346
431611.1402443224 5303999.1755950255 1052.0817587402346
431611.1370627029 5303999.161243667 1052.0817587402346
431611.1351439937 5303999.146669624 1052.0817587402346
431611.1345027973 5303999.131983813 1052.0817587402346
431611.1351439937 5303999.117298001 1052.0817587402346
431611.1370627029 5303999.102723959 1052.0817587402346
431611.1402443224 5303999.0883726 1052.0817587402346
431611.1446646381 5303999.07435315 1052.0817587402346
431611.1502900088 5303999.060772304 1052.0817587402346
431611.1570776221 5303999.04773342 1052.0817587402346
431611.16497582 5303999.035335733 1052.0817587402346
431611.1739244925 5303999.023673596 1052.0817587402346
431611.1838555348 5303999.012835764 1052.0817587402346
431611.1946933658 5303999.0029047225 1052.0817587402346
431611.2063555029 5303998.99395605 1052.0817587402346
431611.2187531903 5303998.986057851 1052.0817587402346
431611.23179207393 5303998.979270238 1052.0817587402346
431611.2453729202 5303998.973644868 1052.0817587402346
431611.2593923706 5303998.969224553 1052.0817587402346
431611.2737437287 5303998.966042933 1052.0817587402346
431611.288317772 5303998.964124223 1052.0817587402346
431611.3030035831 5303998.963483027 1052.0817587402346
431611.3176893942 5303998.964124223 1052.0817587402346
431611.3322634375 5303998.966042933 1052.0817587402346
431611.3466147956 5303998.969224553 1052.0817587402346
431611.360634246 5303998.973644868 1052.0817587402346
431611.3742150923 5303998.979270238 1052.0817587402346
431611.387253976 5303998.986057851 1052.0817587402346
431611.3996516633 5303998.99395605 1052.0817587402346
431611.4113138004 5303999.0029047225 1052.0817587402346
431611.4221516314 5303999.012835764 1052.0817587402346
431611.4320826737 5303999.023673596 1052.0817587402346
431611.4410313462 5303999.035335733 1052.0817587402346
431611.4489295441 5303999.04773342 1052.0817587402346
431611.4557171574 5303999.060772304 1052.0817587402346
431611.4613425281 5303999.07435315 1052.0817587402346
431611.46576284384 5303999.0883726 1052.0817587402346
431611.4689444633 5303999.102723959 1052.0817587402346
431611.4708631725 5303999.117298001 1052.0817587402346
431603.3521450417 5304016.747270663 1053.514742138672
431603.3514993553 5304016.762059313 1053.514742138672
431603.3495672101 5304016.776735413 1053.514742138672
431603.346363311 5304016.791187268 1053.514742138672
431603.34191204153 5304016.8053048905 1053.514742138672
431603.3362472786 5304016.818980838 1053.514742138672
431603.3294121344 5304016.832111028 1053.514742138672
431603.3214586286 5304016.844595532 1053.514742138672
431603.312447292 5304016.856339334 1053.514742138672
431603.30244670657 5304016.867253058 1053.514742138672
431603.2915329826 5304016.877253643 1053.514742138672
431603.2797891802 5304016.88626498 1053.514742138672
431603.2673046768 5304016.894218486 1053.514742138672
431603.25417448697 5304016.90105363 1053.514742138672
431603.2404985394 5304016.906718393 1053.514742138672
431603.2263809164 5304016.911169662 1053.514742138672
431603.2119290614 5304016.914373562 1053.514742138672
431603.1972529619 5304016.916305707 1053.514742138672
431603.1824643119 5304016.916951393 1053.514742138672
431603.16767566185 5304016.916305707 1053.514742138672
431603.1529995624 5304016.914373562 1053.514742138672
431603.1385477074 5304016.911169662 1053.514742138672
431603.1244300844 5304016.906718393 1053.514742138672
431603.1107541368 5304016.90105363 1053.514742138672
431603.097623947 5304016.894218486 1053.514742138672
431603.0851394436 5304016.88626498 1053.514742138672
431603.0733956412 5304016.877253643 1053.514742138672
431603.0624819172 5304016.867253058 1053.514742138672
431603.05248133175 5304016.856339334 1053.514742138672
431603.0434699952 5304016.844595532 1053.514742138672
431603.03551648936 5304016.832111028 1053.514742138672
431603.0286813452 5304016.818980838 1053.514742138672
431603.02301658224 5304016.8053048905 1053.514742138672
431603.0185653128 5304016.791187268 1053.514742138672
431603.0153614137 5304016.776735413 1053.514742138672
431603.0134292685 5304016.762059313 1053.514742138672
431603.0127835821 5304016.747270663 1053.514742138672
431603.0134292685 5304016.732482013 1053.514742138672
431603.0153614137 5304016.717805914 1053.514742138672
431603.0185653128 5304016.703354059 1053.514742138672
431603.02301658224 5304016.689236436 1053.514742138672
431603.0286813452 5304016.675560488 1053.514742138672
431603.03551648936 5304016.6624302985 1053.514742138672
431603.0434699952 5304016.649945795 1053.514742138672
431603.05248133175 5304016.638201993 1053.514742138672
431603.0624819172 5304016.627288269 1053.514742138672
431603.0733956412 5304016.617287683 1053.514742138672
431603.0851394436 5304016.608276347 1053.514742138672
431603.097623947 5304016.600322841 1053.514742138672
431603.1107541368 5304016.593487697 1053.514742138672
431603.1244300844 5304016.587822934 1053.514742138672
431603.1385477074 5304016.583371664 1053.514742138672
431603.1529995624 5304016.580167765 1053.514742138672
431603.16767566185 5304016.57823562 1053.514742138672
431603.1824643119 5304016.577589934 1053.514742138672
431603.1972529619 5304016.57823562 1053.514742138672
431603.2119290614 5304016.580167765 1053.514742138672
431603.2263809164 5304016.583371664 1053.514742138672
431603.2404985394 5304016.587822934 1053.514742138672
431603.25417448697 5304016.593487697 1053.514742138672
431603.2673046768 5304016.600322841 1053.514742138672
431603.2797891802 5304016.608276347 1053.514742138672
431603.2915329826 5304016.617287683 1053.514742138672
431603.30244670657 5304016.627288269 1053.514742138672
431603.312447292 5304016.638201993 1053.514742138672
431603.3214586286 5304016.649945795 1053.514742138672
431603.3294121344 5304016.6624302985 1053.514742138672
431603.3362472786 5304016.675560488 1053.514742138672
431603.34191204153 5304016.689236436 1053.514742138672
431603.346363311 5304016.703354059 1053.514742138672
431603.3495672101 5304016.717805914 1053.514742138672
431603.3514993553 5304016.732482013 1053.514742138672
