name,species,plot_id,dbh_cm,inv_height_m,pc_height_m,crown_area,n_points,ground_pct,z_p05,z_p50,z_p95,flag_ground,flag_dbh,flag_height,flag_crown,flag_height_mismatch
10_1,Beech,10.0,16.6,27.06410653,22.95,25.14,62295,0.004,2.080000000000041,8.910000000000082,17.639999999999986,False,False,False,False,False
10_10,Beech,10.0,5.7,,27.6,23.34,56419,0.003,2.259999999999991,11.5,24.75,False,False,False,False,False
10_11,Beech,10.0,18.5,25.23413925,12.9,59.19,291348,0.0,2.6399999999999864,8.409999999999968,11.480000000000018,False,False,False,False,True
10_12,Beech,10.0,9.2,26.88881502,20.56,59.8,256294,0.001,7.199999999999932,14.634999999999991,18.449999999999932,False,False,False,False,True
10_13,Beech,10.0,11.5,26.88881502,14.52,38.7,93624,0.003,1.8099999999999454,6.809999999999945,12.299999999999955,False,False,False,False,True
10_14,Beech,10.0,29.6,28.22193904,28.84,51.12,174170,0.002,8.440000000000055,21.210000000000036,26.49000000000001,False,False,False,False,False
10_15,Beech,10.0,39.8,30.26935999,30.2,45.61,337891,0.003,10.639999999999986,23.230000000000018,27.899999999999977,False,False,False,False,False
10_16,Beech,10.0,32.1,28.58762275,11.06,0.32,10782,0.002,2.1900000000000546,6.690000000000055,10.509999999999991,False,False,False,False,True
10_17,Beech,10.0,11.1,29.74433557,21.91,20.13,53686,0.004,1.5300000000000864,7.259999999999991,13.220000000000027,False,False,False,False,True
10_18,Beech,10.0,12.7,28.4504703,20.3,9.82,34381,0.011,1.5,8.289999999999964,14.269999999999982,False,False,False,False,True
10_19,Beech,10.0,8.6,,14.86,47.25,369562,0.002,3.1000000000000227,9.120000000000005,13.3900000000001,False,False,False,False,False
10_2,Beech,10.0,19.1,28.53857203,25.08,31.76,85832,0.003,12.25,19.529999999999973,23.379999999999995,False,False,False,False,False
10_20,Beech,10.0,7.0,27.1471118,9.84,21.47,27759,0.006,1.7100000000000364,5.710000000000036,9.0,False,False,False,False,True
10_21,Beech,10.0,33.1,,27.59,28.8,187102,0.004,5.990000000000009,24.24000000000001,26.66999999999996,False,False,False,False,False
10_22,Beech,10.0,17.5,,26.29,37.62,158883,0.004,5.860000000000014,16.470000000000027,24.660000000000082,False,False,False,False,False
10_23,Beech,10.0,17.8,27.35443703,15.93,65.71,507321,0.001,4.440000000000055,10.960000000000036,14.389999999999986,False,False,False,False,True
10_24,Beech,10.0,48.1,29.14264374,13.69,1.05,29319,0.036,0.6599999999999682,6.5499999999999545,13.019999999999982,False,False,False,False,True
10_25,Beech,10.0,22.3,28.89576263,14.13,9.61,24305,0.025,1.0499999999999545,11.009999999999991,13.289999999999964,False,False,False,False,True
10_26,Beech,10.0,15.9,27.46049694,14.49,13.22,122349,0.016,1.3399999999999181,9.370000000000005,12.849999999999909,False,False,False,False,True
10_27,Beech,10.0,40.7,30.327264,30.56,57.59,326705,0.002,12.88000000000011,23.980000000000018,28.750000000000114,False,False,False,False,False
10_28,Beech,10.0,12.7,29.39694982,16.09,22.61,108336,0.007,1.849999999999909,7.309999999999945,14.389999999999986,False,False,False,False,True
10_29,Beech,10.0,37.6,30.07137539,30.44,46.97,360846,0.003,10.740000000000009,23.539999999999964,28.800000000000068,False,False,False,False,False
10_3,Larch,10.0,43.3,,16.12,2.65,22056,0.023,0.8500000000000227,8.049999999999955,15.269999999999982,False,False,False,False,False
10_30,Beech,10.0,39.2,,24.64,19.14,78727,0.008,2.7899999999999636,18.360000000000014,22.860000000000014,False,False,False,False,False
10_31,Beech,10.0,16.9,27.68331711,18.54,51.53,263028,0.002,6.779999999999973,13.779999999999973,16.75,False,False,False,False,True
10_32,Beech,10.0,36.6,28.66655755,10.64,0.37,14638,0.051,0.4900000000000091,4.934999999999945,9.850000000000023,False,False,False,False,True
10_33,Beech,10.0,20.4,28.30119476,27.76,26.49,135802,0.004,3.5,18.949999999999932,26.029999999999973,False,False,False,False,False
10_34,Beech,10.0,34.7,,29.37,49.13,217655,0.003,7.040000000000077,24.480000000000018,27.710000000000036,False,False,False,False,False
10_35,Beech,10.0,30.9,,29.52,39.48,228292,0.003,8.879999999999995,23.370000000000005,27.93999999999994,False,False,False,False,False
10_36,Beech,10.0,44.6,29.87659143,30.76,25.4,119374,0.007,3.310000000000059,25.110000000000014,28.49000000000001,False,False,False,False,False
10_37,Beech,10.0,13.7,28.35417335,16.15,36.84,59278,0.004,3.1200000000000045,9.700000000000045,15.259999999999991,False,False,False,False,True
10_38,Beech,10.0,46.8,30.04421765,15.62,6.12,34645,0.034,0.7200000000000273,7.680000000000064,13.960000000000036,False,False,False,False,True
10_39,Beech,10.0,12.1,26.75691338,23.42,26.32,85761,0.006,1.3400000000000318,9.269999999999982,14.199999999999932,False,False,False,False,False
10_4,Beech,10.0,40.1,27.45081655,9.51,0.3,10889,0.045,0.5440000000000053,4.659999999999968,8.899999999999977,False,False,False,False,True
10_40,Beech,10.0,30.6,27.67931898,16.17,77.84,665043,0.004,3.8600000000000136,11.220000000000027,14.740000000000009,False,False,False,False,True
10_41,Beech,10.0,23.2,29.12036512,28.86,22.51,195747,0.005,7.480000000000018,23.290000000000077,27.340000000000032,False,False,False,False,False
10_42,Beech,10.0,34.4,28.99015799,12.22,6.37,21822,0.042,0.6000000000000227,6.539999999999964,11.339999999999918,False,False,False,False,True
10_43,Beech,10.0,10.2,27.92092754,5.26,20.1,43631,0.02,0.9199999999999591,2.2999999999999545,4.490000000000009,False,False,False,False,True
10_44,Beech,10.0,9.2,28.93014632,10.03,15.53,37297,0.027,0.9400000000000546,6.480000000000018,9.120000000000005,False,False,False,False,True
10_45,Beech,10.0,18.5,26.21134435,27.2,13.74,96132,0.006,5.780000000000086,20.220000000000027,25.050000000000068,False,False,False,False,False
10_46,Beech,10.0,49.0,29.73376809,30.12,98.69,666900,0.002,14.480000000000018,22.769999999999982,27.850000000000023,False,False,False,False,False
10_47,Beech,10.0,29.0,,27.49,22.34,146724,0.003,7.519999999999982,22.620000000000005,26.06000000000006,False,False,False,False,False
10_48,Beech,10.0,17.8,26.40703214,24.34,57.15,119154,0.002,4.860000000000014,14.68999999999994,21.389999999999986,False,False,False,False,False
10_49,Beech,10.0,8.0,27.64987586,11.75,16.81,35060,0.01,1.2200000000000273,6.509999999999991,9.240000000000009,False,False,False,False,True
10_5,Beech,10.0,11.1,,18.02,77.91,244538,0.002,3.2100000000000364,12.419999999999959,16.350000000000023,False,False,False,False,False
10_50,Larch,10.0,47.7,31.12310814,31.25,71.44,569296,0.001,14.319999999999936,23.18999999999994,28.559999999999945,False,False,False,False,False
10_51,Beech,10.0,9.2,,2.33,5.22,7962,0.056,0.4800000000000182,1.4600000000000364,2.1100000000000136,False,False,False,False,False
10_52,Beech,10.0,14.3,28.48476425,22.79,27.74,65718,0.003,1.4200000000000728,8.300000000000068,14.160000000000082,False,False,False,False,True
10_53,Beech,10.0,36.3,27.91861285,28.15,69.31,313744,0.002,7.720000000000027,20.960000000000036,25.82000000000005,False,False,False,False,False
10_54,Beech,10.0,9.5,27.77662288,3.41,2.54,2902,0.061,0.42999999999995,2.25,3.1100000000000136,False,False,False,False,True
10_55,Beech,10.0,7.6,,18.02,51.63,344644,0.002,3.8700000000000045,11.659999999999968,15.970000000000027,False,False,False,False,False
10_56,Beech,10.0,8.0,29.12454544,12.61,215.08,266465,0.002,1.3400000000000318,2.8899999999999864,9.450000000000045,False,False,False,True,True
10_57,Beech,10.0,39.2,29.14218189,11.82,18.47,36586,0.018,1.2699999999999818,7.384999999999991,10.629999999999995,False,False,False,False,True
10_58,Beech,10.0,32.8,27.91223472,22.07,63.91,198635,0.001,7.6200000000000045,15.309999999999945,20.470000000000027,False,False,False,False,True
10_59,Beech,10.0,32.8,29.10509913,10.78,0.86,11383,0.064,0.39999999999997726,6.710000000000036,10.350000000000023,False,False,False,False,True
10_6,Beech,10.0,12.7,27.91174686,10.88,25.84,41603,0.018,0.9099999999999682,4.830000000000041,9.800000000000068,False,False,False,False,True
10_60,Beech,10.0,14.0,28.45460079,12.08,58.98,415620,0.004,3.2999999999999545,7.819999999999936,10.579999999999927,False,False,False,False,True
10_61,Beech,10.0,8.3,28.93014632,19.05,30.53,168429,0.004,6.2000000000000455,14.06000000000006,17.040000000000077,False,False,False,False,True
10_62,Beech,10.0,13.7,28.18457353,9.65,27.34,266105,0.001,2.1299999999999955,5.789999999999964,7.8700000000000045,False,False,False,False,True
10_63,Beech,10.0,9.9,29.0975455,19.86,14.76,87110,0.008,1.4800000000000182,7.159999999999968,17.629999999999995,False,False,False,False,True
10_64,Beech,10.0,12.7,28.80781542,15.64,19.01,65398,0.009,3.1000000000000227,10.899999999999977,15.07000000000005,False,False,False,False,True
10_65,Beech,10.0,20.7,29.20251885,28.7,17.58,177568,0.004,9.190000000000055,22.600000000000023,26.450000000000045,False,False,False,False,False
10_66,Beech,10.0,13.1,27.53030438,22.39,13.01,67192,0.005,1.5500000000000682,8.900000000000091,17.33000000000004,False,False,False,False,True
10_67,Beech,10.0,15.9,28.77303637,21.18,31.13,130705,0.003,2.5,13.720000000000027,18.950000000000045,False,False,False,False,True
10_68,Beech,10.0,39.8,29.82263469,30.01,67.4,430046,0.002,12.470000000000027,25.120000000000005,28.340000000000032,False,False,False,False,False
10_69,Beech,10.0,40.1,28.3435397,7.2,10.96,25609,0.027,0.7100000000000364,3.1000000000000227,6.509999999999991,False,False,False,False,True
10_7,Beech,10.0,9.5,27.03780042,6.05,11.02,19701,0.005,1.3100000000000591,3.5,5.509999999999991,False,False,False,False,True
10_70,Beech,10.0,12.7,29.63838418,3.19,471.73,172835,0.005,1.0,1.919999999999959,2.3899999999999864,False,False,False,True,True
10_71,Beech,10.0,6.4,,17.93,66.31,324163,0.002,4.669999999999959,11.680000000000064,15.740000000000009,False,False,False,False,False
10_72,Beech,10.0,40.7,29.55661247,12.18,3.05,19861,0.044,0.5699999999999363,6.0499999999999545,11.469999999999914,False,False,False,False,True
10_73,Beech,10.0,29.3,27.87090585,28.21,31.77,189886,0.002,7.82000000000005,22.480000000000018,26.340000000000032,False,False,False,False,False
10_74,Beech,10.0,12.7,,4.3,59.77,27784,0.218,0.22000000000002728,1.0599999999999454,3.409999999999968,False,False,False,False,False
10_75,Beech,10.0,37.6,,16.03,5.93,29746,0.023,0.8399999999999181,3.75,7.739999999999895,False,False,False,False,False
10_76,Beech,10.0,10.8,,20.25,28.38,74872,0.005,1.67999999999995,8.899999999999977,17.339999999999918,False,False,False,False,False
10_77,Beech,10.0,51.2,28.19199028,29.27,109.93,288277,0.002,8.598000000000013,22.069999999999936,26.68999999999994,False,False,False,False,False
10_78,Beech,10.0,9.5,28.38221464,10.19,14.45,22920,0.006,2.4200000000000728,6.4500000000000455,9.790000000000077,False,False,False,False,True
10_79,Beech,10.0,16.9,27.32296162,23.85,55.62,126418,0.002,5.009999999999991,13.360000000000014,19.99000000000001,False,False,False,False,False
10_8,Beech,10.0,41.4,27.29094893,15.11,3.67,18750,0.027,0.8099999999999454,7.029999999999973,12.850000000000023,False,False,False,False,True
10_80,Beech,10.0,11.5,27.74575139,12.87,28.21,50643,0.003,1.6400000000001,8.270000000000095,12.270000000000095,False,False,False,False,True
10_9,Beech,10.0,10.8,,16.32,64.93,161940,0.004,4.0499999999999545,10.449999999999932,13.67999999999995,False,False,False,False,False
11_1,Beech,11.0,23.6,,6.57,32.65,22229,0.025,0.953999999999929,5.669999999999959,6.279999999999973,False,False,False,False,False
11_10,Spruce,11.0,54.7,32.87539681,11.44,36.07,64464,0.005,1.6999999999999318,5.17999999999995,10.42999999999995,False,False,False,False,True
11_101,Beech,11.0,27.4,25.82764222,10.21,0.48,7871,0.003,1.7149999999999181,5.67999999999995,9.739999999999895,False,False,False,False,True
11_102,Spruce,11.0,56.0,29.46841638,33.6,49.91,618084,0.0,15.649999999999977,23.479999999999905,30.67999999999995,False,False,False,False,False
11_103,Spruce,11.0,18.5,26.30095338,19.11,21.2,123376,0.003,4.809999999999945,14.049999999999955,17.75999999999999,False,False,False,False,True
11_104,Beech,11.0,15.3,27.96540497,20.56,21.6,92071,0.004,3.410000000000082,11.670000000000073,18.370000000000005,False,False,False,False,True
11_105,Spruce,11.0,20.4,23.65746203,29.13,33.08,307229,0.0,13.079999999999927,18.139999999999986,23.25999999999999,False,False,False,False,True
11_106,Spruce,11.0,63.0,32.91569184,33.05,44.53,779529,0.001,13.139999999999986,21.3599999999999,29.279999999999973,False,False,False,False,False
11_107,Beech,11.0,13.7,27.74826433,16.68,25.75,52181,0.003,8.259999999999991,12.970000000000027,16.029999999999973,False,False,False,False,True
11_108,Beech,11.0,39.8,28.08773675,29.45,50.11,267190,0.002,9.42999999999995,21.659999999999968,26.889999999999986,False,False,False,False,False
11_109,Beech,11.0,9.5,29.20707733,16.07,21.61,41472,0.004,2.080000000000041,7.860000000000014,13.580000000000041,False,False,False,False,True
11_11,Beech,11.0,8.0,,18.11,32.91,94147,0.005,2.310000000000059,7.710000000000036,15.399999999999977,False,False,False,False,False
11_110,Spruce,11.0,48.1,29.69162008,29.71,48.56,535549,0.002,8.92999999999995,17.100000000000023,25.659999999999968,False,False,False,False,False
11_111,Beech,11.0,8.9,,17.2,25.19,43669,0.005,1.5499999999999545,9.450000000000045,14.82000000000005,False,False,False,False,False
11_112,Beech,11.0,13.1,29.080744,4.98,8.11,26600,0.007,0.8599999999999,2.25,4.389999999999986,False,False,False,False,True
11_113,Spruce,11.0,51.6,32.61284084,10.42,1.2,17509,0.045,0.5499999999999545,5.199999999999932,9.909999999999968,False,False,False,False,True
11_114,Beech,11.0,13.4,31.26105225,22.24,37.41,316868,0.003,6.3700000000000045,12.610000000000014,18.980000000000018,False,False,False,False,True
11_115,Beech,11.0,11.5,29.33291334,1.62,0.67,410,0.451,0.05999999999994543,0.5999999999999659,1.5,True,False,False,False,True
11_116,Beech,11.0,10.2,28.16869645,7.73,22.62,24069,0.008,1.25,4.529999999999973,6.639999999999986,False,False,False,False,True
11_117,Beech,11.0,12.1,28.65214921,14.85,21.05,104593,0.003,2.580000000000041,7.409999999999968,14.029999999999973,False,False,False,False,True
11_118,Beech,11.0,24.2,24.99972641,25.29,45.72,195749,0.003,5.9500000000000455,17.25,23.300000000000068,False,False,False,False,False
11_119,Beech,11.0,18.1,27.18077839,23.29,85.19,311283,0.003,3.1200000000000045,9.67999999999995,19.289999999999964,False,False,False,False,False
11_12,Beech,11.0,29.0,28.48832694,25.84,50.57,333212,0.002,5.190000000000055,17.930000000000064,23.690000000000055,False,False,False,False,False
11_120,Spruce,11.0,76.1,,11.5,21.05,34355,0.019,1.0500000000000682,6.82000000000005,10.210000000000036,False,False,False,False,False
11_121,Beech,11.0,8.0,28.94041052,14.66,25.5,27332,0.005,2.4500000000000455,7.639999999999986,13.379999999999995,False,False,False,False,True
11_122,Spruce,11.0,54.1,30.06577696,11.47,19.04,38821,0.02,1.25,8.879999999999995,10.81000000000006,False,False,False,False,True
11_123,Beech,11.0,11.5,28.4130282,19.95,44.88,193246,0.005,1.3899999999999864,5.930000000000064,14.180000000000064,False,False,False,False,True
11_124,Spruce,11.0,54.4,33.30923323,7.53,9.57,13602,0.044,0.5500000000000682,3.75,6.980000000000018,False,False,False,False,True
11_125,Beech,11.0,13.7,27.82613856,25.4,53.76,177579,0.006,2.9400000000000546,9.590000000000032,17.980000000000018,False,False,False,False,False
11_126,Beech,11.0,27.7,,6.38,2.82,7090,0.073,0.37999999999999545,3.330000000000041,5.7999999999999545,False,False,False,False,False
11_127,Beech,11.0,8.0,27.91648725,14.62,10.8,10894,0.01,1.3099999999999454,9.149999999999977,13.92999999999995,False,False,False,False,True
11_128,Oak,11.0,43.9,28.07175282,27.58,48.78,29660,0.01,1.8199999999999363,14.089999999999918,24.399999999999977,False,False,False,False,False
11_13,Beech,11.0,12.7,29.85731559,20.3,40.48,469952,0.004,3.7000000000000455,13.409999999999968,17.550000000000068,False,False,False,False,True
11_130,Beech,11.0,12.7,27.47470235,17.81,18.12,17162,0.006,2.0799999999999272,9.519999999999982,15.519999999999982,False,False,False,False,True
11_131,Beech,11.0,5.7,26.71475529,8.03,5.95,4185,0.026,0.82000000000005,4.509999999999991,7.789999999999964,False,False,False,False,True
11_132,Beech,11.0,14.6,26.50795438,18.68,24.94,25378,0.005,2.1299999999999955,10.870000000000005,15.899999999999977,False,False,False,False,True
11_133,Beech,11.0,10.2,,1.07,0.04,289,0.706,0.06999999999993634,0.34000000000003183,0.75,True,False,False,False,False
11_134,Beech,11.0,17.5,28.56643696,21.34,34.15,48814,0.004,5.1200000000000045,12.449999999999932,18.089999999999918,False,False,False,False,True
11_135,Oak,11.0,49.3,27.69130775,28.18,58.76,84548,0.002,3.3500000000000227,14.430000000000064,25.00999999999999,False,False,False,False,False
11_14,Larch,11.0,49.7,31.38271339,13.4,12.68,38380,0.041,0.6095000000000146,8.170000000000073,12.509999999999991,False,False,False,False,True
11_15,Beech,11.0,43.9,30.07908425,12.16,8.88,43055,0.032,0.7699999999999818,6.899999999999977,11.469999999999914,False,False,False,False,True
11_16,Beech,11.0,19.1,28.00264651,18.27,75.48,731517,0.001,4.850000000000023,12.440000000000055,16.529999999999973,False,False,False,False,True
11_17,Beech,11.0,37.9,29.8887091,30.69,63.79,430611,0.003,8.620000000000005,23.209999999999923,27.74000000000001,False,False,False,False,False
11_18,Beech,11.0,46.2,29.27776371,10.88,0.35,30052,0.043,0.5499999999999545,5.169999999999959,10.289999999999964,False,False,False,False,True
11_19,Beech,11.0,29.6,28.8339161,28.78,50.17,288757,0.004,3.0699999999999363,20.220000000000027,26.18999999999994,False,False,False,False,False
11_2,Beech,11.0,35.0,25.93412665,27.03,76.43,211125,0.003,7.1200000000000045,18.75999999999999,24.57000000000005,False,False,False,False,False
11_20,Beech,11.0,36.3,29.63764734,29.95,52.02,347940,0.002,7.899999999999977,25.600000000000023,28.269999999999982,False,False,False,False,False
11_21,Beech,11.0,39.2,,29.73,52.42,556958,0.002,8.450000000000045,22.389999999999986,27.920000000000073,False,False,False,False,False
11_22,Beech,11.0,13.4,29.21166425,5.81,13.63,23710,0.018,0.8799999999999955,3.159999999999968,5.009999999999991,False,False,False,False,True
11_23,Beech,11.0,9.5,29.21166425,11.73,9.18,42471,0.009,1.4099999999999682,4.909999999999968,11.100000000000023,False,False,False,False,True
11_24,Beech,11.0,14.3,29.25787345,17.83,52.47,542191,0.007,2.9500000000000455,11.740000000000009,16.120000000000005,False,False,False,False,True
11_25,Beech,11.0,40.7,29.07064254,11.83,11.24,45906,0.039,0.6800000000000637,8.879999999999995,11.540000000000077,False,False,False,False,True
11_26,Beech,11.0,34.4,27.98154463,28.78,46.21,287913,0.0,8.069999999999936,23.809999999999945,27.199999999999932,False,False,False,False,False
11_27,Beech,11.0,9.5,28.36592393,12.64,28.94,51968,0.006,2.8600000000000136,8.830000000000041,11.980000000000018,False,False,False,False,True
11_28,Beech,11.0,14.6,28.39876375,14.77,33.78,234569,0.007,1.9499999999999318,9.710000000000036,13.559999999999945,False,False,False,False,True
11_29,Spruce,11.0,52.2,32.50463065,32.54,50.77,730223,0.001,11.18999999999994,22.66999999999996,28.649999999999977,False,False,False,False,False
11_3,Oak,11.0,35.7,25.97987928,26.99,44.65,131131,0.004,5.280000000000086,18.600000000000023,25.38000000000011,False,False,False,False,False
11_30,Spruce,11.0,17.5,,21.18,33.12,270670,0.002,8.950000000000045,13.519999999999982,18.710000000000036,False,False,False,False,False
11_31,Beech,11.0,8.0,27.59951462,28.34,54.19,1153022,0.0,7.5200000000000955,15.25,23.6400000000001,False,False,False,False,False
11_32,Spruce,11.0,62.1,32.4525265,8.35,8.47,30126,0.048,0.5099999999999909,4.3700000000000045,7.579999999999927,False,False,False,False,True
11_33,Beech,11.0,7.6,,6.9,17.5,16218,0.005,1.6400000000001,4.680000000000064,6.170000000000073,False,False,False,False,False
11_34,Beech,11.0,14.0,27.21901361,12.96,9.49,14280,0.015,1.3000000000000682,8.5,12.210000000000036,False,False,False,False,True
11_35,Beech,11.0,18.1,,26.51,57.68,122191,0.004,6.6450000000000955,17.110000000000014,23.06000000000006,False,False,False,False,False
11_36,Larch,11.0,40.1,27.98942044,11.58,3.53,19355,0.056,0.4500000000000455,5.330000000000041,10.870000000000005,False,False,False,False,True
11_38,Beech,11.0,9.5,27.33022217,15.07,9.66,24236,0.008,1.8700000000000045,8.039999999999964,11.029999999999973,False,False,False,False,True
11_4,Beech,11.0,6.7,,21.09,77.19,291814,0.003,4.740000000000009,12.67999999999995,17.970000000000027,False,False,False,False,False
11_40,Beech,11.0,27.4,26.64933783,26.16,34.63,125832,0.005,5.680000000000064,18.529999999999973,23.56000000000006,False,False,False,False,False
11_41,Beech,11.0,12.4,28.28057762,25.16,18.66,50545,0.007,3.1399999999999864,14.089999999999918,18.5,False,False,False,False,False
11_42,Beech,11.0,41.1,28.95229323,17.7,13.33,30024,0.025,0.9600000000000364,10.210000000000036,16.66999999999996,False,False,False,False,True
11_43,Larch,11.0,41.4,29.3066577,29.53,71.02,283514,0.003,4.809999999999945,17.819999999999936,26.779999999999973,False,False,False,False,False
11_44,Beech,11.0,15.3,28.1164766,23.45,55.99,179919,0.001,7.759999999999991,15.3599999999999,20.68999999999994,False,False,False,False,False
11_45,Beech,11.0,7.0,26.75469122,22.69,11.15,22751,0.008,1.2100000000000364,4.090000000000032,8.1400000000001,False,False,False,False,False
11_46,Beech,11.0,10.5,25.66461276,25.86,41.14,77683,0.003,4.899999999999977,11.06000000000006,19.56000000000006,False,False,False,False,False
11_47,Beech,11.0,15.9,26.07357001,11.14,0.36,6734,0.048,0.5065000000000683,5.010000000000105,10.5,False,False,False,False,True
11_48,Beech,11.0,35.7,26.74270679,27.23,53.75,199804,0.005,7.519999999999982,20.0,25.170000000000073,False,False,False,False,False
11_49,Spruce,11.0,44.2,28.81129287,29.73,24.84,153390,0.006,4.110000000000014,23.24000000000001,27.309999999999945,False,False,False,False,False
11_5,Beech,11.0,9.5,,18.22,48.31,191720,0.006,2.659999999999968,11.879999999999995,15.729999999999905,False,False,False,False,False
11_50,Beech,11.0,27.4,27.89516592,27.4,31.06,139186,0.003,6.210000000000036,20.149999999999977,24.99000000000001,False,False,False,False,False
11_51,Beech,11.0,9.2,,21.99,39.72,95497,0.006,1.669999999999959,7.169999999999959,12.789999999999964,False,False,False,False,False
11_52,Spruce,11.0,31.2,27.66432138,27.56,26.7,338155,0.003,9.850000000000023,19.200000000000045,25.15000000000009,False,False,False,False,False
11_53,Beech,11.0,26.7,27.09177417,13.12,25.71,56053,0.011,2.1000000000000227,9.399999999999977,12.18999999999994,False,False,False,False,True
11_54,Beech,11.0,8.3,,2.19,0.6,1499,0.167,0.15999999999996817,1.2799999999999727,2.0399999999999636,False,False,False,False,False
11_55,Beech,11.0,12.7,27.67283927,15.32,49.09,258967,0.001,2.669999999999959,8.399999999999977,13.059999999999945,False,False,False,False,True
11_56,Beech,11.0,34.1,28.3565497,10.05,1.77,15978,0.022,1.1200000000000045,5.3799999999999955,9.519999999999982,False,False,False,False,True
11_57,Beech,11.0,7.0,,5.21,1325.43,863144,0.001,1.5399999999999636,2.75,3.7999999999999545,False,False,False,True,False
11_58,Beech,11.0,13.4,27.89904703,22.81,30.67,149474,0.01,1.3700000000000045,9.860000000000014,16.120000000000005,False,False,False,False,True
11_59,Beech,11.0,27.7,28.41434494,29.34,43.15,265508,0.004,8.56000000000006,20.340000000000032,26.41999999999996,False,False,False,False,False
11_6,Beech,11.0,15.3,26.91601216,17.83,48.76,182160,0.001,4.400000000000091,10.460000000000036,15.759999999999991,False,False,False,False,True
11_60,Beech,11.0,16.6,,28.94,30.63,142751,0.0,6.389999999999986,21.659999999999968,27.299999999999955,False,False,False,False,False
11_61,Beech,11.0,54.7,27.692377,28.33,70.68,420680,0.002,10.519999999999982,21.75999999999999,26.290000000000077,False,False,False,False,False
11_62,Beech,11.0,11.1,,16.37,26.15,86584,0.0,5.040000000000077,11.080000000000041,14.910000000000082,False,False,False,False,False
11_63,Spruce,11.0,18.5,26.9871528,28.14,103.25,701973,0.001,10.700000000000045,20.58000000000004,25.56000000000006,False,False,False,False,False
11_64,Beech,11.0,27.1,25.35501563,11.47,22.22,76166,0.002,3.5300000000000864,7.440000000000055,10.330000000000041,False,False,False,False,True
11_65,Beech,11.0,27.1,26.19603218,11.59,0.43,13980,0.043,0.5699999999999363,5.819999999999936,11.019999999999982,False,False,False,False,True
11_66,Beech,11.0,12.7,26.29739036,23.46,40.7,143058,0.002,7.289999999999964,16.50999999999999,21.930000000000064,False,False,False,False,False
11_67,Beech,11.0,8.6,27.88737374,13.28,11.05,30449,0.018,1.4400000000000546,7.530000000000086,12.57000000000005,False,False,False,False,True
11_68,Spruce,11.0,50.9,,33.44,28.7,508975,0.002,10.600000000000023,22.120000000000005,29.81000000000006,False,False,False,False,False
11_69,Beech,11.0,9.2,25.96713168,6.15,7.57,12589,0.013,1.3500000000000227,3.199999999999932,5.610000000000014,False,False,False,False,True
11_7,Beech,11.0,34.7,27.63080325,12.23,0.13,15943,0.038,0.6000000000000227,5.699999999999932,11.519999999999982,False,False,False,False,True
11_70,Beech,11.0,19.1,26.6302465,14.69,21.4,96834,0.006,2.3999999999999773,9.930000000000064,13.06000000000006,False,False,False,False,True
11_71,Beech,11.0,9.9,,1.15,0.01,253,0.364,0.11000000000001364,0.6499999999999773,1.0899999999999181,True,False,False,False,False
11_72,Beech,11.0,33.4,26.56211232,7.98,14.86,20965,0.022,0.9599999999999227,4.839999999999918,7.389999999999986,False,False,False,False,True
11_73,Beech,11.0,15.9,26.34350026,26.84,64.21,223623,0.004,5.759999999999991,18.940000000000055,24.90000000000009,False,False,False,False,False
11_74,Beech,11.0,41.4,27.99087917,30.26,69.91,392681,0.002,11.449999999999932,21.839999999999918,26.360000000000014,False,False,False,False,False
11_75,Beech,11.0,7.6,25.58993815,24.62,39.07,56820,0.0,6.029500000000089,11.240000000000009,21.590000000000032,False,False,False,False,False
11_76,Beech,11.0,27.1,26.15015388,5.83,1.36,4091,0.014,0.6900000000000546,3.409999999999968,5.009999999999991,False,False,False,False,True
11_77,Beech,11.0,13.4,,26.1,27.14,73806,0.003,3.300000000000068,14.910000000000082,21.867500000000007,False,False,False,False,False
11_78,Oak,11.0,43.6,26.43859791,8.98,1.32,11930,0.068,0.37000000000000455,4.5750000000000455,8.410000000000082,False,False,False,False,True
11_79,Beech,11.0,9.9,25.69234192,19.78,54.69,119831,0.002,3.490000000000009,13.360000000000014,18.279999999999973,False,False,False,False,True
11_8,Beech,11.0,24.5,,2.74,0.07,1339,0.317,0.05999999999994543,0.7999999999999545,1.8809999999999936,True,False,False,False,False
11_80,Beech,11.0,29.0,,26.87,40.71,140143,0.003,7.530999999999976,19.069999999999936,24.629999999999995,False,False,False,False,False
11_81,Beech,11.0,15.9,,19.63,31.21,52149,0.003,4.040000000000077,12.1400000000001,17.730000000000018,False,False,False,False,False
11_82,Beech,11.0,7.3,,18.73,40.29,79732,0.005,2.5200000000000955,8.280000000000086,15.680000000000064,False,False,False,False,False
11_83,Beech,11.0,26.4,26.30275559,7.77,0.32,6496,0.052,0.47750000000002046,3.7900000000000773,7.3525000000000205,False,False,False,False,True
11_84,Beech,11.0,11.5,27.44890017,11.9,24.57,40308,0.005,1.4134999999999664,5.569999999999936,10.759999999999991,False,False,False,False,True
11_85,Beech,11.0,8.6,27.70920894,10.49,12.03,15556,0.028,0.6999999999999318,6.209999999999923,9.549999999999955,False,False,False,False,True
11_86,Beech,11.0,22.0,24.68930062,19.85,55.21,70960,0.004,5.559999999999945,14.199999999999932,17.74000000000001,False,False,False,False,False
11_87,Oak,11.0,33.7,26.74321345,26.32,41.93,108095,0.005,5.330000000000041,19.99000000000001,24.040000000000077,False,False,False,False,False
11_88,Beech,11.0,19.4,,3.38,3.84,1882,0.023,0.8304999999999269,2.019999999999982,2.6894999999999394,False,False,False,False,False
11_89,Beech,11.0,7.0,26.4445357,10.56,8.9,13849,0.01,1.1200000000000045,5.639999999999986,9.25599999999998,False,False,False,False,True
11_9,Beech,11.0,15.3,,11.82,1010.57,576673,0.004,1.8899999999999864,4.2999999999999545,8.039999999999964,False,False,False,True,False
11_90,Oak,11.0,44.6,27.76285254,21.86,48.67,113071,0.003,3.2799999999999727,14.069999999999936,19.959999999999923,False,False,False,False,True
11_92,Beech,11.0,7.3,24.4603781,15.77,28.73,42946,0.009,1.6399999999999864,6.539999999999964,14.090000000000032,False,False,False,False,True
11_94,Oak,11.0,50.9,26.61389841,7.95,4.76,11480,0.043,0.5399999999999636,4.289999999999964,7.419999999999959,False,False,False,False,True
11_95,Beech,11.0,18.8,,25.64,37.02,66824,0.002,2.3615000000000133,15.209999999999923,21.709999999999923,False,False,False,False,False
11_96,Beech,11.0,13.1,,27.18,84.93,174377,0.001,8.960000000000036,16.590000000000032,24.389999999999986,False,False,False,False,False
11_97,Beech,11.0,28.6,23.53807165,21.75,53.95,94375,0.003,6.840000000000032,14.090000000000032,19.639999999999986,False,False,False,False,False
11_98,Beech,11.0,7.3,25.12242476,14.8,18.9,28845,0.004,1.8819999999999941,8.57000000000005,13.57000000000005,False,False,False,False,True
11_99,Beech,11.0,14.3,,15.27,43.66,75297,0.001,1.8799999999999955,7.889999999999986,12.75,False,False,False,False,False
12_1,Beech,12.0,12.7,28.28192952,19.54,80.42,592468,0.003,3.269999999999982,11.740000000000009,17.16999999999996,False,False,False,False,True
12_10,Douglas Fir,12.0,49.3,33.58278898,33.05,62.91,1121859,0.002,7.019999999999982,22.110000000000014,27.779999999999973,False,False,False,False,False
12_11,Silver Fir,12.0,44.9,,30.44,40.79,1048583,0.001,10.970000000000027,19.970000000000027,26.519999999999982,False,False,False,False,False
12_12,Douglas Fir,12.0,56.0,34.53942284,36.34,69.84,926316,0.002,7.159999999999968,22.17999999999995,28.629999999999995,False,False,False,False,False
12_13,Silver Fir,12.0,14.0,34.17286343,5.6,591.95,1275622,0.11,0.30999999999994543,1.0900000000000318,2.1499999999999773,False,False,False,True,True
12_14,Douglas Fir,12.0,54.1,34.84175598,49.7,43.82,601821,0.0,17.600000000000023,33.24000000000001,41.79000000000008,False,False,False,False,True
12_15,Douglas Fir,12.0,43.0,35.50729482,36.64,61.28,699516,0.002,6.159999999999968,20.649999999999977,27.059999999999945,False,False,False,False,False
12_16,Douglas Fir,12.0,55.7,38.24917726,7.46,9.51,21572,0.012,1.1000000000000227,3.580000000000041,6.420000000000073,False,False,False,False,True
12_17,Beech,12.0,14.6,29.66241138,21.98,21.76,233665,0.003,2.2200000000000273,16.010000000000105,20.3900000000001,False,False,False,False,True
12_18,Douglas Fir,12.0,33.4,,26.21,39.68,619021,0.002,4.940000000000055,19.57000000000005,23.340000000000032,False,False,False,False,False
12_19,Douglas Fir,12.0,57.9,37.88976695,38.03,60.31,1154768,0.001,7.719999999999914,20.860000000000014,30.299999999999955,False,False,False,False,False
12_2,Silver Fir,12.0,39.5,27.59036683,29.35,55.49,1092763,0.001,6.470000000000027,19.18999999999994,24.889999999999986,False,False,False,False,False
12_20,Silver Fir,12.0,41.4,32.68102654,39.71,37.7,952340,0.0,18.480000000000018,26.879999999999995,34.24000000000001,False,False,False,False,True
12_21,Silver Fir,12.0,43.0,32.69506633,32.72,42.47,977589,0.002,10.700000000000045,20.029999999999973,26.56000000000006,False,False,False,False,False
12_22,Douglas Fir,12.0,74.5,37.8969438,37.72,100.51,1425038,0.002,9.139999999999986,22.360000000000014,30.300000000000068,False,False,False,False,False
12_23,Douglas Fir,12.0,50.9,,40.1,65.21,566438,0.0,11.370000000000005,27.32000000000005,33.09000000000003,False,False,False,False,False
12_24,Douglas Fir,12.0,43.3,33.89259655,33.64,47.14,542058,0.003,6.7000000000000455,23.350000000000023,28.31000000000006,False,False,False,False,False
12_25,Douglas Fir,12.0,47.4,35.52921006,38.1,41.62,528181,0.001,11.490000000000009,26.050000000000068,31.050000000000068,False,False,False,False,False
12_26,Douglas Fir,12.0,48.4,33.08923761,32.83,46.01,719007,0.003,7.759999999999991,22.019999999999982,26.75,False,False,False,False,False
12_27,Douglas Fir,12.0,40.7,,38.44,42.55,579013,0.0,9.059999999999945,25.92999999999995,31.860000000000014,False,False,False,False,False
12_28,Douglas Fir,12.0,56.7,36.97019443,36.69,50.97,648234,0.003,7.569999999999936,23.360000000000014,30.92999999999995,False,False,False,False,False
12_29,Silver Fir,12.0,17.5,33.05561663,28.02,14.56,270403,0.008,2.42999999999995,16.66999999999996,20.75999999999999,False,False,False,False,True
12_3,Beech,12.0,45.2,28.90303049,29.4,97.18,596898,0.002,9.029999999999973,20.969999999999914,27.089999999999918,False,False,False,False,False
12_30,Douglas Fir,12.0,51.6,34.99139909,34.61,48.28,906218,0.002,9.110000000000014,21.190000000000055,28.90000000000009,False,False,False,False,False
12_32,Douglas Fir,12.0,55.1,35.93599123,38.43,41.84,716725,0.0,10.659999999999968,25.279999999999973,32.59000000000003,False,False,False,False,False
12_33,Douglas Fir,12.0,58.3,37.59950462,37.19,62.35,910124,0.002,5.639999999999986,24.019999999999982,30.5,False,False,False,False,False
12_34,Beech,12.0,40.4,35.22696913,29.5,63.52,339084,0.003,7.219999999999914,23.059999999999945,27.269999999999982,False,False,False,False,True
12_35,Beech,12.0,9.2,29.48310483,11.75,15.73,47863,0.006,1.1000000000000227,6.289999999999964,10.700000000000045,False,False,False,False,True
12_36,Beech,12.0,12.4,27.84076126,16.53,18.01,92248,0.005,2.009999999999991,8.470000000000027,15.25,False,False,False,False,True
12_37,Beech,12.0,33.1,27.12105366,11.43,28.76,38396,0.024,0.9199999999999591,7.079999999999927,9.970000000000027,False,False,False,False,True
12_38,Beech,12.0,13.1,26.8298255,17.48,30.91,74545,0.008,1.6599999999999682,10.529999999999973,16.42999999999995,False,False,False,False,True
12_39,Beech,12.0,33.1,31.10667726,31.93,41.49,238907,0.007,4.960000000000036,24.50999999999999,28.550000000000068,False,False,False,False,False
12_4,Beech,12.0,39.8,29.50004295,29.55,54.34,505283,0.004,9.470000000000027,22.800000000000068,27.370000000000005,False,False,False,False,False
12_40,Beech,12.0,57.3,30.55562113,32.1,119.83,877043,0.002,12.819999999999936,23.789999999999964,28.43999999999994,False,False,False,False,False
12_41,Beech,12.0,40.7,28.17924548,28.5,58.58,383014,0.004,6.3665000000000225,19.430000000000064,26.300000000000068,False,False,False,False,False
12_42,Beech,12.0,21.0,25.93228884,24.73,25.67,136674,0.004,4.019999999999982,17.620000000000005,22.980000000000018,False,False,False,False,False
12_43,Beech,12.0,15.6,22.49783795,22.27,20.56,136072,0.003,1.759999999999991,11.049999999999955,16.964500000000005,False,False,False,False,False
12_44,Beech,12.0,11.8,29.53627807,3.97,3.76,4963,0.073,0.34000000000003183,2.2000000000000455,3.730000000000018,False,False,False,False,True
12_45,Beech,12.0,33.1,29.35123911,11.94,11.32,37608,0.026,0.8899999999999864,7.685000000000059,10.399999999999977,False,False,False,False,True
12_46,Beech,12.0,29.3,30.23620494,30.33,36.8,200084,0.006,7.420000000000073,20.74000000000001,27.75,False,False,False,False,False
12_47,Beech,12.0,26.4,27.80034079,28.09,23.75,112836,0.005,4.610000000000014,21.850000000000023,26.480000000000018,False,False,False,False,False
12_48,Beech,12.0,13.1,,21.4,19.1,85878,0.01,1.5600000000000591,9.32000000000005,19.82000000000005,False,False,False,False,False
12_49,Beech,12.0,20.7,28.83468454,19.77,76.05,455634,0.003,3.2200000000000273,11.900000000000091,17.370000000000005,False,False,False,False,True
12_5,Beech,12.0,27.4,28.07846803,28.32,28.98,207393,0.006,5.610000000000014,22.470000000000027,26.930000000000064,False,False,False,False,False
12_50,Beech,12.0,43.9,28.81852802,9.98,7.84,33593,0.048,0.5299999999999727,5.850000000000023,9.170000000000073,False,False,False,False,True
12_51,Beech,12.0,10.2,28.90622973,6.37,4.11,10561,0.038,0.6200000000000045,2.909999999999968,5.639999999999986,False,False,False,False,True
12_52,Beech,12.0,44.9,28.12970263,28.87,126.34,512991,0.002,9.769999999999982,21.489999999999895,26.25999999999999,False,False,False,False,False
12_53,Silver Fir,12.0,43.0,31.15328056,30.96,41.95,707974,0.002,9.370000000000005,21.110000000000014,26.470000000000027,False,False,False,False,False
12_54,Silver Fir,12.0,28.6,27.93025039,27.88,28.6,602971,0.004,7.289999999999964,18.220000000000027,24.33000000000004,False,False,False,False,False
12_55,Douglas Fir,12.0,45.2,32.88861261,32.68,40.7,480889,0.003,8.690000000000055,21.769999999999982,28.33000000000004,False,False,False,False,False
12_56,Douglas Fir,12.0,52.5,32.35642458,32.22,48.82,559446,0.003,9.610000000000014,20.24000000000001,26.58000000000004,False,False,False,False,False
12_57,Douglas Fir,12.0,44.6,30.81785717,32.31,45.69,385863,0.004,7.480000000000018,22.019999999999982,26.99000000000001,False,False,False,False,False
12_58,Beech,12.0,25.5,27.86614533,26.22,63.75,302210,0.002,9.68999999999994,16.079999999999927,21.959999999999923,False,False,False,False,False
12_59,Beech,12.0,16.9,28.09980093,24.51,12.19,94901,0.005,2.4200000000000728,18.550000000000068,22.75999999999999,False,False,False,False,False
12_6,Beech,12.0,32.5,28.06689633,28.29,77.37,385594,0.004,7.569999999999936,19.41999999999996,26.59999999999991,False,False,False,False,False
12_60,Beech,12.0,22.6,28.06271119,27.89,25.93,112289,0.008,5.050000000000068,22.649999999999977,26.460000000000036,False,False,False,False,False
12_61,Beech,12.0,6.7,28.35050482,9.9,9.64,26337,0.006,1.5300000000000864,4.920000000000073,8.900000000000091,False,False,False,False,True
12_62,Beech,12.0,35.0,,29.2,40.33,201755,0.004,12.839999999999918,22.539999999999964,27.209999999999923,False,False,False,False,False
12_63,Beech,12.0,34.7,,12.56,5.25,23599,0.032,0.7699999999999818,8.240000000000009,12.170000000000073,False,False,False,False,False
12_65,Beech,12.0,12.4,28.28962455,16.93,36.64,213113,0.002,2.4360000000000617,11.720000000000027,15.150000000000091,False,False,False,False,True
12_66,Beech,12.0,13.4,27.86892621,21.92,14.84,48647,0.009,2.1629999999999674,11.360000000000014,18.870000000000005,False,False,False,False,True
12_67,Beech,12.0,8.9,27.63565409,17.48,36.21,149888,0.004,3.2099999999999227,11.719999999999914,16.069999999999936,False,False,False,False,True
12_68,Beech,12.0,10.2,27.62557405,23.48,27.7,60302,0.001,4.2000000000000455,10.300000000000068,15.290000000000077,False,False,False,False,False
12_69,Beech,12.0,40.4,29.0148714,28.8,81.57,352542,0.002,5.469999999999914,19.959999999999923,26.069999999999936,False,False,False,False,False
12_7,Beech,12.0,13.1,30.52702079,5.22,576.09,1281137,0.045,0.5199999999999818,1.7999999999999545,2.6000000000000227,False,False,False,True,True
12_70,Beech,12.0,8.3,28.54670584,2.27,1.55,2690,0.305,0.13999999999998636,0.7799999999999727,1.919999999999959,True,False,False,False,True
12_71,Beech,12.0,34.1,28.13997691,11.68,0.42,13546,0.044,0.5599999999999454,5.819999999999936,10.959999999999923,False,False,False,False,True
12_72,Beech,12.0,10.2,29.68047527,12.8,11.61,34064,0.011,1.1800000000000637,6.759999999999991,11.470000000000027,False,False,False,False,True
12_73,Beech,12.0,48.1,28.79866996,29.66,71.12,391019,0.003,9.840000000000032,22.58000000000004,27.56000000000006,False,False,False,False,False
12_74,Beech,12.0,40.4,30.21203747,30.35,63.02,417253,0.002,11.019999999999982,22.289999999999964,27.659999999999968,False,False,False,False,False
12_75,Silver Fir,12.0,23.9,32.07975739,16.43,10.5,68616,0.007,1.7300000000000182,8.180000000000064,13.680000000000064,False,False,False,False,True
12_76,Douglas Fir,12.0,54.1,33.0675351,33.04,66.84,536092,0.002,7.889999999999986,20.789999999999964,28.399999999999977,False,False,False,False,False
12_77,Douglas Fir,12.0,51.9,34.23479179,34.31,62.66,719683,0.002,12.200000000000045,20.5,28.40000000000009,False,False,False,False,False
12_78,Douglas Fir,12.0,55.7,33.86161877,34.94,67.4,662367,0.002,7.529999999999973,21.25,29.339999999999918,False,False,False,False,False
12_8,Beech,12.0,8.6,28.29667611,11.32,17.43,35156,0.006,1.1200000000000045,4.169999999999959,6.2299999999999045,False,False,False,False,True
12_9,Beech,12.0,52.2,28.40909131,28.7,134.52,950540,0.002,8.909999999999968,21.75,26.730000000000018,False,False,False,False,False
13_1,Beech,13.0,48.7,26.31696208,36.22,131.28,1007079,0.0,19.479999999999905,31.16999999999996,34.469999999999914,False,False,False,False,True
13_10,Beech,13.0,19.1,27.35209175,30.4,70.49,371580,0.001,12.450000000000045,24.56000000000006,28.190000000000055,False,False,False,False,False
13_100,Beech,13.0,4.8,27.4112416,9.86,13.71,26468,0.012,1.1800000000000637,4.220000000000027,9.210000000000036,False,False,False,False,True
13_101,Beech,13.0,13.1,,6.65,297.68,710438,0.166,0.32000000000005,0.9400000000000546,3.740000000000009,False,False,False,True,False
13_102,Larch,13.0,55.7,,32.79,58.11,875519,0.002,11.769999999999982,25.220000000000027,29.49000000000001,False,False,False,False,False
13_103,Beech,13.0,12.7,30.7064173,3.46,0.64,3314,0.288,0.13999999999998636,1.0399999999999636,3.159999999999968,False,False,False,False,True
13_104,Beech,13.0,25.1,27.97602571,17.63,47.75,154363,0.003,5.0499999999999545,10.470000000000027,15.659999999999968,False,False,False,False,True
13_105,Beech,13.0,5.4,,6.61,9.57,22370,0.027,0.7200000000000273,3.3999999999999773,5.940000000000055,False,False,False,False,False
13_106,Beech,13.0,33.1,27.97597841,28.25,48.74,492455,0.003,10.519999999999982,23.680000000000064,27.08000000000004,False,False,False,False,False
13_107,Beech,13.0,10.2,28.24263773,10.6,20.28,49619,0.01,1.4800000000000182,4.990000000000009,9.639999999999986,False,False,False,False,True
13_108,Beech,13.0,40.7,28.26907669,28.17,59.6,431475,0.004,8.039999999999964,24.120000000000005,26.840000000000032,False,False,False,False,False
13_109,Beech,13.0,9.2,27.15274964,6.31,34.32,183795,0.245,0.21000000000003638,0.6600000000000819,3.6200000000000045,False,False,False,False,True
13_11,Beech,13.0,18.1,27.87993756,26.73,65.14,161712,0.004,2.42999999999995,10.220000000000027,17.789999999999964,False,False,False,False,False
13_110,Beech,13.0,18.1,29.12429087,26.97,32.11,98426,0.008,1.7300000000000182,13.700000000000045,24.920000000000073,False,False,False,False,False
13_111,Beech,13.0,13.7,,2.62,201.92,332379,0.188,0.2799999999999727,0.9199999999999591,1.3199999999999363,False,False,False,True,False
13_112,Beech,13.0,44.6,29.18796623,29.99,67.16,581231,0.003,11.57000000000005,23.75999999999999,27.57000000000005,False,False,False,False,False
13_113,Beech,13.0,30.7,28.92223895,28.95,44.45,340403,0.004,7.909999999999968,23.110000000000014,27.059999999999945,False,False,False,False,False
13_114,Beech,13.0,45.5,29.44772474,31.08,55.73,455556,0.003,8.509999999999991,23.149999999999977,28.279999999999973,False,False,False,False,False
13_115,Beech,13.0,36.9,29.71446393,29.86,48.96,485041,0.003,6.839999999999918,24.41999999999996,27.91999999999996,False,False,False,False,False
13_116,Beech,13.0,31.8,28.1663453,28.38,43.99,430144,0.003,11.480000000000018,23.41999999999996,26.99000000000001,False,False,False,False,False
13_117,Beech,13.0,42.3,30.1640723,12.82,29.73,66709,0.003,1.8400000000000318,7.900000000000091,11.879999999999995,False,False,False,False,True
13_118,Beech,13.0,13.1,29.9490102,9.5,12.67,27814,0.021,1.0200000000000955,4.720000000000027,7.660000000000082,False,False,False,False,True
13_119,Beech,13.0,19.1,28.50541915,3.5,1.33,4948,0.124,0.15999999999996817,1.7200000000000273,3.159999999999968,False,False,False,False,True
13_12,Beech,13.0,52.2,,28.75,103.97,716811,0.003,8.299999999999955,21.269999999999982,26.579999999999927,False,False,False,False,False
13_120,Beech,13.0,18.5,25.47176543,22.89,17.1,136019,0.007,5.289999999999964,15.830000000000041,21.620000000000005,False,False,False,False,False
13_13,Beech,13.0,7.6,,3.57,4.12,8576,0.143,0.3000000000000682,1.240000000000009,2.9025000000000034,False,False,False,False,False
13_14,Beech,13.0,16.9,,10.84,15.51,43214,0.023,1.3600000000000136,4.980000000000018,9.120000000000005,False,False,False,False,False
13_15,Beech,13.0,39.2,31.8231088,8.95,0.18,19653,0.072,0.37000000000000455,4.110000000000014,8.289999999999964,False,False,False,False,True
13_16,Beech,13.0,15.9,,23.25,49.83,364713,0.002,5.919999999999959,17.139999999999986,20.629999999999995,False,False,False,False,False
13_17,Beech,13.0,13.1,30.25372442,27.74,20.89,92744,0.005,2.759999999999991,11.569999999999936,18.159999999999968,False,False,False,False,False
13_18,Beech,13.0,39.5,29.52102658,30.39,53.34,473299,0.003,11.309999999999945,26.069999999999936,28.67999999999995,False,False,False,False,False
13_19,Beech,13.0,10.8,28.8211524,15.08,15.64,82076,0.006,1.82000000000005,6.210000000000036,14.0,False,False,False,False,True
13_2,Silver Fir,13.0,6.0,,4.16,5.21,53478,0.004,1.2699999999999818,2.2799999999999727,3.6800000000000637,False,False,False,False,False
13_21,Beech,13.0,9.5,29.49434664,20.9,16.18,62967,0.005,1.7300000000000182,7.780000000000086,14.25,False,False,False,False,True
13_22,Beech,13.0,8.0,29.20963695,10.3,16.38,47059,0.01,1.3500000000000227,4.769999999999982,9.779999999999973,False,False,False,False,True
13_24,Beech,13.0,9.2,28.80753222,12.73,16.57,57183,0.004,3.1200000000000045,8.519999999999982,11.629999999999995,False,False,False,False,True
13_25,Beech,13.0,12.7,27.92066429,25.98,22.46,118576,0.004,1.5900000000000318,9.759999999999991,15.449999999999932,False,False,False,False,False
13_26,Beech,13.0,5.7,28.70093988,18.79,81.09,513246,0.002,6.6200000000000045,13.399999999999977,17.21750000000003,False,False,False,False,True
13_27,Beech,13.0,41.1,30.27514251,11.81,3.13,29413,0.05,0.5099999999999909,5.149999999999977,10.949999999999932,False,False,False,False,True
13_28,Beech,13.0,6.4,,6.54,18.11,28960,0.012,0.6599999999999682,3.1000000000000227,6.019999999999982,False,False,False,False,False
13_29,Beech,13.0,46.8,29.59169889,9.26,13.4,39019,0.033,0.67999999999995,5.579999999999927,8.469999999999914,False,False,False,False,True
13_3,Beech,13.0,63.7,,34.69,87.9,889422,0.0,12.959999999999923,27.209999999999923,32.26999999999998,False,False,False,False,False
13_30,Beech,13.0,8.9,30.66809417,9.97,12.27,46452,0.01,1.080000000000041,4.4500000000000455,9.080000000000041,False,False,False,False,True
13_31,Beech,13.0,18.8,28.19199914,26.79,48.83,211333,0.002,6.740000000000009,18.58000000000004,24.059999999999945,False,False,False,False,False
13_32,Beech,13.0,6.7,,5.59,603.36,1461394,0.076,0.39999999999997726,1.07000000000005,2.800000000000068,False,False,False,True,False
13_33,Beech,13.0,16.2,29.99195256,22.75,25.73,231071,0.003,6.259999999999991,16.08000000000004,18.33000000000004,False,False,False,False,True
13_34,Beech,13.0,6.4,27.2889866,9.45,21.75,53713,0.005,1.8400000000000318,6.259999999999991,8.970000000000027,False,False,False,False,True
13_35,Larch,13.0,56.0,32.19666019,32.02,57.69,597008,0.003,8.139999999999986,23.850000000000023,29.019999999999982,False,False,False,False,False
13_36,Douglas Fir,13.0,22.3,28.44475454,32.53,50.34,503388,0.0,16.730000000000018,24.33000000000004,29.670000000000073,False,False,False,False,False
13_37,Silver Fir,13.0,33.7,33.02106674,30.74,29.33,462765,0.003,6.939999999999941,20.449999999999932,27.049999999999955,False,False,False,False,False
13_38,Silver Fir,13.0,15.3,31.90391919,15.96,13.96,308485,0.002,4.380000000000109,12.690000000000055,15.360000000000014,False,False,False,False,True
13_39,Douglas Fir,13.0,40.4,34.88425012,6.58,1.28,14525,0.014,1.0199999999999818,3.580000000000041,6.1200000000000045,False,False,False,False,True
13_4,Silver Fir,13.0,6.0,,26.47,49.87,320115,0.002,12.480000000000018,20.110000000000014,24.399999999999977,False,False,False,False,False
13_40,Silver Fir,13.0,27.7,30.66250196,29.14,29.2,499430,0.002,6.980000000000018,19.129999999999995,24.370000000000005,False,False,False,False,False
13_41,Silver Fir,13.0,9.5,26.41799538,5.57,8.73,69380,0.013,0.9700000000000273,2.7099999999999227,4.399999999999977,False,False,False,False,True
13_42,Silver Fir,13.0,49.0,32.41185865,11.95,11.34,82434,0.021,1.1299999999999955,7.389999999999986,11.25,False,False,False,False,True
13_43,Silver Fir,13.0,11.1,32.58019337,20.78,41.41,780446,0.002,2.759999999999991,10.56000000000006,16.33000000000004,False,False,False,False,True
13_44,Beech,13.0,22.9,27.33795621,27.44,35.07,183988,0.005,3.759999999999991,20.980000000000018,25.99000000000001,False,False,False,False,False
13_45,Beech,13.0,41.4,,27.39,79.82,419034,0.004,5.980000000000018,21.230000000000018,25.49000000000001,False,False,False,False,False
13_46,Beech,13.0,17.5,29.49092816,27.32,41.81,248866,0.004,4.3700000000000045,17.32000000000005,25.550000000000068,False,False,False,False,False
13_47,Beech,13.0,45.5,,29.57,45.38,426803,0.004,7.259999999999991,23.899999999999977,27.91999999999996,False,False,False,False,False
13_48,Beech,13.0,46.2,29.57325086,29.58,87.11,692509,0.002,10.17999999999995,22.3599999999999,27.75999999999999,False,False,False,False,False
13_49,Beech,13.0,6.4,29.50599335,4.43,1.64,2621,0.137,0.2899999999999636,1.6499999999999773,3.8299999999999272,False,False,False,False,True
13_50,Beech,13.0,11.1,,1.19,0.09,554,0.457,0.07650000000004413,0.5400000000000773,1.1100000000000136,True,False,False,False,False
13_51,Beech,13.0,14.0,31.10928929,24.33,34.36,107459,0.002,2.3700000000000045,11.519999999999982,18.970000000000027,False,False,False,False,True
13_52,Beech,13.0,12.1,30.56116331,28.11,30.93,179822,0.006,3.2200000000000273,13.490000000000009,23.960000000000036,False,False,False,False,False
13_53,Beech,13.0,48.1,31.70729353,31.97,83.24,494961,0.003,7.8900000000001,25.430000000000064,29.8900000000001,False,False,False,False,False
13_54,Beech,13.0,10.2,31.27197968,12.49,7.53,27194,0.013,1.2099999999999227,4.809999999999945,10.67999999999995,False,False,False,False,True
13_55,Beech,13.0,47.1,31.12819755,2.01,0.57,7405,0.251,0.12000000000000455,0.9400000000000546,1.900000000000091,False,False,False,False,True
13_56,Beech,13.0,8.3,30.66262549,29.4,72.75,568608,0.003,5.040000000000077,21.260000000000105,26.460000000000036,False,False,False,False,False
13_57,Beech,13.0,16.2,28.49759064,22.2,33.0,205214,0.003,6.706499999999941,16.389999999999986,20.329999999999927,False,False,False,False,True
13_58,Beech,13.0,15.6,28.97118352,11.15,5.1,22426,0.022,1.0599999999999454,5.840000000000032,9.980000000000018,False,False,False,False,True
13_59,Beech,13.0,15.3,29.57616518,23.17,17.72,112907,0.005,2.7899999999999636,13.92999999999995,21.610000000000014,False,False,False,False,True
13_6,Silver Fir,13.0,8.3,,5.76,9.13,148119,0.003,1.1599999999999682,3.240000000000009,4.990000000000009,False,False,False,False,False
13_60,Beech,13.0,48.1,30.12763728,9.11,0.25,26607,0.07,0.36000000000001364,4.240000000000009,8.580000000000041,False,False,False,False,True
13_61,Beech,13.0,10.2,29.94666609,21.23,80.03,480723,0.003,5.740000000000009,16.379999999999995,19.700000000000045,False,False,False,False,True
13_63,Beech,13.0,15.9,30.23767684,21.06,35.07,231689,0.003,2.3999999999999773,10.899999999999977,19.8599999999999,False,False,False,False,True
13_64,Beech,13.0,11.1,31.68837363,3.77,276.0,472041,0.058,0.4799999999999045,1.1199999999998909,1.669999999999959,False,False,False,True,True
13_65,Beech,13.0,62.4,32.03043564,16.74,3.63,54415,0.014,1.0300000000000864,8.5,15.290000000000077,False,False,False,False,True
13_66,Beech,13.0,41.4,29.31976619,11.93,0.49,30458,0.06,0.42000000000007276,5.340000000000032,11.180000000000064,False,False,False,False,True
13_67,Beech,13.0,12.4,29.08467791,22.67,13.49,71832,0.006,2.419999999999959,11.139999999999986,17.970000000000027,False,False,False,False,True
13_68,Beech,13.0,32.1,,28.62,70.0,361902,0.003,8.620000000000005,23.5,27.110000000000014,False,False,False,False,False
13_69,Beech,13.0,17.8,,26.04,32.68,109998,0.009,3.090000000000032,14.740000000000009,19.57000000000005,False,False,False,False,False
13_7,Silver Fir,13.0,43.9,,31.55,32.88,577137,0.003,9.31000000000006,22.629999999999995,28.020000000000095,False,False,False,False,False
13_70,Beech,13.0,9.2,28.08660416,17.72,47.6,412639,0.002,5.0499999999999545,11.419999999999959,16.08000000000004,False,False,False,False,True
13_71,Beech,13.0,8.9,28.40307746,6.94,38.91,60291,0.013,1.0399999999999636,3.57000000000005,6.019999999999982,False,False,False,False,True
13_72,Beech,13.0,43.6,28.10517542,9.49,0.73,25483,0.056,0.44000000000005457,4.480000000000018,8.940000000000055,False,False,False,False,True
13_73,Beech,13.0,8.6,28.27680993,9.66,18.24,32802,0.034,0.7200000000000273,6.07000000000005,9.039999999999964,False,False,False,False,True
13_74,Beech,13.0,13.7,28.44172478,10.96,61.7,419611,0.001,2.5,6.970000000000027,9.470000000000027,False,False,False,False,True
13_75,Beech,13.0,6.0,31.78123777,18.27,42.72,153721,0.006,1.8799999999999955,11.490000000000009,16.590000000000032,False,False,False,False,True
13_76,Beech,13.0,6.7,,25.48,75.79,629981,0.001,7.860000000000014,18.930000000000064,23.350000000000023,False,False,False,False,False
13_77,Beech,13.0,14.3,,7.17,3.57,7124,0.087,0.2300000000000182,5.210000000000036,6.819999999999936,False,False,False,False,False
13_78,Beech,13.0,51.9,29.88308271,7.99,0.66,25154,0.075,0.31999999999993634,3.7200000000000273,7.539999999999964,False,False,False,False,True
13_79,Beech,13.0,14.0,26.58214574,18.21,29.95,140647,0.007,4.990000000000009,12.07000000000005,17.030000000000086,False,False,False,False,True
13_8,Beech,13.0,12.4,25.42605083,21.69,35.44,159428,0.004,3.7999999999999545,13.840000000000032,17.879999999999995,False,False,False,False,False
13_80,Beech,13.0,48.1,29.11386551,30.19,92.05,645773,0.0,9.389999999999986,23.789999999999964,27.66999999999996,False,False,False,False,False
13_81,Douglas Fir,13.0,50.3,,35.49,65.11,831251,0.002,7.829999999999927,21.850000000000023,30.230000000000018,False,False,False,False,False
13_82,Silver Fir,13.0,7.0,28.39737019,6.85,780.91,1524967,0.026,0.5300000000000864,0.8500000000000227,1.580000000000041,False,False,False,True,True
13_83,Silver Fir,13.0,40.4,30.80686626,30.76,39.57,563735,0.002,9.740000000000009,18.230000000000018,25.43999999999994,False,False,False,False,False
13_84,Silver Fir,13.0,14.0,28.91443866,11.91,15.86,188540,0.004,3.769999999999982,8.409999999999968,10.840000000000032,False,False,False,False,True
13_85,Douglas Fir,13.0,28.6,,28.4,25.5,340384,0.003,11.25,20.710000000000036,24.769999999999982,False,False,False,False,False
13_86,Douglas Fir,13.0,47.1,30.45110936,33.8,56.95,574736,0.002,6.2999999999999545,21.539999999999964,29.199999999999932,False,False,False,False,False
13_87,Beech,13.0,24.2,27.83448736,27.84,28.11,174362,0.004,5.720000000000027,21.879999999999995,26.040000000000077,False,False,False,False,False
13_88,Beech,13.0,40.4,29.09936152,30.13,61.67,520938,0.002,10.959999999999923,23.75,27.199999999999932,False,False,False,False,False
13_89,Beech,13.0,4.8,28.49659497,10.33,12.76,19003,0.012,1.0199999999999818,5.779999999999973,9.419999999999959,False,False,False,False,True
13_9,Beech,13.0,6.5,,7.42,15.32,29100,0.005,1.4599999999999227,5.2999999999999545,6.659999999999968,False,False,False,False,False
13_90,Beech,13.0,41.4,30.06533209,29.88,91.7,580469,0.002,9.669999999999959,21.43999999999994,26.620000000000005,False,False,False,False,False
13_91,Beech,13.0,8.6,28.49659497,16.79,39.13,239503,0.005,2.7000000000000455,11.740000000000009,15.139999999999986,False,False,False,False,True
13_92,Beech,13.0,5.1,28.49659497,7.14,67.67,398423,0.51,0.10000000000002274,0.4900000000000091,4.909999999999968,True,False,False,False,True
13_93,Beech,13.0,27.1,28.29185892,10.77,6.02,25259,0.04,0.6000000000000227,5.600000000000023,10.230000000000018,False,False,False,False,True
13_94,Beech,13.0,39.2,28.37544615,28.39,65.4,356853,0.004,7.389999999999986,22.379999999999995,26.350000000000023,False,False,False,False,False
13_95,Beech,13.0,12.7,26.54740525,14.18,26.13,112256,0.004,1.5300000000000864,7.800000000000068,13.259999999999991,False,False,False,False,True
13_96,Beech,13.0,8.3,,21.78,37.43,144094,0.0,3.6800000000000637,10.009999999999991,14.180000000000064,False,False,False,False,False
13_97,Beech,13.0,30.9,,9.59,22.14,62592,0.004,0.9800000000000182,4.419999999999959,8.199999999999932,False,False,False,False,False
13_98,Beech,13.0,9.5,28.52181105,18.64,69.73,417028,0.003,6.419999999999959,14.389999999999986,17.050000000000068,False,False,False,False,True
13_99,Beech,13.0,44.2,28.64772482,10.17,0.85,21281,0.023,0.7400000000000091,6.080000000000041,9.720000000000027,False,False,False,False,True
14_1,Spruce,14.0,23.2,,24.52,23.45,274502,0.001,9.069999999999936,14.470000000000027,18.970000000000027,False,False,False,False,False
14_10,Beech,14.0,37.6,30.50378805,11.11,0.31,17469,0.048,0.5099999999999909,5.2999999999999545,10.480000000000018,False,False,False,False,True
14_100,Beech,14.0,7.0,30.91082785,18.98,64.48,436943,0.002,4.439999999999941,11.969999999999914,16.730000000000018,False,False,False,False,True
14_11,Beech,14.0,10.5,30.95109857,21.25,75.55,122155,0.001,3.480000000000018,14.459999999999923,19.519999999999982,False,False,False,False,True
14_12,Beech,14.0,8.8,30.28163816,12.03,81.38,603664,0.001,2.25,7.690000000000055,10.430000000000064,False,False,False,False,True
14_13,Beech,14.0,49.7,30.22484441,1.95,0.31,2914,0.421,0.12999999999999545,0.7300000000000182,1.6535000000000868,True,False,False,False,True
14_15,Beech,14.0,33.1,27.7640622,29.56,13.31,113932,0.004,17.620000000000005,25.720000000000027,28.260000000000105,False,False,False,False,False
14_16,Beech,14.0,36.6,30.7515084,31.01,68.47,625819,0.002,17.180000000000064,25.879999999999995,29.270000000000095,False,False,False,False,False
14_17,Beech,14.0,25.5,29.68629409,1.27,1.59,2036,0.298,0.07999999999992724,0.6699999999999591,1.0799999999999272,False,False,False,False,True
14_18,Beech,14.0,8.0,,7.25,11.23,21240,0.031,0.6700000000000728,3.5399999999999636,6.490000000000009,False,False,False,False,False
14_19,Beech,14.0,7.3,29.03611012,14.73,64.82,455521,0.002,2.0499999999999545,8.419999999999959,12.92999999999995,False,False,False,False,True
14_2,Spruce,14.0,53.2,31.38744834,31.52,40.29,426336,0.002,10.029999999999973,20.219999999999914,27.75,False,False,False,False,False
14_20,Beech,14.0,41.7,30.44210422,11.59,0.36,22958,0.042,0.5800000000000409,5.560000000000059,10.960000000000036,False,False,False,False,True
14_21,Beech,14.0,13.1,31.23297681,6.46,23.03,28450,0.025,0.8799999999999955,4.910000000000082,5.980000000000018,False,False,False,False,True
14_22,Spruce,14.0,38.2,32.05188591,32.16,45.07,520805,0.002,9.059999999999945,22.840000000000032,29.25,False,False,False,False,False
14_23,Beech,14.0,8.6,29.49153092,11.58,14.72,45180,0.004,1.759999999999991,5.985000000000014,10.420000000000073,False,False,False,False,True
14_24,Beech,14.0,22.6,31.60910581,18.66,147.12,903126,0.001,4.2999999999999545,11.120000000000005,15.789999999999964,False,False,False,False,True
14_25,Beech,14.0,35.7,29.38469775,28.7,60.43,383491,0.003,9.650000000000091,21.6400000000001,26.690000000000055,False,False,False,False,False
14_26,Beech,14.0,8.6,29.69262838,30.98,48.86,231659,0.004,9.730000000000018,21.31000000000006,27.690000000000055,False,False,False,False,False
14_27,Beech,14.0,15.0,29.73138912,24.33,36.74,142991,0.003,4.990000000000009,14.329999999999927,18.25,False,False,False,False,True
14_28,Beech,14.0,11.8,29.04911886,4.56,11.63,77437,0.468,0.18999999999994088,0.5299999999999727,3.0,True,False,False,False,True
14_29,Spruce,14.0,39.8,31.44862229,31.97,33.35,585007,0.002,14.110000000000014,22.449999999999932,28.480000000000018,False,False,False,False,False
14_3,Beech,14.0,46.5,29.7217359,4.16,0.18,2899,0.152,0.2399999999998954,1.1599999999999682,3.4799999999999045,False,False,False,False,True
14_30,Beech,14.0,14.3,27.70785326,21.76,18.72,91521,0.004,2.4500000000000455,13.360000000000014,19.809999999999945,False,False,False,False,True
14_31,Beech,14.0,8.3,,21.05,26.53,102856,0.005,1.7899999999999636,12.159999999999968,18.75,False,False,False,False,False
14_32,Beech,14.0,11.8,27.15111851,6.76,351.0,110998,0.008,1.150000000000091,2.740000000000009,5.1400000000001,False,False,False,True,True
14_33,Spruce,14.0,14.6,,1.46,19.9,24372,0.684,0.12000000000000455,0.33999999999991815,0.7099999999999227,True,False,False,False,False
14_34,Larch,14.0,49.7,,32.05,73.49,981530,0.001,16.039999999999964,23.200000000000045,28.710000000000036,False,False,False,False,False
14_35,Beech,14.0,13.7,,2.92,205.95,358967,0.132,0.31999999999993634,0.8899999999999864,1.3799999999999955,False,False,False,True,False
14_36,Beech,14.0,21.6,29.14407743,3.39,182.32,90864,0.014,1.1399999999999864,2.230000000000018,2.668499999999987,False,False,False,False,True
14_37,Beech,14.0,8.6,28.30150395,24.74,59.35,237802,0.003,8.360000000000014,18.6400000000001,22.020000000000095,False,False,False,False,False
14_38,Beech,14.0,37.2,28.61186799,30.0,91.52,359157,0.002,11.42999999999995,22.5,27.66999999999996,False,False,False,False,False
14_39,Beech,14.0,8.3,29.38219471,8.55,7.77,15258,0.002,2.060000000000059,4.899999999999977,7.6299999999999955,False,False,False,False,True
14_4,Beech,14.0,15.9,30.94858535,21.71,78.64,333537,0.001,3.169999999999959,12.779999999999973,19.08000000000004,False,False,False,False,True
14_40,Beech,14.0,50.9,29.89022816,30.14,108.72,562060,0.001,12.079999999999927,21.720000000000027,27.25,False,False,False,False,False
14_41,Oak,14.0,34.7,26.2239733,26.52,38.58,154647,0.004,5.619999999999891,21.709999999999923,25.469999999999914,False,False,False,False,False
14_42,Beech,14.0,11.8,26.39986631,18.12,21.38,37418,0.001,6.819999999999936,10.220000000000027,15.110000000000014,False,False,False,False,True
14_43,Spruce,14.0,15.9,26.85088735,23.18,35.73,144041,0.002,3.5699999999999363,14.68999999999994,18.879999999999995,False,False,False,False,False
14_44,Beech,14.0,12.1,26.02539322,2.34,0.13,1015,0.22,0.17000000000007276,1.1299999999999955,2.1130000000000106,False,False,False,False,True
14_45,Beech,14.0,12.4,26.42545489,21.95,23.09,43405,0.005,2.019999999999982,10.899999999999977,18.49799999999996,False,False,False,False,False
14_46,Beech,14.0,14.0,29.06896476,19.54,31.7,57434,0.008,4.050000000000068,13.590000000000032,18.74000000000001,False,False,False,False,True
14_47,Beech,14.0,21.6,26.51034316,25.82,43.87,182973,0.004,8.120000000000005,17.24000000000001,23.18999999999994,False,False,False,False,False
14_48,Beech,14.0,33.1,27.18905263,4.21,477.81,157597,0.01,1.17999999999995,2.419999999999959,3.1499999999999773,False,False,False,True,True
14_49,Beech,14.0,11.8,26.54030526,30.12,46.72,215930,0.005,7.460000000000036,21.92999999999995,26.069999999999936,False,False,False,False,False
14_5,Beech,14.0,8.3,,14.01,20.77,98702,0.001,2.0400000000000773,7.3700000000000045,12.270000000000095,False,False,False,False,False
14_50,Beech,14.0,7.3,28.90578421,23.98,21.05,33799,0.0,6.039999999999964,10.029999999999973,20.110000000000014,False,False,False,False,False
14_51,Beech,14.0,8.6,27.90781392,3.31,66.68,113106,0.137,0.18999999999994088,0.9599999999999227,1.3699999999998909,False,False,False,False,True
14_52,Spruce,14.0,51.6,33.35660688,33.96,57.61,682357,0.002,12.279999999999973,22.889999999999986,30.00999999999999,False,False,False,False,False
14_53,Beech,14.0,15.3,30.7121298,21.32,47.21,170714,0.001,8.019999999999982,17.159999999999968,20.649999999999977,False,False,False,False,True
14_54,Beech,14.0,54.7,30.71883677,16.89,38.79,76416,0.021,1.1899999999999409,11.909999999999968,15.350000000000023,False,False,False,False,True
14_55,Spruce,14.0,46.8,32.09527222,14.52,6.8,42880,0.026,0.8100000000000591,8.440000000000055,13.899999999999977,False,False,False,False,True
14_56,Beech,14.0,8.3,27.03867707,18.78,29.14,458978,0.003,2.5200000000000955,9.650000000000091,16.100000000000023,False,False,False,False,True
14_57,Beech,14.0,36.6,29.339461,31.61,63.5,403633,0.0,8.93999999999994,25.069999999999936,29.889999999999986,False,False,False,False,False
14_58,Beech,14.0,13.4,28.43907696,26.21,41.44,141943,0.004,3.9200000000000728,12.030000000000086,24.06000000000006,False,False,False,False,False
14_59,Beech,14.0,13.4,27.96089947,20.49,20.78,92735,0.014,2.2100000000000364,13.590000000000032,18.160000000000082,False,False,False,False,True
14_6,Beech,14.0,44.6,32.77581475,33.08,39.19,450586,0.003,8.699999999999932,23.089999999999918,29.789999999999964,False,False,False,False,False
14_60,Beech,14.0,15.3,28.12046429,18.35,64.41,625408,0.002,5.57000000000005,12.470000000000027,15.82000000000005,False,False,False,False,True
14_61,Beech,14.0,43.6,30.53200914,12.58,0.24,29648,0.044,0.5599999999999454,5.860000000000014,11.799999999999955,False,False,False,False,True
14_62,Beech,14.0,9.5,28.90114064,21.26,23.86,59910,0.007,1.3600000000000136,7.420000000000073,14.370000000000005,False,False,False,False,True
14_63,Beech,14.0,32.1,29.21061557,29.63,42.8,344508,0.003,8.509999999999991,24.389999999999986,28.339999999999918,False,False,False,False,False
14_65,Beech,14.0,14.3,30.31237549,19.59,10.04,55448,0.009,1.9335000000000642,7.480000000000018,18.180000000000064,False,False,False,False,True
14_66,Beech,14.0,18.1,29.24469662,24.75,42.39,206340,0.003,2.6200000000000045,15.209999999999923,23.079999999999927,False,False,False,False,False
14_67,Beech,14.0,42.7,29.52831444,13.42,0.33,33363,0.051,0.4900000000000091,6.2299999999999045,12.75,False,False,False,False,True
14_68,Beech,14.0,9.5,,17.35,62.26,462410,0.003,4.830000000000041,11.899999999999977,15.379999999999995,False,False,False,False,False
14_69,Beech,14.0,8.0,27.56930853,2.49,135.43,260166,0.16,0.3300000000000409,0.8000000000000682,1.2200000000000273,False,False,False,False,True
14_7,Spruce,14.0,52.2,31.99008954,32.52,48.3,755224,0.001,11.8599999999999,21.569999999999936,29.059999999999945,False,False,False,False,False
14_70,Beech,14.0,27.7,27.4444522,18.59,100.78,740506,0.001,3.5,10.490000000000009,15.129999999999995,False,False,False,False,True
14_71,Beech,14.0,36.6,29.25550672,29.51,45.25,324003,0.003,8.639999999999986,23.469999999999914,27.739999999999895,False,False,False,False,False
14_72,Beech,14.0,13.4,27.80647648,6.64,2.79,6151,0.05,0.4900000000000091,3.730000000000018,6.269999999999982,False,False,False,False,True
14_73,Beech,14.0,7.6,30.25573427,15.24,26.31,94787,0.004,1.6399999999999864,7.889999999999986,13.07000000000005,False,False,False,False,True
14_74,Beech,14.0,33.4,28.18657632,28.25,37.94,175988,0.005,5.003500000000001,22.269999999999982,26.09999999999991,False,False,False,False,False
14_75,Beech,14.0,9.9,,4.62,653.25,578303,0.004,1.3099999999999454,3.0399999999999636,4.009999999999991,False,False,False,True,False
14_76,Beech,14.0,49.7,,30.06,84.88,572689,0.002,12.430000000000064,24.180000000000064,28.040000000000077,False,False,False,False,False
14_77,Beech,14.0,39.2,29.12707772,29.68,86.08,339507,0.003,6.5,23.600000000000023,27.600000000000023,False,False,False,False,False
14_78,Beech,14.0,15.9,,19.89,23.13,100323,0.007,2.310000000000059,10.81000000000006,18.220000000000027,False,False,False,False,False
14_79,Beech,14.0,46.2,29.71948563,29.96,61.85,347599,0.004,7.029999999999973,24.460000000000036,28.529999999999973,False,False,False,False,False
14_8,Beech,14.0,13.1,29.8839698,12.4,35.45,186396,0.002,2.2600000000001046,7.0,9.830000000000041,False,False,False,False,True
14_80,Beech,14.0,18.1,28.90561545,23.08,15.41,91071,0.009,3.6299999999999955,16.579999999999927,21.34999999999991,False,False,False,False,True
14_81,Beech,14.0,9.9,,13.29,11.38,32236,0.013,1.7799999999999727,8.339999999999918,12.0,False,False,False,False,False
14_82,Beech,14.0,32.5,,30.39,32.27,178283,0.006,6.139999999999986,24.789999999999964,27.92999999999995,False,False,False,False,False
14_83,Beech,14.0,12.1,,15.64,17.22,55866,0.005,1.82000000000005,8.480000000000018,14.92999999999995,False,False,False,False,False
14_84,Beech,14.0,36.0,,11.88,0.73,25005,0.058,0.43000000000006366,5.170000000000073,11.009999999999991,False,False,False,False,False
14_85,Beech,14.0,10.5,,19.35,41.67,175075,0.006,3.8199999999999363,12.289999999999964,17.470000000000027,False,False,False,False,False
14_86,Beech,14.0,47.1,,13.41,2.65,34198,0.035,0.6599999999999682,6.539999999999964,12.480000000000018,False,False,False,False,False
14_87,Beech,14.0,39.5,30.22440536,30.6,71.21,392179,0.005,7.850000000000023,24.620000000000005,28.83000000000004,False,False,False,False,False
14_88,Beech,14.0,8.0,31.3051198,11.31,8.56,20803,0.014,1.2000000000000455,3.6100000000000136,9.949000000000025,False,False,False,False,True
14_89,Beech,14.0,10.5,29.94394978,3.32,341.19,535690,0.192,0.2699999999999818,0.8400000000000318,1.5699999999999363,False,False,False,True,True
14_9,Beech,14.0,8.3,,20.16,30.35,155111,0.005,2.4599999999999227,10.230000000000018,17.539999999999964,False,False,False,False,False
14_90,Beech,14.0,38.5,29.71296842,29.73,56.98,391969,0.003,8.649999999999977,24.950000000000045,28.5,False,False,False,False,False
14_91,Beech,14.0,11.5,29.37168884,16.76,5.26,14531,0.002,1.6100000000000136,4.539999999999964,15.710000000000036,False,False,False,False,True
14_92,Beech,14.0,33.1,30.22912117,30.99,39.56,268909,0.0,8.289999999999964,26.379999999999995,29.50999999999999,False,False,False,False,False
14_93,Beech,14.0,9.5,28.40307746,14.17,17.41,58318,0.006,2.0699999999999363,8.559999999999945,13.089999999999918,False,False,False,False,True
14_94,Beech,14.0,30.2,29.36839439,27.81,33.19,291208,0.007,2.060000000000059,21.120000000000005,26.230000000000018,False,False,False,False,False
14_95,Beech,14.0,31.5,,27.9,42.38,465892,0.004,8.819999999999936,22.67999999999995,26.43999999999994,False,False,False,False,False
14_96,Beech,14.0,40.7,,12.54,0.26,30276,0.046,0.5300000000000864,5.850000000000023,11.850000000000023,False,False,False,False,False
14_97,Beech,14.0,6.7,30.70922368,19.15,53.75,419008,0.002,6.269999999999982,13.220000000000027,17.220000000000027,False,False,False,False,True
14_98,Beech,14.0,22.3,30.44339835,30.48,64.64,267948,0.003,4.289999999999964,19.209999999999923,25.850000000000023,False,False,False,False,False
14_99,Beech,14.0,43.6,30.74512606,31.15,68.94,547663,0.003,10.67999999999995,24.389999999999986,28.960000000000036,False,False,False,False,False
15_1,Beech,15.0,16.2,,26.86,50.51,37440,0.004,2.32000000000005,10.889999999999986,17.399999999999977,False,False,False,False,False
15_10,Beech,15.0,6.4,27.29831613,9.98,5.45,3558,0.007,1.0399999999999636,5.214999999999918,8.831499999999922,False,False,False,False,True
15_11,Beech,15.0,11.1,27.29831613,13.3,16.68,12111,0.007,1.6900000000000546,7.590000000000032,11.75,False,False,False,False,True
15_12,Beech,15.0,11.5,26.40497501,11.29,15.99,6124,0.001,1.6815000000000626,6.040000000000077,8.020000000000095,False,False,False,False,True
15_13,Beech,15.0,22.6,26.03210026,25.01,43.56,20948,0.007,2.6000000000000227,12.959999999999923,20.379999999999995,False,False,False,False,False
15_14,Beech,15.0,18.1,25.75961549,18.97,18.35,19294,0.007,2.409999999999968,11.289999999999964,16.769999999999982,False,False,False,False,True
15_15,Beech,15.0,10.5,25.0926546,3.0,1.75,621,0.198,0.13999999999998636,1.5900000000000318,2.5399999999999636,False,False,False,False,True
15_16,Beech,15.0,9.2,26.02694299,17.44,14.05,6203,0.011,1.3209999999999356,5.579999999999927,9.039999999999964,False,False,False,False,True
15_17,Beech,15.0,42.7,27.62952593,27.36,71.97,65448,0.008,3.240000000000009,16.42999999999995,24.42999999999995,False,False,False,False,False
15_18,Beech,15.0,10.5,25.12928785,13.53,13.13,9395,0.017,1.4600000000000364,6.580000000000041,9.920000000000073,False,False,False,False,True
15_19,Beech,15.0,7.6,,9.28,15.04,6807,0.012,0.8899999999999864,3.090000000000032,7.340000000000032,False,False,False,False,False
15_2,Beech,15.0,11.5,27.98280628,8.13,11.38,7739,0.014,1.0699999999999363,3.9700000000000273,7.509999999999991,False,False,False,False,True
15_20,Beech,15.0,26.7,,9.0,0.29,5278,0.035,0.7200000000000273,4.05499999999995,7.991500000000004,False,False,False,False,False
15_21,Beech,15.0,8.3,23.38805864,11.0,10.83,10877,0.01,1.1599999999999682,6.599999999999909,9.459999999999923,False,False,False,False,True
15_22,Beech,15.0,33.4,28.05868432,27.53,45.4,41197,0.01,2.519999999999982,16.909999999999968,24.289999999999964,False,False,False,False,False
15_23,Beech,15.0,8.9,23.38805864,3.98,3.06,1892,0.104,0.2700000000000955,1.490000000000009,3.150000000000091,False,False,False,False,True
15_24,Beech,15.0,11.8,26.43306003,14.03,28.47,57054,0.008,1.6299999999999955,6.92999999999995,11.120000000000005,False,False,False,False,True
15_25,Beech,15.0,32.1,27.29270227,26.69,46.52,61457,0.008,6.910000000000082,18.530000000000086,23.620000000000005,False,False,False,False,False
15_26,Beech,15.0,7.0,,7.23,19.68,21063,0.018,0.9900000000000091,3.759999999999991,6.6299999999999955,False,False,False,False,False
15_27,Beech,15.0,15.9,26.45651474,17.6,37.35,29824,0.007,3.081499999999927,11.1099999999999,16.41999999999996,False,False,False,False,True
15_28,Beech,15.0,46.2,29.48838384,29.5,33.26,146522,0.004,5.899999999999977,20.379999999999995,26.24000000000001,False,False,False,False,False
15_29,Spruce,15.0,13.1,26.78700191,15.45,26.98,33169,0.006,1.3600000000000136,8.809999999999945,13.75599999999998,False,False,False,False,True
15_3,Beech,15.0,38.8,28.11696406,28.43,80.64,74290,0.004,3.4500000000000455,14.549999999999955,23.870000000000005,False,False,False,False,False
15_30,Beech,15.0,37.2,28.65762907,28.08,64.32,107582,0.004,4.480000000000018,19.24000000000001,24.660000000000082,False,False,False,False,False
15_31,Beech,15.0,11.8,,12.48,16.02,15541,0.006,1.3599999999999,6.92999999999995,10.659999999999968,False,False,False,False,False
15_32,Larch,15.0,41.1,,3.18,2.07,1615,0.165,0.28700000000004594,1.1800000000000637,3.090000000000032,False,False,False,False,False
15_33,Beech,15.0,6.4,,6.63,705.56,104416,0.013,1.080000000000041,2.1700000000000728,4.190000000000055,False,False,False,True,False
15_34,Beech,15.0,10.2,,19.49,29.11,60615,0.004,2.2799999999999727,9.940000000000055,15.409999999999968,False,False,False,False,False
15_35,Beech,15.0,7.0,29.0518862,11.93,10.91,9025,0.002,1.7799999999999727,6.089999999999918,11.269999999999982,False,False,False,False,True
15_36,Beech,15.0,15.6,24.22584604,5.18,688.22,33226,0.027,0.7000000000000455,2.3600000000000136,4.090000000000032,False,False,False,True,True
15_37,Beech,15.0,10.8,27.7302729,28.48,36.32,136537,0.0,7.100000000000023,18.139999999999986,24.590000000000032,False,False,False,False,False
15_38,Spruce,15.0,48.1,29.81383385,5.81,8.1,7824,0.076,0.33999999999991815,2.909999999999968,5.468499999999909,False,False,False,False,True
15_39,Beech,15.0,37.2,,27.84,41.75,39223,0.008,2.57000000000005,18.350000000000023,25.500000000000114,False,False,False,False,False
15_4,Beech,15.0,6.7,27.52509343,6.38,8.68,6330,0.015,1.009999999999991,2.2200000000000273,5.710000000000036,False,False,False,False,True
15_40,Beech,15.0,9.9,,10.75,16.1,1739,0.031,0.5589999999999464,5.75,9.600000000000023,False,False,False,False,False
15_41,Beech,15.0,11.1,26.41489212,15.07,25.38,18709,0.008,1.4400000000000546,7.230000000000018,13.180000000000064,False,False,False,False,True
15_42,Beech,15.0,18.8,,22.21,30.94,20943,0.009,1.419999999999959,10.779999999999973,19.110000000000014,False,False,False,False,False
15_43,Beech,15.0,6.4,,8.59,4.03,3583,0.065,0.4399999999999409,3.909999999999968,7.398999999999974,False,False,False,False,False
15_44,Larch,15.0,53.8,29.84540368,31.86,40.97,77432,0.007,3.199999999999932,19.49000000000001,27.329999999999927,False,False,False,False,False
15_45,Beech,15.0,9.2,25.70132246,12.19,16.01,9298,0.015,1.2099999999999227,4.7999999999999545,9.409999999999968,False,False,False,False,True
15_47,Beech,15.0,36.3,28.13706182,25.0,51.21,24978,0.009,1.8900000000001,15.865000000000009,22.65000000000009,False,False,False,False,False
15_48,Beech,15.0,19.1,25.67550572,24.05,31.89,10627,0.01,1.5900000000000318,12.980000000000018,21.87699999999999,False,False,False,False,False
15_49,Oak,15.0,51.9,26.78215867,26.49,57.9,31683,0.008,2.441000000000055,16.629999999999995,23.860000000000014,False,False,False,False,False
15_5,Beech,15.0,17.5,25.95307213,4.66,3.85,2473,0.084,0.34000000000003183,2.4600000000000364,4.019999999999982,False,False,False,False,True
15_50,Beech,15.0,14.3,25.68541302,25.54,51.01,11752,0.007,2.3455000000000275,10.490000000000009,22.01450000000009,False,False,False,False,False
15_51,Beech,15.0,12.4,27.18281543,13.82,23.18,5500,0.012,1.1899999999999409,6.819999999999936,12.149999999999977,False,False,False,False,True
15_52,Beech,15.0,26.7,26.61737659,26.15,32.18,16460,0.009,1.75,12.92999999999995,21.569999999999936,False,False,False,False,False
15_53,Beech,15.0,29.6,27.67717109,27.03,32.35,22729,0.014,1.7999999999999545,15.089999999999918,24.065999999999924,False,False,False,False,False
15_54,Beech,15.0,11.8,25.70557148,14.87,30.42,21017,0.004,2.740000000000009,8.259999999999991,12.389999999999986,False,False,False,False,True
15_55,Beech,15.0,11.8,26.87250342,12.95,28.44,5078,0.05,0.5,6.1749999999999545,11.309999999999945,False,False,False,False,True
15_56,Beech,15.0,41.4,27.45278195,27.1,79.51,42261,0.004,3.4300000000000637,17.25999999999999,24.710000000000036,False,False,False,False,False
15_57,Beech,15.0,8.3,26.81620847,9.29,12.8,7029,0.011,1.2200000000000273,4.519999999999982,8.759999999999991,False,False,False,False,True
15_58,Beech,15.0,9.9,28.4955504,12.83,18.77,10021,0.005,1.7300000000000182,5.860000000000014,10.669999999999959,False,False,False,False,True
15_59,Beech,15.0,37.9,27.85313024,28.52,54.58,31231,0.007,2.2799999999999727,15.629999999999995,23.460000000000036,False,False,False,False,False
15_6,Beech,15.0,38.8,27.54687932,27.9,71.39,72057,0.007,3.5880000000000356,16.409999999999968,25.5,False,False,False,False,False
15_60,Beech,15.0,32.1,26.64650348,1.42,3.3,873,0.36,0.09000000000003183,0.6100000000000136,1.0499999999999545,True,False,False,False,True
15_61,Beech,15.0,34.1,28.72789618,27.3,42.48,34478,0.01,2.1299999999999955,18.360000000000014,23.719999999999914,False,False,False,False,False
15_62,Beech,15.0,31.2,26.95107969,3.31,8.86,4448,0.322,0.13999999999998636,2.419999999999959,2.980000000000018,True,False,False,False,True
15_63,Beech,15.0,32.8,25.67684447,25.66,51.51,80573,0.003,4.0499999999999545,18.75,24.09999999999991,False,False,False,False,False
15_64,Beech,15.0,15.6,25.03905417,15.55,33.24,14765,0.015,1.4800000000000182,9.18999999999994,14.419999999999959,False,False,False,False,True
15_65,Spruce,15.0,58.9,31.78894267,32.01,28.99,176208,0.003,6.759999999999991,21.24000000000001,27.49000000000001,False,False,False,False,False
15_7,Beech,15.0,8.9,25.85967564,9.58,8.3,6014,0.014,1.1665000000000763,4.730000000000018,8.530000000000086,False,False,False,False,True
15_8,Oak,15.0,43.9,27.41799273,28.31,42.09,36471,0.007,2.2100000000000364,14.480000000000018,23.870000000000005,False,False,False,False,False
15_9,Beech,15.0,10.2,26.62888806,12.41,7.87,5713,0.023,1.0960000000000265,7.759999999999991,11.444000000000047,False,False,False,False,True
16_1,Beech,16.0,18.1,28.20742017,28.39,56.1,145510,0.002,2.659999999999968,18.24000000000001,26.25,False,False,False,False,False
16_10,Spruce,16.0,53.2,,10.01,2.03,18208,0.052,0.4800000000000182,4.960000000000036,9.300000000000068,False,False,False,False,False
16_11,Beech,16.0,13.7,,20.65,37.13,83343,0.003,2.3500000000000227,13.990000000000009,19.368999999999946,False,False,False,False,False
16_12,Beech,16.0,8.8,26.9238594,14.17,13.19,25568,0.007,1.5499999999999545,6.4500000000000455,13.120000000000005,False,False,False,False,True
16_13,Beech,16.0,5.9,27.71156876,7.7,9.79,10062,0.013,1.6299999999999955,4.210000000000036,7.289999999999964,False,False,False,False,True
16_14,Beech,16.0,37.9,29.16109446,28.73,50.42,168201,0.006,5.689999999999941,20.059999999999945,26.269999999999982,False,False,False,False,False
16_15,Beech,16.0,8.4,29.34134988,23.3,40.63,342244,0.002,4.680000000000064,13.06000000000006,19.50999999999999,False,False,False,False,True
16_16,Beech,16.0,10.7,28.88354668,19.93,35.16,37610,0.004,2.009999999999991,9.409999999999968,14.730000000000018,False,False,False,False,True
16_17,Beech,16.0,10.5,27.74561257,10.07,6.39,15023,0.01,1.4099999999999682,5.360000000000014,8.839999999999918,False,False,False,False,True
16_18,Beech,16.0,32.8,28.07680376,29.67,63.29,109448,0.002,6.899999999999977,18.399999999999977,26.019999999999982,False,False,False,False,False
16_19,Beech,16.0,19.9,25.46899128,2.57,387.6,73058,0.37,0.17999999999994998,0.6299999999999955,1.8199999999999363,True,False,False,True,True
16_2,Beech,16.0,12.9,27.73891959,9.66,21.38,26749,0.009,1.1499999999999773,5.259999999999991,8.979999999999905,False,False,False,False,True
16_20,Beech,16.0,19.7,25.77716305,27.13,70.23,115368,0.004,3.17999999999995,15.669999999999959,24.24000000000001,False,False,False,False,False
16_21,Beech,16.0,32.1,27.1402555,1.49,2.44,1104,0.457,0.09999999999990905,0.6099999999999,1.259999999999991,True,False,False,False,True
16_22,Beech,16.0,22.1,27.14455258,27.29,27.33,22892,0.006,2.619999999999891,16.229999999999905,21.11999999999989,False,False,False,False,False
16_23,Beech,16.0,40.1,28.45387136,28.2,46.64,36760,0.011,2.0699999999999363,19.279999999999973,25.199999999999932,False,False,False,False,False
16_24,Beech,16.0,19.4,28.00078155,21.95,20.76,15918,0.012,1.9584999999999242,13.029999999999973,17.069999999999936,False,False,False,False,True
16_25,Beech,16.0,14.5,27.42039342,24.14,20.07,22590,0.012,1.5599999999999454,7.7999999999999545,18.519999999999982,False,False,False,False,False
16_26,Beech,16.0,39.2,28.59673365,28.86,43.46,56537,0.005,3.9500000000000455,20.909999999999968,26.25999999999999,False,False,False,False,False
16_27,Beech,16.0,8.9,27.28962149,13.12,12.27,6547,0.01,2.0399999999999636,7.889999999999986,11.639999999999986,False,False,False,False,True
16_28,Beech,16.0,16.6,27.65825122,18.12,33.55,30215,0.004,2.0799999999999272,11.019999999999982,16.139999999999986,False,False,False,False,True
16_29,Beech,16.0,13.1,26.53824404,14.95,17.14,21439,0.007,1.419999999999959,8.399999999999977,13.231000000000003,False,False,False,False,True
16_3,Beech,16.0,44.7,28.30185552,28.28,53.44,128759,0.004,5.769999999999982,16.850000000000023,26.519999999999982,False,False,False,False,False
16_30,Beech,16.0,36.6,28.58093068,29.06,56.23,77125,0.006,4.019999999999982,20.549999999999955,26.600000000000023,False,False,False,False,False
16_31,Beech,16.0,39.8,28.73643552,28.79,47.11,73155,0.005,3.8899999999999864,21.82000000000005,27.120000000000005,False,False,False,False,False
16_32,Beech,16.0,8.0,,8.92,12.82,9641,0.013,1.0600000000000591,3.830000000000041,8.280000000000086,False,False,False,False,False
16_33,Beech,16.0,14.6,28.09705714,19.66,21.3,18762,0.008,1.8000000000000682,11.900000000000091,16.860000000000014,False,False,False,False,True
16_34,Beech,16.0,12.4,,12.6,9.17,10743,0.019,1.2999999999999545,4.490000000000009,11.42999999999995,False,False,False,False,False
16_35,Beech,16.0,48.1,27.71990527,28.79,67.56,111207,0.004,5.169999999999959,19.729999999999905,26.18999999999994,False,False,False,False,False
16_36,Beech,16.0,31.5,28.20064232,28.96,35.24,60743,0.006,3.2899999999999636,19.49000000000001,25.58000000000004,False,False,False,False,False
16_37,Beech,16.0,8.3,,10.7,8.13,9113,0.013,0.9300000000000637,5.260000000000105,10.170000000000073,False,False,False,False,False
16_38,Beech,16.0,33.4,29.12801432,2.07,1.3,1509,0.226,0.13000000000010914,1.240000000000009,1.9300000000000637,False,False,False,False,True
16_39,Beech,16.0,10.8,30.11716749,17.39,21.31,36553,0.002,2.4599999999999227,9.659999999999968,15.459999999999923,False,False,False,False,True
16_4,Beech,16.0,10.3,27.57026204,8.51,5.74,8420,0.017,0.7894999999999646,3.6299999999999955,6.8799999999999955,False,False,False,False,True
16_40,Beech,16.0,13.1,28.9544626,16.56,25.19,36326,0.006,3.580000000000041,9.850000000000023,14.889999999999986,False,False,False,False,True
16_41,Beech,16.0,6.7,28.51875534,4.33,7.54,3663,0.028,1.0,1.990000000000009,3.730000000000018,False,False,False,False,True
16_42,Beech,16.0,14.3,31.00837691,31.01,36.34,70659,0.001,3.6100000000000136,17.100000000000023,27.460000000000036,False,False,False,False,False
16_43,Beech,16.0,52.8,31.15074948,1.98,0.39,2537,0.277,0.16999999999995907,0.8599999999999,1.67999999999995,False,False,False,False,True
16_44,Beech,16.0,7.3,30.39648236,29.91,76.79,179584,0.002,6.610000000000014,21.43999999999994,27.519999999999982,False,False,False,False,False
16_45,Beech,16.0,14.0,31.55334467,18.75,20.61,47885,0.004,2.310000000000059,10.730000000000018,17.448000000000004,False,False,False,False,True
16_46,Beech,16.0,14.0,31.55334467,17.13,17.0,55954,0.004,2.119999999999891,8.8599999999999,15.409999999999968,False,False,False,False,True
16_47,Spruce,16.0,51.2,31.45219999,32.05,41.56,332382,0.002,9.409999999999968,21.870000000000005,28.340000000000032,False,False,False,False,False
16_48,Beech,16.0,42.0,30.25679334,30.11,67.66,225278,0.004,7.909999999999968,21.83000000000004,26.879999999999995,False,False,False,False,False
16_49,Beech,16.0,49.0,29.3191269,29.8,70.92,268879,0.004,7.019999999999982,21.75999999999999,27.379999999999995,False,False,False,False,False
16_5,Beech,16.0,8.0,,15.86,61.2,69966,0.004,2.150000000000091,8.180000000000064,13.230000000000018,False,False,False,False,False
16_50,Beech,16.0,48.1,30.58448371,31.07,120.53,369807,0.003,5.5,21.289999999999964,28.089999999999918,False,False,False,False,False
16_51,Beech,16.0,5.7,,3.29,13.1,8292,0.154,0.18999999999994088,2.169999999999959,2.7999999999999545,False,False,False,False,False
16_52,Beech,16.0,51.9,,31.93,78.93,316648,0.004,7.940000000000055,25.149999999999977,29.629999999999995,False,False,False,False,False
16_53,Beech,16.0,8.9,31.60051804,4.0,1460.76,309727,0.42,0.2599999999999909,0.5499999999999545,1.490000000000009,True,False,False,True,True
16_54,Beech,16.0,44.6,31.414231,31.77,62.1,246229,0.003,7.830000000000041,24.289999999999964,29.529999999999973,False,False,False,False,False
16_55,Beech,16.0,50.0,30.56820968,31.2,78.44,190179,0.006,5.759999999999991,24.33000000000004,29.039999999999964,False,False,False,False,False
16_56,Beech,16.0,17.5,,19.78,30.74,74162,0.004,1.7799999999999727,11.569999999999936,17.969499999999886,False,False,False,False,False
16_57,Beech,16.0,46.2,30.47470286,30.55,41.3,137551,0.004,5.5499999999999545,23.389999999999986,28.5,False,False,False,False,False
16_58,Beech,16.0,10.5,,11.6,24.3,28735,0.005,1.8600000000000136,7.199999999999932,10.449999999999932,False,False,False,False,False
16_59,Beech,16.0,36.0,30.85010582,31.61,32.05,116500,0.005,5.730000000000018,23.32000000000005,29.190000000000055,False,False,False,False,False
16_6,Beech,16.0,40.1,29.06826976,14.62,17.91,18773,0.023,0.9500000000000455,8.32000000000005,12.88399999999997,False,False,False,False,True
16_60,Beech,16.0,10.2,28.76980471,17.7,17.33,24204,0.007,1.07000000000005,6.220000000000027,10.629999999999995,False,False,False,False,True
16_61,Beech,16.0,44.2,30.86916784,13.49,1.37,13406,0.039,0.6200000000000045,5.940000000000055,11.47750000000002,False,False,False,False,True
16_62,Beech,16.0,37.9,28.6678058,28.35,45.57,83563,0.006,4.3799999999999955,21.25999999999999,26.889999999999986,False,False,False,False,False
16_63,Beech,16.0,37.6,30.37476934,30.59,40.36,104996,0.004,5.139999999999986,22.720000000000027,28.230000000000018,False,False,False,False,False
16_64,Beech,16.0,8.6,,11.36,10.64,13562,0.012,1.150000000000091,5.905000000000086,10.5,False,False,False,False,False
16_65,Beech,16.0,46.5,30.73619133,30.77,66.09,109270,0.004,4.839999999999918,23.029999999999973,28.149999999999977,False,False,False,False,False
16_66,Beech,16.0,9.9,,12.07,7.52,12418,0.01,1.17999999999995,6.769999999999982,11.699999999999932,False,False,False,False,False
16_7,Beech,16.0,13.4,28.76693098,14.45,21.93,18797,0.01,2.080000000000041,7.050000000000068,13.110000000000014,False,False,False,False,True
16_8,Beech,16.0,40.6,28.70711452,28.65,58.46,115697,0.004,5.5,20.49000000000001,26.08000000000004,False,False,False,False,False
16_9,Beech,16.0,15.0,29.11816231,19.79,15.78,46624,0.004,2.490000000000009,11.980000000000018,18.809999999999945,False,False,False,False,True
17_1,Beech,17.0,38.2,30.36133367,30.71,46.35,308832,0.005,6.360000000000014,24.32000000000005,28.280000000000086,False,False,False,False,False
17_10,Beech,17.0,7.0,29.25605698,2.18,229.89,293583,0.188,0.2199999999999136,0.9499999999999318,1.4599999999999227,False,False,False,True,True
17_11,Beech,17.0,35.3,29.00088092,29.7,39.67,192126,0.004,7.490000000000009,23.25,27.690000000000055,False,False,False,False,False
17_12,Beech,17.0,9.2,29.10093129,1.38,0.03,470,0.379,0.04000000000007731,0.6600000000000819,1.27550000000009,True,False,False,False,True
17_13,Beech,17.0,9.5,29.32223092,10.49,37.4,69205,0.004,1.8100000000000591,6.7700000000000955,9.720000000000027,False,False,False,False,True
17_14,Beech,17.0,42.3,29.21978123,29.61,58.14,262690,0.002,9.579999999999927,24.339999999999918,27.8599999999999,False,False,False,False,False
17_15,Beech,17.0,40.4,29.93961924,29.75,65.75,350582,0.002,12.230000000000018,22.105000000000018,26.889999999999986,False,False,False,False,False
17_16,Beech,17.0,10.2,28.43712824,23.55,15.39,35259,0.009,1.2100000000000364,6.210000000000036,11.940000000000055,False,False,False,False,False
17_17,Beech,17.0,49.7,,30.71,85.65,503427,0.002,13.049999999999955,23.480000000000018,28.159999999999968,False,False,False,False,False
17_18,Beech,17.0,33.1,28.06743685,28.21,52.55,265906,0.004,3.2799999999999727,22.230000000000018,26.590000000000032,False,False,False,False,False
17_19,Beech,17.0,45.8,,28.9,65.57,400772,0.004,8.740000000000009,22.710000000000036,26.720000000000027,False,False,False,False,False
17_2,Beech,17.0,10.8,29.05723032,13.76,23.77,64119,0.011,2.0599999999999454,9.600000000000023,13.009999999999991,False,False,False,False,True
17_20,Beech,17.0,53.5,30.85474844,9.06,23.94,34566,0.032,0.75,7.210000000000036,8.490000000000009,False,False,False,False,True
17_21,Beech,17.0,7.3,,23.04,113.59,585576,0.003,5.730000000000018,14.110000000000014,19.91999999999996,False,False,False,False,False
17_22,Beech,17.0,35.7,29.165623,29.59,42.14,169837,0.005,5.469999999999914,23.329999999999927,28.049999999999955,False,False,False,False,False
17_23,Beech,17.0,8.9,,21.16,65.72,362387,0.002,3.8099999999999454,13.340000000000032,18.549999999999955,False,False,False,False,False
17_24,Beech,17.0,43.3,30.60706491,10.64,10.87,24960,0.046,0.5399999999999636,4.720000000000027,9.460000000000036,False,False,False,False,True
17_25,Beech,17.0,6.0,30.48168475,9.47,27.69,84850,0.009,1.080000000000041,4.330000000000041,7.360000000000014,False,False,False,False,True
17_26,Beech,17.0,40.4,30.8772581,17.13,32.3,71072,0.002,3.240000000000009,13.470000000000027,16.300000000000068,False,False,False,False,True
17_27,Beech,17.0,11.1,30.86677191,11.55,18.48,30861,0.006,1.740000000000009,5.960000000000036,10.740000000000009,False,False,False,False,True
17_28,Beech,17.0,35.7,30.94745889,30.83,48.01,185741,0.004,7.5499999999999545,23.519999999999982,28.730000000000018,False,False,False,False,False
17_29,Beech,17.0,10.2,30.6082478,14.3,13.86,28889,0.007,2.2299999999999045,6.539999999999964,13.519999999999982,False,False,False,False,True
17_3,Beech,17.0,15.3,29.40699429,17.81,82.5,337560,0.002,5.6200000000000045,11.850000000000023,15.279999999999973,False,False,False,False,True
17_30,Beech,17.0,17.8,29.4076074,23.73,26.33,93025,0.004,2.9300000000000637,11.210000000000036,18.83000000000004,False,False,False,False,True
17_31,Beech,17.0,49.7,,32.27,67.11,234276,0.003,8.889999999999986,24.75,29.730000000000018,False,False,False,False,False
17_32,Beech,17.0,11.1,,11.83,10.73,21335,0.014,1.8600000000000136,5.669999999999959,9.789999999999964,False,False,False,False,False
17_33,Beech,17.0,14.6,31.66679279,16.24,11.03,31188,0.01,1.1399999999999864,7.259999999999991,15.159999999999968,False,False,False,False,True
17_34,Beech,17.0,8.0,29.5981979,19.34,79.31,196645,0.003,3.8999999999999773,11.339999999999918,16.879999999999995,False,False,False,False,True
17_35,Beech,17.0,19.1,29.64890383,25.69,18.11,34312,0.007,2.6499999999999773,16.800000000000068,21.629999999999995,False,False,False,False,False
17_36,Beech,17.0,44.6,30.64655732,30.97,90.36,140420,0.004,6.589500000000039,22.730000000000018,28.480000000000018,False,False,False,False,False
17_37,Beech,17.0,15.0,28.49748694,13.84,20.41,32166,0.002,1.6999999999999318,6.42999999999995,12.949999999999932,False,False,False,False,True
17_38,Beech,17.0,37.6,30.35535142,11.26,0.8,11670,0.046,0.5400000000000773,5.430000000000064,10.650000000000091,False,False,False,False,True
17_39,Beech,17.0,7.6,29.25455356,15.36,52.76,58961,0.008,2.840000000000032,9.190000000000055,13.620000000000005,False,False,False,False,True
17_4,Beech,17.0,48.7,30.44286507,12.77,0.83,25754,0.043,0.5600000000000591,5.6400000000001,11.990000000000009,False,False,False,False,True
17_40,Beech,17.0,6.0,29.25455356,10.09,43.94,95659,0.002,1.759999999999991,5.319999999999936,8.090000000000032,False,False,False,False,True
17_41,Beech,17.0,44.6,31.48726743,31.44,87.55,168671,0.003,7.849999999999909,23.649999999999977,28.789999999999964,False,False,False,False,False
17_42,Beech,17.0,12.4,30.55288196,28.3,50.14,51387,0.004,2.480000000000018,13.269999999999982,25.139999999999986,False,False,False,False,False
17_43,Beech,17.0,29.6,30.41620458,30.4,24.67,114605,0.003,5.8799999999999955,22.980000000000018,28.0,False,False,False,False,False
17_44,Beech,17.0,7.3,29.32674207,5.63,0.55,2199,0.069,0.3300000000000409,1.740000000000009,4.622000000000001,False,False,False,False,True
17_45,Beech,17.0,44.9,31.10253757,11.28,3.2,17028,0.042,0.5899999999999181,6.079999999999927,10.769999999999982,False,False,False,False,True
17_46,Beech,17.0,9.5,30.35260799,28.06,19.17,98466,0.003,1.4800000000000182,7.519999999999982,20.08000000000004,False,False,False,False,False
17_47,Beech,17.0,14.3,28.67756235,20.19,58.39,229585,0.002,4.469999999999914,13.990000000000009,17.91999999999996,False,False,False,False,True
17_48,Beech,17.0,37.6,29.61705284,30.85,40.41,153834,0.005,5.170000000000073,25.670000000000073,29.00999999999999,False,False,False,False,False
17_49,Beech,17.0,39.8,30.0946548,8.31,0.21,10158,0.075,0.32000000000005,3.919999999999959,7.840000000000032,False,False,False,False,True
17_5,Beech,17.0,36.9,29.42927237,29.31,42.76,277387,0.007,5.779999999999973,22.559999999999945,27.399999999999977,False,False,False,False,False
17_50,Beech,17.0,43.3,31.04322989,31.36,56.64,212333,0.003,8.909999999999968,22.81000000000006,27.75999999999999,False,False,False,False,False
17_52,Beech,17.0,19.1,29.47210045,26.68,9.47,45765,0.01,12.580000000000041,22.180000000000064,25.629999999999995,False,False,False,False,False
17_53,Beech,17.0,8.3,,21.58,49.26,209054,0.003,4.959999999999923,15.93999999999994,19.68999999999994,False,False,False,False,False
17_6,Beech,17.0,9.9,28.06424355,1.99,188.54,208327,0.238,0.2599999999999909,0.6700000000000728,0.9900000000000091,False,False,False,False,True
17_7,Beech,17.0,8.6,28.06424355,4.41,33.9,135129,0.347,0.17999999999994998,0.6100000000000136,1.259999999999991,True,False,False,False,True
17_8,Beech,17.0,6.7,28.84197347,11.1,36.27,75100,0.006,1.9600000000000364,7.3700000000000045,9.620000000000005,False,False,False,False,True
17_9,Beech,17.0,39.2,30.15623671,30.5,60.41,276534,0.003,8.230000000000018,24.360000000000014,28.100000000000023,False,False,False,False,False
18_1,Beech,18.0,49.0,32.06558753,32.82,86.31,465983,0.003,8.160000000000082,24.350000000000023,29.970000000000027,False,False,False,False,False
18_10,Beech,18.0,12.7,29.00075388,18.5,58.09,255967,0.002,6.180000000000064,12.620000000000005,16.83000000000004,False,False,False,False,True
18_11,Beech,18.0,37.2,28.53121262,10.33,0.25,13049,0.052,0.4700000000000273,5.240000000000009,9.800000000000068,False,False,False,False,True
18_12,Beech,18.0,22.0,27.73005985,27.93,45.7,122114,0.005,5.07000000000005,14.040000000000077,23.160000000000082,False,False,False,False,False
18_13,Beech,18.0,39.8,28.95809831,29.13,50.95,275628,0.003,7.209999999999923,22.870000000000005,27.549999999999955,False,False,False,False,False
18_14,Beech,18.0,14.6,30.26686596,14.0,9.59,36258,0.01,1.3700000000000045,7.039999999999964,12.629999999999995,False,False,False,False,True
18_15,Beech,18.0,20.7,29.59682342,27.27,41.71,144809,0.005,7.680000000000064,19.610000000000014,24.389999999999986,False,False,False,False,False
18_16,Beech,18.0,15.6,31.26496541,29.14,27.13,105633,0.003,2.25,13.579999999999927,22.8599999999999,False,False,False,False,False
18_17,Beech,18.0,44.6,29.65238366,31.08,73.89,354877,0.003,9.529999999999973,24.149999999999977,28.25,False,False,False,False,False
18_18,Beech,18.0,48.4,29.78631532,13.43,1.57,33484,0.033,0.6399999999999864,5.259999999999991,12.399999999999977,False,False,False,False,True
18_19,Beech,18.0,9.7,29.25605698,17.78,71.9,389539,0.001,4.82000000000005,11.300000000000068,15.259999999999991,False,False,False,False,True
18_2,Beech,18.0,38.2,30.04503128,10.59,0.27,19329,0.05,0.5,4.75,9.940000000000055,False,False,False,False,True
18_20,Beech,18.0,8.9,28.9268667,5.31,49.96,128182,0.307,0.12000000000000455,0.75,2.740000000000009,True,False,False,False,True
18_21,Beech,18.0,15.9,28.31137224,28.01,51.69,201613,0.001,5.75,17.159999999999968,24.409999999999968,False,False,False,False,False
18_22,Beech,18.0,17.8,28.27180355,16.94,57.03,242894,0.002,2.6499999999999773,11.620000000000005,15.419999999999959,False,False,False,False,True
18_23,Beech,18.0,37.9,29.21888751,12.24,0.3,14381,0.049,0.5099999999999909,5.930000000000064,11.539999999999964,False,False,False,False,True
18_24,Beech,18.0,9.2,26.92322189,5.34,1251.47,158807,0.028,0.6000000000000227,1.5400000000000773,3.1299999999999955,False,False,False,True,True
18_25,Beech,18.0,41.1,29.90256139,29.77,66.22,235285,0.004,4.720000000000027,22.41999999999996,27.789999999999964,False,False,False,False,False
18_26,Beech,18.0,7.8,29.41976901,12.15,27.22,68661,0.002,1.6800000000000637,6.230000000000018,10.81000000000006,False,False,False,False,True
18_27,Beech,18.0,6.4,29.65890726,6.85,14.89,9359,0.01,1.0900000000000318,2.5299999999999727,5.47100000000003,False,False,False,False,True
18_28,Beech,18.0,46.2,29.87513849,30.94,89.16,290383,0.002,10.57000000000005,23.00999999999999,28.120000000000005,False,False,False,False,False
18_29,Beech,18.0,6.7,,1.36,106.46,58096,0.574,0.15000000000009095,0.4600000000000364,0.9400000000000546,True,False,False,False,False
18_3,Beech,18.0,13.7,,32.66,37.88,167173,0.008,3.5299999999999727,26.25,30.610000000000014,False,False,False,False,False
18_30,Beech,18.0,22.6,28.87729774,28.81,31.76,107617,0.006,5.6299999999999955,20.469999999999914,26.309999999999945,False,False,False,False,False
18_31,Beech,18.0,7.5,30.05071026,9.96,7.62,17796,0.012,1.3400000000000318,4.720000000000027,7.330000000000041,False,False,False,False,True
18_32,Beech,18.0,8.9,30.50315199,7.94,8.44,16549,0.011,0.8500000000000227,3.490000000000009,7.269999999999982,False,False,False,False,True
18_33,Larch,18.0,51.9,32.07679885,13.68,2.77,24078,0.034,0.6899999999999409,7.389999999999986,13.129999999999995,False,False,False,False,True
18_34,Beech,18.0,10.5,29.58240168,2.23,163.52,124323,0.031,0.6399999999999864,1.150000000000091,1.490000000000009,False,False,False,False,True
18_35,Beech,18.0,5.7,,2.17,146.11,190261,0.258,0.21000000000003638,0.7300000000000182,1.3500000000000227,False,False,False,False,False
18_36,Beech,18.0,27.4,28.54606966,29.23,36.37,173138,0.004,8.698499999999937,21.909999999999968,27.159999999999968,False,False,False,False,False
18_37,Beech,18.0,6.7,,9.57,10.2,20546,0.007,1.17999999999995,3.699999999999932,9.120000000000005,False,False,False,False,False
18_38,Beech,18.0,18.1,25.1111257,10.13,1144.24,375137,0.002,1.5600000000000591,3.4600000000000364,6.440000000000055,False,False,False,True,True
18_39,Beech,18.0,53.8,29.57944465,15.99,20.93,34179,0.025,0.8799999999999955,9.220000000000027,15.149999999999977,False,False,False,False,True
18_4,Beech,18.0,39.5,30.71665605,31.1,85.02,328706,0.004,6.82000000000005,23.74000000000001,28.940000000000055,False,False,False,False,False
18_40,Beech,18.0,15.3,28.8421477,14.9,9.53,24482,0.001,1.7699999999999818,8.620000000000005,13.529999999999973,False,False,False,False,True
18_41,Beech,18.0,13.1,29.55907235,18.26,58.38,383282,0.002,5.82000000000005,11.550000000000068,15.639999999999986,False,False,False,False,True
18_42,Beech,18.0,6.0,,8.7,8.94,16500,0.017,1.2300000000000182,4.169999999999959,7.889999999999986,False,False,False,False,False
18_43,Beech,18.0,6.2,27.83202682,11.37,22.24,38754,0.011,1.7200000000000273,7.960000000000036,10.610000000000014,False,False,False,False,True
18_44,Beech,18.0,8.3,,9.84,25.02,42839,0.007,1.1299999999999955,5.580000000000041,8.610000000000014,False,False,False,False,False
18_45,Beech,18.0,17.7,,26.08,31.84,134334,0.002,3.509999999999991,14.129999999999995,17.779999999999973,False,False,False,False,False
18_46,Larch,18.0,47.7,32.12169523,12.52,13.68,25358,0.035,0.7100000000000364,7.669999999999959,11.769999999999982,False,False,False,False,True
18_47,Beech,18.0,8.6,29.22129867,20.04,57.61,313461,0.004,4.25,12.540000000000077,16.920000000000073,False,False,False,False,True
18_48,Beech,18.0,8.9,32.60041939,7.3,317.02,82543,0.035,0.5799999999999272,2.2100000000000364,5.980000000000018,False,False,False,True,True
18_5,Beech,18.0,12.7,31.56923847,20.26,52.12,61811,0.008,2.0699999999999363,8.230000000000018,14.669999999999959,False,False,False,False,True
18_50,Beech,18.0,30.2,29.8921638,26.88,70.02,189092,0.002,10.919999999999959,20.0,24.909999999999968,False,False,False,False,False
18_51,Larch,18.0,65.9,34.3081127,33.98,76.6,282175,0.002,8.339999999999918,22.350000000000023,30.449999999999932,False,False,False,False,False
18_52,Beech,18.0,38.8,28.26290078,28.59,92.48,342172,0.001,11.460000000000036,22.190000000000055,25.870000000000005,False,False,False,False,False
18_53,Beech,18.0,8.0,27.02654441,21.4,10.18,21559,0.003,3.259999999999991,6.159999999999968,6.839999999999918,False,False,False,False,True
18_54,Beech,18.0,35.3,,30.4,64.22,121374,0.004,7.190000000000055,21.430000000000064,25.50999999999999,False,False,False,False,False
18_55,Beech,18.0,29.9,28.86406603,9.58,2.83,7034,0.069,0.35000000000002274,4.42999999999995,8.92999999999995,False,False,False,False,True
18_56,Beech,18.0,11.1,28.27163293,18.53,47.97,138254,0.002,4.960000000000036,13.330000000000041,17.110000000000014,False,False,False,False,True
18_57,Beech,18.0,37.2,29.21754089,10.02,0.18,7607,0.059,0.42299999999995647,4.789999999999964,9.480000000000018,False,False,False,False,True
18_58,Beech,18.0,38.7,27.83683849,29.31,38.94,49618,0.007,3.519999999999982,21.709999999999923,27.42999999999995,False,False,False,False,False
18_59,Beech,18.0,8.4,,19.93,38.92,92391,0.004,4.580000000000041,14.5,18.08000000000004,False,False,False,False,False
18_6,Beech,18.0,53.8,,32.29,106.67,390499,0.003,7.470000000000027,23.32000000000005,29.970000000000027,False,False,False,False,False
18_60,Beech,18.0,16.9,27.61651653,9.82,22.13,24773,0.011,1.4600000000000364,5.639999999999986,7.960000000000036,False,False,False,False,True
18_61,Beech,18.0,15.0,26.69671792,26.77,44.13,91667,0.003,4.3900000000001,16.31000000000006,21.700000000000045,False,False,False,False,False
18_62,Beech,18.0,13.1,25.78678592,22.08,21.91,35469,0.003,4.7000000000000455,13.480000000000018,19.460000000000036,False,False,False,False,False
18_63,Beech,18.0,21.8,26.82541681,26.67,20.46,60199,0.005,5.220000000000027,20.470000000000027,24.690000000000055,False,False,False,False,False
18_64,Beech,18.0,41.1,27.61110898,27.52,68.1,116929,0.004,5.990000000000009,19.75999999999999,25.449999999999932,False,False,False,False,False
18_65,Larch,18.0,43.3,30.04236011,30.38,72.78,318795,0.003,6.189999999999941,19.329999999999927,27.50999999999999,False,False,False,False,False
18_66,Beech,18.0,23.9,27.50721721,16.11,114.73,482705,0.001,3.0499999999999545,10.039999999999964,14.399999999999977,False,False,False,False,True
18_7,Beech,18.0,44.9,30.83992008,32.03,61.08,330917,0.004,8.849999999999909,24.029999999999973,28.769999999999982,False,False,False,False,False
18_8,Beech,18.0,20.1,30.42427057,2.29,1.05,1976,0.137,0.2400000000000091,1.240000000000009,1.9400000000000546,False,False,False,False,True
18_9,Beech,18.0,10.0,30.31370024,18.62,16.5,63806,0.014,2.82000000000005,11.009999999999991,15.840000000000032,False,False,False,False,True
1_1,Beech,1.0,18.8,25.5809304,27.68,44.87,30152,0.007,3.5399999999999636,15.614999999999952,20.19449999999991,False,False,False,False,False
1_10,Beech,1.0,8.0,25.7513285,10.64,7.31,7157,0.039,0.57000000000005,4.649999999999977,9.200000000000045,False,False,False,False,True
1_11,Beech,1.0,24.5,24.23775273,27.45,44.85,33048,0.006,3.3700000000000045,17.25,22.170000000000073,False,False,False,False,False
1_12,Beech,1.0,10.2,26.4597365,11.0,6.97,6879,0.028,0.8400000000000318,5.1299999999999955,9.720000000000027,False,False,False,False,True
1_13,Beech,1.0,13.4,26.11838361,18.31,18.24,28170,0.008,1.1599999999999682,10.32000000000005,16.430000000000064,False,False,False,False,True
1_14,Beech,1.0,6.4,28.88525354,10.68,10.91,5988,0.019,1.3934999999999833,4.980000000000018,9.330000000000041,False,False,False,False,True
1_15,Larch,1.0,46.5,29.30302391,30.04,33.19,57369,0.011,2.1099999999999,20.809999999999945,26.66999999999996,False,False,False,False,False
1_16,Beech,1.0,8.0,29.26176057,17.74,13.72,2463,0.071,0.4599999999999227,1.3199999999999363,2.7389999999999994,False,False,False,False,True
1_17,Beech,1.0,20.7,28.56825493,7.51,0.41,4648,0.079,0.2900000000000773,3.4500000000000455,7.040000000000077,False,False,False,False,True
1_18,Beech,1.0,6.0,28.32255684,15.53,35.67,53566,0.006,4.290000000000077,10.980000000000018,13.490000000000009,False,False,False,False,True
1_19,Beech,1.0,14.3,22.48053625,18.7,43.35,41897,0.004,3.7000000000000455,12.240000000000009,16.659999999999968,False,False,False,False,False
1_2,Beech,1.0,10.2,30.38512925,8.09,5.68,5447,0.018,0.8199999999999363,2.449999999999932,6.7999999999999545,False,False,False,False,True
1_20,Beech,1.0,16.6,21.76801307,18.85,26.29,29044,0.007,2.8899999999999864,13.039999999999964,17.75999999999999,False,False,False,False,False
1_22,Beech,1.0,27.4,25.14496573,24.4,37.56,28927,0.011,2.4600000000000364,16.680000000000064,22.13699999999996,False,False,False,False,False
1_23,Beech,1.0,11.5,23.7536359,16.88,14.92,16277,0.015,1.0699999999999363,7.269999999999982,15.529999999999973,False,False,False,False,True
1_24,Beech,1.0,12.4,25.92056225,16.49,18.02,19031,0.008,2.160000000000082,12.009999999999991,14.770000000000095,False,False,False,False,True
1_25,Beech,1.0,33.4,26.98705935,26.05,40.53,48708,0.01,2.4200000000000728,17.180000000000064,21.960000000000036,False,False,False,False,False
1_26,Beech,1.0,15.3,28.69185677,18.66,19.66,31388,0.007,1.82000000000005,11.659999999999968,16.649999999999977,False,False,False,False,True
1_27,Beech,1.0,8.3,26.04569081,15.8,17.15,14599,0.023,0.9199999999999591,4.100000000000023,11.211000000000022,False,False,False,False,True
1_28,Beech,1.0,19.7,23.05037723,18.98,35.79,38171,0.003,4.560000000000059,12.620000000000005,17.210000000000036,False,False,False,False,False
1_29,Beech,1.0,8.0,,16.48,48.85,74043,0.004,3.3799999999999955,9.539999999999964,14.009999999999991,False,False,False,False,False
1_3,Oak,1.0,47.4,28.72880399,30.44,79.65,128731,0.003,5.019999999999982,15.879999999999995,24.950000000000045,False,False,False,False,False
1_30,Larch,1.0,52.5,28.88749599,13.05,1.64,15477,0.038,0.6200000000000045,6.659999999999968,12.350000000000023,False,False,False,False,True
1_39,Beech,1.0,43.4,27.45213731,28.08,77.64,135727,0.003,5.7000000000000455,21.200000000000045,25.470000000000027,False,False,False,False,False
1_4,Beech,1.0,9.9,27.98065709,18.92,23.59,15887,0.007,2.3299999999999272,7.939999999999941,17.5,False,False,False,False,True
1_40,Beech,1.0,15.3,26.01233797,16.15,38.28,60076,0.003,2.267499999999984,9.190000000000055,14.659999999999968,False,False,False,False,True
1_41,Beech,1.0,15.6,27.76792141,23.21,28.54,41433,0.007,2.6959999999999344,12.889999999999986,16.43999999999994,False,False,False,False,False
1_42,Beech,1.0,11.6,27.27351842,1.72,1.7,1290,0.219,0.25,0.9400000000000546,1.1299999999999955,False,False,False,False,True
1_43,Beech,1.0,6.7,,7.75,15.4,11398,0.01,1.3799999999999955,6.069999999999936,7.210000000000036,False,False,False,False,False
1_44,Beech,1.0,15.0,25.35022839,18.55,22.23,73364,0.004,1.7800000000000864,11.590000000000032,17.75999999999999,False,False,False,False,True
1_45,Beech,1.0,11.5,26.60606276,17.25,14.75,20609,0.022,2.0499999999999545,12.449999999999932,16.0,False,False,False,False,True
1_46,Beech,1.0,11.9,26.54558477,15.75,9.96,21892,0.009,1.5399999999999636,7.264999999999986,12.819999999999936,False,False,False,False,True
1_47,Beech,1.0,34.1,26.53078451,26.86,46.04,103477,0.005,6.307999999999949,21.559999999999945,25.120000000000005,False,False,False,False,False
1_48,Beech,1.0,14.3,27.89508115,15.7,31.46,35327,0.011,1.4300000000000637,7.9500000000000455,13.220000000000027,False,False,False,False,True
1_49,Larch,1.0,48.4,,28.49,41.4,124800,0.004,5.649999999999977,23.170000000000073,26.82000000000005,False,False,False,False,False
1_5,Beech,1.0,17.5,28.70201369,24.51,45.4,28121,0.008,2.57000000000005,14.040000000000077,18.019999999999982,False,False,False,False,False
1_50,Beech,1.0,38.2,,26.94,57.39,214232,0.001,10.1400000000001,21.780000000000086,24.940000000000055,False,False,False,False,False
1_51,Beech,1.0,8.6,,10.69,511.46,156423,0.013,1.0100000000000477,3.1999999999999886,7.0400000000000205,False,False,False,True,False
1_52,Beech,1.0,8.9,,13.98,9.6,16786,0.02,1.392499999999984,8.779999999999973,13.18999999999994,False,False,False,False,False
1_53,Beech,1.0,7.0,26.70651601,10.88,4.47,6969,0.027,0.8299999999999272,4.839999999999918,9.819999999999936,False,False,False,False,True
1_54,Beech,1.0,9.5,,1.9,82.83,11655,0.11,0.2999999999999545,1.2100000000000364,1.5499999999999545,False,False,False,False,False
1_55,Beech,1.0,10.2,26.24801464,15.32,11.18,28241,0.008,1.3700000000000045,7.8700000000000045,14.040000000000077,False,False,False,False,True
1_56,Beech,1.0,42.0,26.80928187,27.0,67.41,209420,0.003,8.049999999999955,20.120000000000005,24.519999999999982,False,False,False,False,False
1_57,Beech,1.0,38.7,27.57213427,28.1,44.79,111980,0.006,5.190000000000055,21.670000000000073,25.879999999999995,False,False,False,False,False
1_58,Beech,1.0,15.6,26.1146821,20.83,10.22,33029,0.008,2.8899999999999864,16.43999999999994,19.289999999999964,False,False,False,False,True
1_59,Beech,1.0,13.1,26.36459881,16.49,15.45,33701,0.008,1.8400000000000318,9.580000000000041,15.230000000000018,False,False,False,False,True
1_6,Beech,1.0,11.8,25.64517359,21.83,19.31,12425,0.011,1.8399999999999181,11.579999999999927,15.93999999999994,False,False,False,False,False
1_60,Beech,1.0,10.5,24.99307048,3.67,689.98,128319,0.04,0.5400000000000773,1.7900000000000773,2.550000000000068,False,False,False,True,True
1_61,Beech,1.0,30.2,24.30639277,23.8,44.41,129730,0.004,6.990000000000009,19.370000000000005,22.33000000000004,False,False,False,False,False
1_62,Beech,1.0,9.9,26.13423841,12.46,19.5,34845,0.009,1.42999999999995,9.039999999999964,11.93999999999994,False,False,False,False,True
1_63,Beech,1.0,28.0,25.09443038,25.09,48.27,197583,0.003,6.3700000000000045,18.75999999999999,23.309999999999945,False,False,False,False,False
1_64,Beech,1.0,6.0,25.98450051,15.29,37.45,124322,0.005,4.420000000000073,10.120000000000005,13.120000000000005,False,False,False,False,True
1_65,Beech,1.0,5.3,,5.54,9.08,5470,0.026,0.8700000000000045,3.0299999999999727,4.475500000000024,False,False,False,False,False
1_66,Beech,1.0,33.4,25.62771421,10.88,0.84,13912,0.06,0.40000000000009095,5.330000000000041,10.324500000000034,False,False,False,False,True
1_68,Beech,1.0,10.7,24.21059562,15.17,11.97,33369,0.009,2.080000000000041,9.419999999999959,14.210000000000036,False,False,False,False,True
1_69,Beech,1.0,28.6,23.07542407,23.21,45.09,104178,0.007,5.289999999999964,18.92999999999995,21.43999999999994,False,False,False,False,False
1_7,Beech,1.0,7.0,20.1792233,9.05,2.53,2640,0.04,0.5800000000000409,2.259999999999991,7.7999999999999545,False,False,False,False,True
1_70,Beech,1.0,11.1,24.18573486,21.57,40.13,47262,0.007,2.7700000000000955,12.910000000000082,19.520000000000095,False,False,False,False,False
1_71,Spruce,1.0,45.4,29.23851554,29.22,31.23,289996,0.003,9.120000000000005,21.980000000000018,27.110000000000014,False,False,False,False,False
1_72,Beech,1.0,25.8,23.32982536,22.68,25.94,80020,0.007,3.0,18.32000000000005,21.480000000000018,False,False,False,False,False
1_73,Beech,1.0,31.2,27.84219246,24.67,52.39,128824,0.005,5.3799999999999955,19.029999999999973,22.909999999999968,False,False,False,False,False
1_74,Beech,1.0,39.5,26.14961039,26.11,54.24,87093,0.01,3.449999999999932,19.269999999999982,23.620000000000005,False,False,False,False,False
1_75,Beech,1.0,17.5,24.12581897,22.58,40.6,42956,0.003,10.819999999999936,15.819999999999936,19.199999999999932,False,False,False,False,False
1_76,Beech,1.0,9.5,25.21566288,12.17,11.95,18827,0.01,1.1000000000000227,5.300000000000068,10.730000000000018,False,False,False,False,True
1_78,Beech,1.0,12.6,26.98071816,12.2,3.95,4951,0.035,0.7000000000000455,6.740000000000009,11.57000000000005,False,False,False,False,True
1_79,Beech,1.0,9.5,26.14952306,13.46,7.42,13059,0.008,1.3999999999999773,6.32000000000005,12.260999999999976,False,False,False,False,True
1_8,Beech,1.0,8.0,20.1792233,9.84,3.48,3891,0.027,0.9099999999999682,3.759999999999991,8.819999999999936,False,False,False,False,True
1_80,Beech,1.0,9.5,26.66725779,22.5,24.52,27445,0.003,3.0300000000000864,10.360000000000014,13.450000000000045,False,False,False,False,False
1_81,Beech,1.0,19.1,23.65986579,24.79,30.02,48514,0.007,4.42999999999995,13.909999999999968,19.00999999999999,False,False,False,False,False
1_9,Beech,1.0,38.8,26.43982423,27.03,56.44,59871,0.01,2.8199999999999363,18.269999999999982,24.68999999999994,False,False,False,False,False
2_1,Beech,2.0,9.2,,8.7,5.0,3170,0.025,0.7699999999999818,2.784999999999968,8.149999999999977,False,False,False,False,False
2_10,Beech,2.0,17.8,23.37142436,7.3,941.22,172946,0.005,0.9700000000000273,1.9399999999999409,4.990000000000009,False,False,False,True,True
2_11,Beech,2.0,6.7,25.17882206,22.66,44.85,31700,0.006,1.57000000000005,12.300000000000068,18.24000000000001,False,False,False,False,False
2_12,Beech,2.0,31.5,25.52333106,9.23,0.36,5987,0.053,0.4699999999999136,4.819999999999936,8.839999999999918,False,False,False,False,True
2_13,Beech,2.0,11.8,26.71115671,16.49,37.28,49446,0.008,2.7000000000000455,9.680000000000064,14.300000000000068,False,False,False,False,True
2_14,Beech,2.0,10.2,26.71115671,14.31,29.03,32165,0.01,1.259999999999991,7.279999999999973,12.989999999999895,False,False,False,False,True
2_15,Beech,2.0,13.1,25.2750303,17.12,23.14,21940,0.01,2.1299999999999955,11.629999999999995,15.870499999999996,False,False,False,False,True
2_16,Beech,2.0,7.3,25.85442441,10.14,13.46,11821,0.017,1.1100000000000136,4.6299999999999955,8.8900000000001,False,False,False,False,True
2_17,Beech,2.0,37.9,,25.6,73.94,62417,0.01,2.550000000000068,17.930000000000064,23.120000000000005,False,False,False,False,False
2_18,Beech,2.0,11.1,25.81154218,15.42,9.42,21018,0.011,1.080000000000041,6.960000000000036,13.240000000000009,False,False,False,False,True
2_2,Beech,2.0,45.8,28.81423235,17.1,21.94,23741,0.022,0.9800000000000182,8.370000000000005,15.029999999999973,False,False,False,False,True
2_20,Beech,2.0,25.8,21.82038176,21.41,49.63,84192,0.004,4.009999999999991,13.769999999999982,19.220000000000027,False,False,False,False,False
2_21,Beech,2.0,7.3,22.05800658,7.37,15.8,10267,0.015,1.0499999999999545,3.8700000000000045,6.219999999999914,False,False,False,False,True
2_22,Beech,2.0,6.4,26.08041936,8.32,7.82,3413,0.025,0.8560000000000175,4.82000000000005,7.759999999999991,False,False,False,False,True
2_23,Beech,2.0,19.4,,3.63,3.3,2550,0.044,0.5299999999999727,2.0499999999999545,2.7200000000000273,False,False,False,False,False
2_24,Beech,2.0,9.2,23.60274595,9.34,18.18,11610,0.018,0.8700000000000045,4.099999999999909,7.939999999999941,False,False,False,False,True
2_25,Beech,2.0,18.8,26.0170014,23.51,23.66,33724,0.003,4.050000000000068,15.75,21.460000000000036,False,False,False,False,False
2_26,Beech,2.0,6.0,27.30992309,7.05,1.32,1328,0.079,0.3000000000000682,4.170000000000073,6.850000000000023,False,False,False,False,True
2_27,Beech,2.0,26.1,26.4343971,26.57,18.66,48886,0.009,3.1100000000000136,20.279999999999973,24.860000000000014,False,False,False,False,False
2_28,Beech,2.0,5.7,27.91219492,12.49,38.76,44514,0.005,1.5400000000000773,6.460000000000036,10.269999999999982,False,False,False,False,True
2_29,Beech,2.0,38.8,26.71197016,6.78,0.25,7624,0.086,0.2900000000000773,3.1200000000000045,6.430000000000064,False,False,False,False,True
2_3,Beech,2.0,11.1,27.90014819,7.8,19.0,6120,0.025,0.7100000000000364,3.2100000000000364,6.460500000000038,False,False,False,False,True
2_30,Beech,2.0,6.7,26.87342391,11.08,10.9,13052,0.039,0.6599999999999682,5.569999999999936,9.509999999999991,False,False,False,False,True
2_32,Beech,2.0,35.3,26.88730496,26.96,67.53,83650,0.006,4.139999999999986,17.0,24.579999999999927,False,False,False,False,False
2_33,Beech,2.0,31.5,27.36494419,27.62,54.54,41957,0.009,2.830000000000041,16.399999999999977,25.269999999999982,False,False,False,False,False
2_34,Beech,2.0,45.5,27.19840586,9.41,0.4,8733,0.05,0.4900000000000091,4.639999999999986,8.950000000000045,False,False,False,False,True
2_35,Beech,2.0,6.4,27.80114652,18.79,78.39,73908,0.007,2.2100000000000364,9.270000000000095,15.460000000000036,False,False,False,False,True
2_36,Beech,2.0,9.5,,12.36,23.56,15313,0.022,0.6800000000000637,2.240000000000009,5.704000000000038,False,False,False,False,False
2_37,Spruce,2.0,21.6,24.14154172,23.87,13.57,16116,0.019,1.3099999999999454,15.199999999999932,21.949999999999932,False,False,False,False,False
2_38,Silver Fir,2.0,13.4,,15.88,19.81,134650,0.002,1.8744999999999452,6.399999999999977,13.25,False,False,False,False,False
2_39,Beech,2.0,31.5,26.96724437,27.49,37.87,33348,0.015,1.9434999999999392,18.379999999999995,25.366499999999984,False,False,False,False,False
2_4,Beech,2.0,27.7,26.97250816,2.21,2.06,1196,0.195,0.22000000000002728,1.0599999999999454,1.8799999999999955,False,False,False,False,True
2_40,Beech,2.0,16.6,25.9635786,17.28,30.88,70282,0.003,2.0699999999999363,10.259999999999991,15.92999999999995,False,False,False,False,True
2_42,Beech,2.0,48.4,,27.72,62.75,91013,0.006,3.060000000000059,18.75,25.720000000000027,False,False,False,False,False
2_43,Beech,2.0,13.1,25.91239038,21.78,28.99,30430,0.007,2.050000000000068,7.810000000000059,14.190000000000055,False,False,False,False,False
2_44,Beech,2.0,39.2,26.71009475,26.94,86.46,82665,0.006,2.9700000000000273,15.940000000000055,23.07000000000005,False,False,False,False,False
2_45,Douglas Fir,2.0,33.1,27.05378858,28.57,37.04,56161,0.008,3.099999999999909,21.1099999999999,25.059999999999945,False,False,False,False,False
2_46,Douglas Fir,2.0,71.6,33.06270297,33.13,115.8,404947,0.003,6.289999999999964,17.25999999999999,24.299999999999955,False,False,False,False,False
2_47,Douglas Fir,2.0,24.8,,9.44,10.94,27356,0.013,1.0599999999999454,4.539999999999964,8.309999999999945,False,False,False,False,False
2_48,Silver Fir,2.0,18.1,31.6315775,31.76,34.35,204762,0.001,4.110000000000014,12.379999999999995,19.040000000000077,False,False,False,False,False
2_49,Douglas Fir,2.0,22.9,27.98413468,28.67,36.34,185488,0.002,9.13000000000011,18.670000000000073,22.950000000000045,False,False,False,False,False
2_5,Beech,2.0,15.3,27.94351687,15.91,79.52,59336,0.012,1.7699999999999818,8.009999999999991,13.110000000000014,False,False,False,False,True
2_50,Douglas Fir,2.0,57.3,36.71957544,36.6,64.61,295299,0.003,5.909999999999968,22.91999999999996,33.379999999999995,False,False,False,False,False
2_51,Douglas Fir,2.0,56.3,,36.24,69.56,565161,0.002,8.809999999999945,17.909999999999968,31.289999999999964,False,False,False,False,False
2_52,Douglas Fir,2.0,13.1,26.29029071,1.49,0.03,877,0.319,0.09000000000003183,0.7599999999999909,1.3999999999999773,True,False,False,False,True
2_53,Douglas Fir,2.0,34.7,26.96569241,26.86,40.96,242119,0.003,9.779999999999973,18.399999999999977,24.389999999999986,False,False,False,False,False
2_54,Beech,2.0,6.4,,18.46,15.23,79212,0.012,1.25,4.539999999999964,11.879999999999995,False,False,False,False,False
2_55,Larch,2.0,18.8,26.01899028,17.45,29.02,157744,0.007,1.8799999999999955,12.709999999999923,16.379999999999995,False,False,False,False,True
2_56,Beech,2.0,11.5,,4.29,14.04,14008,0.016,0.7300000000000182,2.419999999999959,3.490000000000009,False,False,False,False,False
2_57,Spruce,2.0,67.2,,29.15,83.6,680189,0.002,5.080000000000041,16.8900000000001,25.220000000000027,False,False,False,False,False
2_58,Spruce,2.0,49.0,,30.11,38.42,485389,0.002,7.969999999999914,18.639999999999986,26.949999999999932,False,False,False,False,False
2_59,Beech,2.0,9.5,27.31484876,10.66,29.49,48179,0.003,1.4400000000000546,5.6200000000000045,9.289999999999964,False,False,False,False,True
2_6,Beech,2.0,34.1,25.11235722,24.78,58.65,71165,0.008,2.8700000000000045,16.800000000000068,22.440000000000055,False,False,False,False,False
2_7,Beech,2.0,12.1,25.59506494,13.63,27.78,22459,0.009,1.1800000000000637,8.31000000000006,12.450000000000045,False,False,False,False,True
2_8,Beech,2.0,12.1,25.71315273,1.27,0.19,376,0.364,0.11000000000001364,0.6800000000000637,1.240000000000009,True,False,False,False,True
2_9,Beech,2.0,5.7,24.75956048,8.27,1.43,1042,0.066,0.30049999999995414,3.1949999999999363,6.749,False,False,False,False,True
3_1,Beech,3.0,9.1,26.86501082,21.47,40.53,97405,0.006,3.6700000000000728,14.040000000000077,18.82000000000005,False,False,False,False,True
3_10,Beech,3.0,33.4,27.07056279,26.06,56.49,191755,0.003,8.110000000000014,19.99000000000001,24.219999999999914,False,False,False,False,False
3_100,Beech,3.0,31.5,25.86199448,26.15,66.72,484041,0.002,10.610000000000014,20.700000000000045,24.220000000000027,False,False,False,False,False
3_101,Beech,3.0,25.1,22.57574185,24.26,70.21,274023,0.005,7.740000000000009,17.870000000000005,21.00999999999999,False,False,False,False,False
3_102,Beech,3.0,39.5,30.41435702,28.03,70.73,551204,0.003,10.930000000000064,20.91999999999996,25.529999999999973,False,False,False,False,False
3_103,Beech,3.0,7.6,,7.3,31.68,40403,0.009,1.0199999999999818,5.110000000000014,6.720000000000027,False,False,False,False,False
3_104,Beech,3.0,18.8,24.04989137,19.42,26.99,149007,0.004,1.9100000000000819,11.410000000000082,18.019999999999982,False,False,False,False,False
3_105,Beech,3.0,7.0,19.83009739,12.86,21.52,98675,0.005,1.509999999999991,7.269999999999982,11.449999999999932,False,False,False,False,True
3_106,Beech,3.0,8.3,19.83009739,10.46,6.56,26260,0.02,1.0499999999999545,4.849999999999909,9.389999999999986,False,False,False,False,True
3_11,Larch,3.0,50.3,28.64571386,11.82,0.34,20354,0.018,1.1299999999999955,5.939999999999941,11.259999999999991,False,False,False,False,True
3_12,Beech,3.0,35.7,26.09673876,26.77,45.13,304561,0.002,11.720000000000027,21.910000000000082,25.07000000000005,False,False,False,False,False
3_13,Beech,3.0,5.4,,10.96,798.09,320577,0.005,1.0499999999999545,3.3700000000000045,7.659999999999968,False,False,False,True,False
3_14,Beech,3.0,13.5,27.31389568,24.09,34.4,116369,0.007,1.8899999999999864,10.819999999999936,16.319999999999936,False,False,False,False,False
3_15,Beech,3.0,6.7,24.44304446,16.8,10.93,29706,0.006,1.3299999999999272,5.7999999999999545,7.319999999999936,False,False,False,False,True
3_16,Beech,3.0,43.6,25.01431935,25.59,87.2,618661,0.002,10.82000000000005,20.49000000000001,23.63000000000011,False,False,False,False,False
3_17,Beech,3.0,14.0,24.70976448,18.15,38.64,139691,0.002,3.4200000000000728,12.009999999999991,16.840000000000032,False,False,False,False,True
3_18,Beech,3.0,33.7,23.9314499,23.91,56.1,263972,0.003,8.559999999999945,18.41999999999996,22.569999999999936,False,False,False,False,False
3_19,Beech,3.0,9.7,23.60628614,20.52,32.39,65297,0.004,5.759999999999991,13.149999999999977,17.269999999999982,False,False,False,False,False
3_2,Beech,3.0,42.2,27.66209394,1.54,0.15,1367,0.399,0.11000000000001364,0.6100000000000136,1.3600000000000136,True,False,False,False,True
3_20,Beech,3.0,17.8,20.21249462,20.84,21.18,88252,0.006,5.1200000000000045,16.809999999999945,19.340000000000032,False,False,False,False,False
3_21,Beech,3.0,23.6,20.44857442,6.8,1.68,8524,0.06,0.40999999999996817,3.8099999999999454,6.409999999999968,False,False,False,False,True
3_22,Beech,3.0,9.5,,13.71,51.46,248965,0.002,3.590000000000032,10.160000000000082,12.680000000000064,False,False,False,False,False
3_23,Beech,3.0,5.6,20.93170647,18.36,26.36,123840,0.003,2.5499999999999545,11.0,16.41999999999996,False,False,False,False,False
3_24,Beech,3.0,5.7,20.93170647,9.09,39.29,240049,0.001,2.1399999999999864,5.340000000000032,7.92999999999995,False,False,False,False,True
3_25,Beech,3.0,11.8,21.92732698,8.52,39.19,81729,0.007,1.599999999999909,4.329999999999927,7.480000000000018,False,False,False,False,True
3_26,Beech,3.0,8.0,,3.41,9.85,6379,0.021,0.6399999999999864,1.2699999999999818,2.839999999999918,False,False,False,False,False
3_27,Beech,3.0,26.7,22.8940955,9.49,2.7,22482,0.031,0.7999999999999545,4.259999999999991,8.980000000000018,False,False,False,False,True
3_28,Beech,3.0,10.7,,5.75,37.26,51525,0.003,1.7000000000000455,3.840000000000032,5.080000000000041,False,False,False,False,False
3_29,Beech,3.0,29.3,24.25146721,10.62,14.1,34279,0.03,0.8300000000000409,6.080000000000041,9.289999999999964,False,False,False,False,True
3_3,Beech,3.0,9.7,27.36899236,9.51,20.22,41568,0.009,1.3500000000000227,5.340000000000032,8.190000000000055,False,False,False,False,True
3_30,Beech,3.0,7.0,24.16061364,24.23,32.95,300389,0.001,13.240000000000009,19.579999999999927,23.100000000000023,False,False,False,False,False
3_31,Beech,3.0,6.4,27.39054114,20.26,69.44,677992,0.003,3.8600000000000136,12.280000000000086,17.5,False,False,False,False,True
3_32,Beech,3.0,44.9,27.95317834,8.4,1.43,19958,0.068,0.36000000000001364,3.9400000000000546,7.940000000000055,False,False,False,False,True
3_33,Beech,3.0,8.6,28.5838322,17.8,15.91,82380,0.006,1.4800000000000182,6.560000000000059,10.629999999999995,False,False,False,False,True
3_34,Beech,3.0,10.7,29.21803165,17.93,16.01,115363,0.003,2.3700000000000045,9.440000000000055,16.57000000000005,False,False,False,False,True
3_35,Beech,3.0,28.6,25.64280223,27.35,41.54,328782,0.005,8.899999999999977,20.019999999999982,24.839999999999918,False,False,False,False,False
3_37,Beech,3.0,9.2,26.06492329,23.44,25.7,428351,0.001,7.240000000000009,13.799999999999955,21.120000000000005,False,False,False,False,False
3_38,Spruce,3.0,21.6,26.42258086,5.41,216.88,486961,0.065,0.43000000000006366,1.5400000000000773,2.580000000000041,False,False,False,True,True
3_39,Beech,3.0,7.3,26.03172642,8.21,7.3,17664,0.039,0.6999999999999318,2.949999999999932,8.009999999999991,False,False,False,False,True
3_4,Beech,3.0,8.3,26.32641568,9.41,53.86,164360,0.003,2.0,5.279999999999973,7.6200000000000045,False,False,False,False,True
3_40,Beech,3.0,28.2,26.41372389,26.4,36.96,235495,0.003,7.600000000000023,21.300000000000068,24.639999999999986,False,False,False,False,False
3_41,Beech,3.0,8.9,,11.13,13.71,27565,0.014,1.2799999999999727,4.960000000000036,9.129999999999995,False,False,False,False,False
3_42,Beech,3.0,11.9,26.12884161,19.08,11.38,106244,0.007,2.4599999999999227,11.230000000000018,16.129999999999995,False,False,False,False,True
3_43,Beech,3.0,25.8,26.99895666,27.05,35.74,268885,0.001,10.159999999999968,22.049999999999955,25.25,False,False,False,False,False
3_44,Beech,3.0,15.3,26.18542779,23.08,38.62,174575,0.003,3.730000000000018,13.460000000000036,17.82000000000005,False,False,False,False,False
3_45,Beech,3.0,7.6,27.62400887,28.18,55.53,482247,0.0,12.07000000000005,21.420000000000073,25.32000000000005,False,False,False,False,False
3_46,Beech,3.0,33.1,28.0752131,8.67,8.73,23443,0.023,0.7599999999999909,3.090000000000032,5.399999999999977,False,False,False,False,True
3_47,Beech,3.0,35.5,27.18778321,27.16,63.01,395211,0.001,10.409999999999968,22.459999999999923,25.75,False,False,False,False,False
3_48,Beech,3.0,40.9,27.62496858,28.02,44.64,332098,0.003,9.170000000000073,23.200000000000045,26.220000000000027,False,False,False,False,False
3_49,Beech,3.0,8.9,28.06573407,24.48,19.13,101283,0.01,1.3500000000000227,5.509999999999991,17.610000000000014,False,False,False,False,False
3_5,Beech,3.0,28.3,26.92001144,26.71,43.32,169604,0.003,7.919999999999959,21.75999999999999,24.620000000000005,False,False,False,False,False
3_50,Beech,3.0,35.3,27.51332728,11.38,0.34,14439,0.028,0.9099999999999682,6.300000000000068,10.710000000000036,False,False,False,False,True
3_51,Beech,3.0,8.9,,19.64,20.32,46399,0.009,4.518999999999983,10.019999999999982,12.68999999999994,False,False,False,False,False
3_52,Beech,3.0,13.4,27.43285264,25.91,19.75,139444,0.004,2.759999999999991,12.68999999999994,18.149999999999977,False,False,False,False,False
3_53,Beech,3.0,14.0,25.865066,22.22,21.66,161222,0.002,3.2899999999999636,14.009999999999991,17.539999999999964,False,False,False,False,False
3_54,Beech,3.0,6.4,28.00820929,16.99,49.72,242778,0.001,3.6800000000000637,11.25,15.260000000000105,False,False,False,False,True
3_55,Beech,3.0,8.6,28.25285411,8.43,2.67,11380,0.025,0.8000000000000682,3.9500000000000455,7.740000000000009,False,False,False,False,True
3_56,Beech,3.0,33.4,27.4182086,12.56,10.66,29972,0.017,1.080000000000041,7.060000000000059,11.600000000000023,False,False,False,False,True
3_58,Beech,3.0,14.6,30.43537724,22.04,23.76,128044,0.003,4.230000000000018,16.81000000000006,20.730000000000018,False,False,False,False,True
3_59,Beech,3.0,18.1,24.6459055,20.06,25.13,185263,0.005,8.289999999999964,16.269999999999982,18.889999999999986,False,False,False,False,False
3_6,Beech,3.0,8.1,25.89603329,0.27,0.58,85,1.0,0.029999999999972715,0.11000000000001364,0.2679999999999836,True,False,False,False,True
3_60,Larch,3.0,48.1,30.09106525,30.43,58.84,654670,0.002,12.909999999999968,22.959999999999923,27.480000000000018,False,False,False,False,False
3_61,Beech,3.0,14.6,29.08038689,15.92,16.39,92925,0.005,1.17999999999995,6.909999999999968,14.67999999999995,False,False,False,False,True
3_62,Beech,3.0,10.3,,12.97,14.62,60157,0.01,1.25,4.960000000000036,10.680000000000064,False,False,False,False,False
3_63,Beech,3.0,28.3,25.96516639,26.13,34.76,282812,0.002,12.480000000000018,21.120000000000005,24.780000000000086,False,False,False,False,False
3_64,Beech,3.0,5.1,26.97732847,8.26,11.81,34720,0.007,1.8100000000000591,4.75,7.930000000000064,False,False,False,False,True
3_65,Beech,3.0,4.9,26.97732847,12.48,72.31,466034,0.002,1.8400000000000318,6.340000000000032,9.970000000000027,False,False,False,False,True
3_66,Beech,3.0,6.4,,7.68,332.17,378721,0.002,1.849999999999909,3.0399999999999636,4.0499999999999545,False,False,False,True,False
3_67,Beech,3.0,13.4,,23.74,21.32,150425,0.003,3.099999999999909,13.769999999999982,17.409999999999968,False,False,False,False,False
3_68,Beech,3.0,8.3,,12.29,72.02,168133,0.011,2.7600000000001046,6.510000000000105,10.0,False,False,False,False,False
3_69,Beech,3.0,43.3,27.87643881,8.33,2.89,22737,0.037,0.5799999999999272,4.259999999999991,7.819999999999936,False,False,False,False,True
3_7,Beech,3.0,8.3,,21.92,12.78,28064,0.005,1.4599999999999227,8.019999999999982,11.719999999999914,False,False,False,False,False
3_70,Beech,3.0,14.6,28.42252908,12.37,3.62,12066,0.056,0.4199999999999591,7.139999999999986,11.840000000000032,False,False,False,False,True
3_71,Oak,3.0,21.5,24.6459055,25.29,18.62,99508,0.007,4.75,19.029999999999973,23.67999999999995,False,False,False,False,False
3_72,Beech,3.0,9.9,,10.38,20.96,87755,0.005,1.6599999999999682,6.970000000000027,9.769999999999982,False,False,False,False,False
3_73,Beech,3.0,8.1,27.11648348,18.24,61.31,486888,0.002,6.410000000000082,13.840000000000032,16.58000000000004,False,False,False,False,True
3_74,Beech,3.0,37.6,26.92536907,9.41,0.35,14534,0.058,0.40000000000009095,4.310000000000059,8.75,False,False,False,False,True
3_75,Beech,3.0,13.7,26.96617444,12.6,40.54,278418,0.003,1.57000000000005,7.860000000000014,11.240000000000009,False,False,False,False,True
3_76,Beech,3.0,29.3,26.6135789,11.51,18.17,32385,0.014,1.259999999999991,9.32000000000005,11.200000000000045,False,False,False,False,True
3_77,Beech,3.0,10.7,27.62155045,13.51,10.94,46535,0.008,1.25,8.580000000000041,13.110000000000014,False,False,False,False,True
3_78,Beech,3.0,13.7,27.40276222,19.99,22.2,127575,0.004,2.75,15.020000000000095,18.300000000000068,False,False,False,False,True
3_79,Beech,3.0,11.5,27.77181938,18.82,23.3,108851,0.003,2.949999999999932,14.559999999999945,17.600000000000023,False,False,False,False,True
3_8,Beech,3.0,9.5,27.17052683,14.77,48.33,401950,0.002,4.7000000000000455,9.540000000000077,12.720000000000027,False,False,False,False,True
3_80,Beech,3.0,28.8,31.01075793,27.67,59.38,308188,0.004,6.0499999999999545,19.659999999999968,24.33000000000004,False,False,False,False,False
3_81,Beech,3.0,5.7,,6.78,6.53,16846,0.014,0.8999999999999773,3.8600000000000136,6.419999999999959,False,False,False,False,False
3_82,Beech,3.0,7.0,,9.83,699.32,932293,0.004,1.3500000000000227,3.910000000000082,5.580000000000041,False,False,False,True,False
3_83,Beech,3.0,5.7,,18.38,12.42,59254,0.006,1.5,4.470000000000027,13.240000000000009,False,False,False,False,False
3_84,Beech,3.0,15.9,27.13228247,5.85,3.18,7998,0.042,0.5499999999999545,3.669999999999959,5.279999999999973,False,False,False,False,True
3_85,Beech,3.0,7.3,,6.79,31.67,305184,0.11,0.3100000000000591,1.1399999999999864,4.509999999999991,False,False,False,False,False
3_86,Beech,3.0,11.0,24.91030428,22.1,43.92,243265,0.001,4.6299999999999955,13.669999999999959,18.17999999999995,False,False,False,False,False
3_87,Beech,3.0,12.7,25.33482479,9.32,13.33,24567,0.015,1.0299999999999727,6.470000000000027,9.110000000000014,False,False,False,False,True
3_88,Beech,3.0,32.6,,2.76,0.18,6409,0.231,0.20000000000004547,1.0399999999999636,2.4500000000000455,False,False,False,False,False
3_9,Beech,3.0,6.4,24.99034492,7.35,17.3,25705,0.008,0.9800000000000182,4.7000000000000455,6.060000000000059,False,False,False,False,True
3_90,Beech,3.0,16.2,25.71436115,3.98,6.16,3418,0.161,0.18999999999994088,2.0499999999999545,3.2899999999999636,False,False,False,False,True
3_91,Larch,3.0,68.4,,30.08,84.54,1364992,0.001,11.8900000000001,21.710000000000036,27.430000000000064,False,False,False,False,False
3_92,Beech,3.0,39.2,24.95624186,24.97,63.31,453890,0.004,9.899999999999977,21.31000000000006,23.75999999999999,False,False,False,False,False
3_93,Beech,3.0,13.1,26.86973345,8.33,184.38,755369,0.014,0.7699999999999818,2.169999999999959,5.439999999999941,False,False,False,False,True
3_94,Beech,3.0,25.1,25.9526104,26.42,30.84,275995,0.004,7.740000000000009,19.07000000000005,24.800000000000068,False,False,False,False,False
3_95,Beech,3.0,8.0,,9.37,11.55,23755,0.009,0.8899999999999864,4.340000000000032,8.050000000000068,False,False,False,False,False
3_96,Beech,3.0,32.1,25.8091253,25.64,43.36,362935,0.002,9.979999999999905,21.50999999999999,24.50999999999999,False,False,False,False,False
3_97,Beech,3.0,13.4,26.12175644,21.97,21.92,89801,0.002,4.910000000000082,12.410000000000082,17.610000000000014,False,False,False,False,False
3_98,Beech,3.0,26.3,24.88818411,25.95,32.89,235024,0.003,5.3799999999999955,19.030000000000086,23.129999999999995,False,False,False,False,False
3_99,Spruce,3.0,42.3,26.90212394,26.75,44.97,1005727,0.002,7.850000000000023,17.720000000000027,24.00999999999999,False,False,False,False,False
4_1,Beech,4.0,9.2,28.50672129,11.32,17.75,31593,0.01,1.6100000000000136,6.889999999999986,10.230000000000018,False,False,False,False,True
4_10,Douglas Fir,4.0,48.4,32.58568853,32.59,67.21,705109,0.001,11.460000000000036,21.029999999999973,27.779999999999973,False,False,False,False,False
4_11,Beech,4.0,10.7,26.61515332,7.9,26.87,57479,0.005,1.4400000000000546,3.9600000000000364,6.7700000000000955,False,False,False,False,True
4_12,Douglas Fir,4.0,24.2,22.00677589,21.48,38.07,443369,0.001,10.169999999999959,13.529999999999973,18.49000000000001,False,False,False,False,False
4_13,Douglas Fir,4.0,39.2,26.95234679,27.28,47.67,545243,0.002,7.389999999999986,18.590000000000032,23.840000000000032,False,False,False,False,False
4_14,Douglas Fir,4.0,15.9,,17.26,29.55,360033,0.001,2.8500000000000227,9.029999999999973,12.830000000000041,False,False,False,False,False
4_15,Beech,4.0,27.1,22.7037768,24.34,48.04,223379,0.004,7.159999999999968,17.049999999999955,21.159999999999968,False,False,False,False,False
4_16,Beech,4.0,10.7,24.2588358,16.32,40.39,104570,0.007,1.6499999999999773,7.32000000000005,12.230000000000018,False,False,False,False,True
4_17,Beech,4.0,7.6,25.40622528,8.37,328.68,582078,0.043,0.5199999999999818,1.5499999999999545,3.4699999999999136,False,False,False,True,True
4_18,Beech,4.0,4.9,23.55723271,8.45,7.88,12024,0.013,1.5200000000000955,3.990000000000009,7.9500000000000455,False,False,False,False,True
4_19,Beech,4.0,50.3,24.6426242,11.06,9.54,29338,0.035,0.6800000000000637,6.910000000000082,10.780000000000086,False,False,False,False,True
4_2,Beech,4.0,10.8,,9.39,27.17,48468,0.006,1.3500000000000227,3.980000000000018,8.590000000000032,False,False,False,False,False
4_20,Beech,4.0,16.9,25.1692786,4.95,12.52,15085,0.041,0.5500000000000682,2.830000000000041,4.2000000000000455,False,False,False,False,True
4_22,Beech,4.0,5.4,,17.16,50.99,285506,0.0,2.2900000000000773,9.470000000000027,13.899999999999977,False,False,False,False,False
4_23,Beech,4.0,8.0,21.2886204,16.16,86.85,664547,0.0,4.57000000000005,11.160000000000082,14.910000000000082,False,False,False,False,True
4_24,Beech,4.0,5.7,,9.56,27.59,60792,0.005,1.5,4.470000000000027,8.089999999999918,False,False,False,False,False
4_25,Douglas Fir,4.0,16.9,17.16180594,16.95,18.95,221362,0.002,6.530000000000086,11.990000000000009,15.490000000000009,False,False,False,False,False
4_26,Beech,4.0,12.1,30.98849446,1.76,1.54,4702,0.165,0.34000000000003183,0.75,1.5400000000000773,False,False,False,False,True
4_27,Douglas Fir,4.0,17.5,34.64976066,16.57,26.17,190807,0.003,3.25,10.0,14.959999999999923,False,False,False,False,True
4_28,Douglas Fir,4.0,58.6,33.96586265,35.47,62.2,801198,0.001,6.3799999999999955,20.18999999999994,29.799999999999955,False,False,False,False,False
4_29,Beech,4.0,12.1,28.23976966,21.58,14.02,99665,0.007,2.480000000000018,10.32000000000005,13.649999999999977,False,False,False,False,True
4_3,Douglas Fir,4.0,46.5,32.53417881,10.52,11.98,34487,0.02,0.8999999999999773,4.779999999999973,9.409999999999968,False,False,False,False,True
4_30,Douglas Fir,4.0,48.7,34.15754572,31.84,68.93,715607,0.002,8.059999999999945,20.6099999999999,27.829999999999927,False,False,False,False,False
4_31,Douglas Fir,4.0,63.0,37.65194753,37.01,71.91,911184,0.001,9.759999999999991,20.389999999999986,32.129999999999995,False,False,False,False,False
4_32,Douglas Fir,4.0,33.7,25.04285872,23.88,40.18,743616,0.001,8.719999999999914,16.42999999999995,21.409999999999968,False,False,False,False,False
4_33,Beech,4.0,2.7,,17.7,89.49,533625,0.001,2.6499999999999773,9.92999999999995,13.729999999999905,False,False,False,False,False
4_34,Beech,4.0,18.8,23.78708627,26.37,49.53,320184,0.003,3.409999999999968,13.629999999999995,18.959999999999923,False,False,False,False,False
4_35,Beech,4.0,37.9,,13.79,12.81,71731,0.018,1.2699999999999818,8.059999999999945,12.759999999999991,False,False,False,False,False
4_36,Beech,4.0,21.0,25.00826501,22.19,66.72,354866,0.002,6.830000000000041,16.270000000000095,20.110000000000014,False,False,False,False,False
4_37,,4.0,39.8,22.69810485,23.11,24.2,146433,0.008,2.42999999999995,13.449999999999932,17.799999999999955,False,False,False,False,False
4_38,Beech,4.0,14.6,25.58907634,7.12,10.52,41813,0.009,1.0399999999999636,3.8899999999999864,6.340000000000032,False,False,False,False,True
4_39,Beech,4.0,10.3,23.59891769,11.54,31.21,59592,0.006,1.509999999999991,5.6299999999999955,10.209999999999923,False,False,False,False,True
4_4,Beech,4.0,11.5,25.17009041,15.15,451.31,678110,0.008,1.169999999999959,2.6900000000000546,6.789999999999964,False,False,False,True,True
4_43,Beech,4.0,7.6,28.74584598,12.47,21.17,81977,0.016,0.8899999999999864,6.669999999999959,11.42999999999995,False,False,False,False,True
4_44,Beech,4.0,34.1,28.56285456,30.69,35.17,354880,0.004,7.830000000000041,23.480000000000018,28.190000000000055,False,False,False,False,False
4_45,Beech,4.0,43.6,27.90908362,27.98,78.81,613359,0.001,5.789999999999964,18.469999999999914,25.66999999999996,False,False,False,False,False
4_46,Douglas Fir,4.0,39.8,26.47189965,29.8,47.84,893966,0.002,8.170000000000073,20.100000000000023,26.159999999999968,False,False,False,False,False
4_47,Douglas Fir,4.0,26.1,22.35268436,22.36,22.32,170171,0.006,4.460000000000036,17.350000000000023,21.00999999999999,False,False,False,False,False
4_48,Beech,4.0,9.2,29.93201028,15.58,43.15,117732,0.004,1.9700000000000273,9.300000000000068,14.769999999999982,False,False,False,False,True
4_49,Beech,4.0,24.8,22.21263463,23.4,50.01,464003,0.004,2.1499999999999773,15.06000000000006,20.789999999999964,False,False,False,False,False
4_5,Beech,4.0,15.6,29.54012674,22.7,28.47,149974,0.007,1.1900000000000546,6.690000000000055,15.009999999999991,False,False,False,False,True
4_50,Silver Fir,4.0,23.4,26.22040813,27.84,47.65,586122,0.002,8.680000000000064,17.620000000000005,22.510000000000105,False,False,False,False,False
4_51,Beech,4.0,41.4,27.26329547,27.16,61.81,332809,0.003,6.294000000000088,20.920000000000073,25.800000000000068,False,False,False,False,False
4_53,Beech,4.0,43.9,,11.02,1.73,28600,0.036,0.6299999999999955,5.759999999999991,10.32000000000005,False,False,False,False,False
4_54,Beech,4.0,8.3,28.42841265,19.35,36.89,172952,0.007,3.0299999999999727,12.269999999999982,16.090000000000032,False,False,False,False,True
4_55,Beech,4.0,16.9,22.03479555,5.04,363.62,845619,0.144,0.39999999999997726,0.8199999999999363,1.7199999999999136,False,False,False,True,True
4_56,Beech,4.0,19.1,22.03479555,21.45,31.11,238746,0.003,3.7200000000000273,14.509999999999991,19.700000000000045,False,False,False,False,False
4_57,Beech,4.0,23.9,21.52033489,24.15,52.5,354870,0.001,6.669999999999959,16.91999999999996,19.860000000000014,False,False,False,False,False
4_58,Douglas Fir,4.0,43.8,27.98343479,27.98,51.82,841919,0.002,8.25,18.959999999999923,23.829999999999927,False,False,False,False,False
4_59,Douglas Fir,4.0,39.2,31.49184259,31.58,38.33,774606,0.002,11.230000000000018,20.879999999999995,26.49000000000001,False,False,False,False,False
4_61,Beech,4.0,15.9,28.6064603,6.84,86.41,442943,0.192,0.2299999999999045,0.8199999999999363,4.25,False,False,False,False,True
4_62,Douglas Fir,4.0,59.8,,35.35,104.15,1035642,0.001,10.389999999999986,20.50999999999999,28.050000000000068,False,False,False,False,False
4_63,Beech,4.0,12.9,30.00808,20.9,29.69,242256,0.001,5.830000000000041,16.930000000000064,19.980000000000018,False,False,False,False,True
4_64,,4.0,21.6,,24.45,30.01,135033,0.005,2.8600000000000136,11.580000000000041,20.75999999999999,False,False,False,False,False
4_65,Beech,4.0,15.9,27.70761175,10.55,12.47,42566,0.0,4.110000000000014,7.529999999999973,9.740000000000009,False,False,False,False,True
4_66,Beech,4.0,16.6,,26.88,37.31,298847,0.008,1.6299999999999955,12.25,21.470000000000027,False,False,False,False,False
4_67,Beech,4.0,39.2,,35.46,50.33,262549,0.006,4.349999999999909,21.49000000000001,27.309999999999945,False,False,False,False,False
4_7,Beech,4.0,10.2,32.41425954,9.55,53.48,124470,0.008,1.5,6.080000000000041,8.340000000000032,False,False,False,False,True
4_8,Douglas Fir,4.0,13.1,27.65307563,19.53,80.76,760910,0.001,1.7899999999999636,4.990000000000009,12.559999999999945,False,False,False,False,True
4_9,Douglas Fir,4.0,64.0,35.18585926,10.05,1.9,31935,0.038,0.6200000000000045,4.960000000000036,9.420000000000073,False,False,False,False,True
5_1,Beech,5.0,45.2,26.66034227,27.33,100.91,382411,0.003,7.1200000000000045,19.08000000000004,25.050000000000068,False,False,False,False,False
5_10,Beech,5.0,26.7,25.27205891,25.33,54.03,218391,0.003,7.940000000000055,19.450000000000045,23.720000000000027,False,False,False,False,False
5_11,Beech,5.0,12.1,24.78364802,11.49,14.55,30290,0.014,1.3999999999999773,5.9799999999999045,10.1099999999999,False,False,False,False,True
5_13,Beech,5.0,37.9,27.65825267,27.7,59.34,424581,0.002,12.75,22.800000000000068,26.029999999999973,False,False,False,False,False
5_14,Beech,5.0,36.3,26.5642709,26.74,63.92,311591,0.003,6.419999999999959,21.959999999999923,25.199999999999932,False,False,False,False,False
5_15,Beech,5.0,11.5,,24.55,26.29,127836,0.004,4.1200000000000045,14.240000000000009,22.56000000000006,False,False,False,False,False
5_16,Beech,5.0,19.7,26.98379615,4.1,198.92,348896,0.012,0.7999999999999545,1.349999999999909,2.169999999999959,False,False,False,False,True
5_17,Beech,5.0,32.8,28.05301033,27.98,56.17,244437,0.004,6.810000000000059,22.100000000000023,26.430000000000064,False,False,False,False,False
5_18,Beech,5.0,8.6,27.13287775,13.61,6.63,34519,0.009,1.1899999999999409,6.089999999999918,12.779999999999973,False,False,False,False,True
5_19,Beech,5.0,8.6,27.15651269,14.83,61.36,300898,0.001,1.9099999999999682,8.480000000000018,12.769999999999982,False,False,False,False,True
5_2,Beech,5.0,47.1,27.52610023,27.85,91.79,382056,0.002,9.980000000000018,21.779999999999973,25.730000000000018,False,False,False,False,False
5_20,Beech,5.0,8.3,27.51229341,23.42,46.26,322145,0.003,4.779999999999973,15.539999999999964,20.879999999999995,False,False,False,False,False
5_21,Beech,5.0,33.4,27.77930488,6.23,1.01,11257,0.08,0.32000000000005,3.4600000000000364,5.940000000000055,False,False,False,False,True
5_22,Beech,5.0,17.2,27.35344036,6.27,15.99,21579,0.007,0.900000000000091,4.260000000000105,5.720000000000027,False,False,False,False,True
5_23,Beech,5.0,8.3,27.496073,12.62,6.47,31878,0.013,1.6399999999999864,6.159999999999968,11.590000000000032,False,False,False,False,True
5_24,Beech,5.0,12.1,26.91734428,16.93,15.1,66748,0.01,2.1499999999999773,10.129999999999995,16.149999999999977,False,False,False,False,True
5_25,Beech,5.0,38.2,27.01617554,27.91,60.17,407420,0.002,9.2595,22.649999999999977,26.029999999999973,False,False,False,False,False
5_26,Beech,5.0,9.2,26.98624394,4.3,164.03,253378,0.15,0.17999999999994998,0.8399999999999181,1.92999999999995,False,False,False,False,True
5_27,Beech,5.0,16.9,26.46679243,14.83,14.22,101656,0.005,2.1700000000000728,9.740000000000009,12.690000000000055,False,False,False,False,True
5_29,Beech,5.0,8.6,27.99546288,26.27,12.77,28167,0.009,1.4700000000000273,7.3700000000000045,10.529999999999973,False,False,False,False,False
5_3,Beech,5.0,5.4,,5.73,0.81,2166,0.09,0.22249999999991132,2.0849999999999227,5.1099999999999,False,False,False,False,False
5_30,Beech,5.0,8.9,27.86417535,19.52,70.82,560724,0.002,5.420000000000073,12.210000000000036,17.000000000000114,False,False,False,False,True
5_31,Beech,5.0,45.2,29.13032305,11.09,10.05,61738,0.013,1.4300000000000637,5.610000000000014,10.450000000000045,False,False,False,False,True
5_32,Beech,5.0,10.5,27.57979195,4.33,4.93,14076,0.067,0.38999999999998636,2.2199999999999136,4.029999999999973,False,False,False,False,True
5_33,Beech,5.0,8.6,27.86417535,10.34,25.31,58799,0.01,1.8399999999999181,5.8799999999999955,8.92999999999995,False,False,False,False,True
5_34,Beech,5.0,11.1,28.17107104,13.21,20.15,78787,0.002,2.439999999999941,8.899999999999977,12.419999999999959,False,False,False,False,True
5_35,Beech,5.0,9.9,28.17107104,1.29,0.45,1136,0.591,0.09000000000003183,0.43000000000006366,0.8899999999999864,True,False,False,False,True
5_36,Beech,5.0,62.7,31.85958819,32.87,119.71,874654,0.002,11.849999999999909,24.549999999999955,29.889999999999986,False,False,False,False,False
5_37,Beech,5.0,47.1,29.88789224,12.64,2.01,37497,0.03,0.7899999999999636,6.610000000000014,12.129999999999995,False,False,False,False,True
5_38,Beech,5.0,15.9,29.70864334,28.22,35.48,132331,0.006,2.3099999999999454,11.730000000000018,19.220000000000027,False,False,False,False,False
5_39,Beech,5.0,7.6,30.67698513,18.43,69.06,406243,0.005,5.17999999999995,13.039999999999964,15.990000000000009,False,False,False,False,True
5_4,Beech,5.0,12.7,25.65226863,16.86,32.44,55227,0.006,2.019999999999982,10.019999999999982,14.759999999999991,False,False,False,False,True
5_40,Beech,5.0,33.1,27.39055654,11.31,1.69,19244,0.048,0.5099999999999909,5.7999999999999545,10.419999999999959,False,False,False,False,True
5_41,Beech,5.0,8.3,29.70264852,15.78,49.31,208498,0.003,2.8600000000000136,9.950000000000045,14.180000000000064,False,False,False,False,True
5_42,Beech,5.0,38.2,30.81511694,30.55,42.74,104465,0.002,11.790000000000077,22.230000000000018,28.00999999999999,False,False,False,False,False
5_43,Beech,5.0,8.9,30.1407145,12.32,28.72,58587,0.006,1.5599999999999454,5.389999999999986,10.699999999999932,False,False,False,False,True
5_44,Beech,5.0,34.4,29.29676697,28.56,77.72,254937,0.003,9.17999999999995,20.039999999999964,26.019999999999982,False,False,False,False,False
5_45,Beech,5.0,8.9,,9.92,21.92,18275,0.009,0.9400000000000546,4.590000000000032,9.340000000000032,False,False,False,False,False
5_46,Beech,5.0,25.5,28.82650711,27.11,42.25,128589,0.003,5.269999999999982,17.399999999999977,23.91999999999996,False,False,False,False,False
5_47,Beech,5.0,6.0,,17.75,34.55,189588,0.001,3.2800000000000864,11.410000000000082,15.540000000000077,False,False,False,False,False
5_48,Beech,5.0,32.5,28.88751752,12.56,0.88,15344,0.036,0.6999999999999318,6.519999999999982,11.970000000000027,False,False,False,False,True
5_49,Beech,5.0,40.4,28.25121941,8.13,0.78,13856,0.042,0.5799999999999272,4.309999999999945,7.779999999999973,False,False,False,False,True
5_5,Beech,5.0,5.4,,16.76,9.61,12453,0.02,0.8399999999999181,6.149999999999977,9.169999999999959,False,False,False,False,False
5_50,Beech,5.0,37.2,28.53528285,10.99,0.49,13352,0.041,0.5855000000000367,5.269999999999982,10.370000000000005,False,False,False,False,True
5_51,Beech,5.0,8.6,28.43125853,17.5,45.12,173260,0.003,4.5200000000000955,12.080000000000041,15.270000000000095,False,False,False,False,True
5_52,Beech,5.0,9.5,27.93237867,14.04,8.63,36168,0.008,3.240000000000009,9.269999999999982,12.860000000000014,False,False,False,False,True
5_53,Beech,5.0,9.9,27.75382422,14.46,25.55,48540,0.009,1.0399999999999636,4.3799999999999955,11.430000000000064,False,False,False,False,True
5_54,Beech,5.0,6.0,28.18330106,20.32,68.12,396036,0.002,5.019999999999982,14.330000000000041,18.710000000000036,False,False,False,False,True
5_55,Beech,5.0,31.2,26.80492699,27.2,46.45,216658,0.003,8.920000000000073,21.090000000000032,25.620000000000005,False,False,False,False,False
5_56,Beech,5.0,8.9,27.78257079,11.11,7.26,23402,0.009,1.6400000000001,5.275000000000091,9.710000000000036,False,False,False,False,True
5_57,Beech,5.0,7.0,26.03626411,15.51,16.67,44689,0.003,3.3600000000000136,11.309999999999945,14.460000000000036,False,False,False,False,True
5_59,Beech,5.0,11.1,26.29660814,4.98,0.2,2243,0.075,0.34000000000003183,2.340000000000032,4.7390000000000105,False,False,False,False,True
5_6,Beech,5.0,31.5,25.51835259,26.13,46.73,247710,0.004,7.839999999999918,21.120000000000005,23.8599999999999,False,False,False,False,False
5_60,Beech,5.0,16.2,27.19574385,21.06,24.36,53733,0.003,2.6299999999999955,11.309999999999945,14.873999999999942,False,False,False,False,True
5_61,Beech,5.0,40.4,28.04192714,1.51,0.16,607,0.254,0.06000000000005912,0.8000000000000682,1.1399999999999864,False,False,False,False,True
5_62,Beech,5.0,8.3,27.41092796,11.23,11.1,35167,0.009,0.9399999999999409,7.529999999999973,10.649999999999977,False,False,False,False,True
5_63,Beech,5.0,38.5,25.39475777,15.77,1.33,27670,0.035,0.7000000000000455,7.480000000000018,14.519999999999982,False,False,False,False,True
5_64,Beech,5.0,34.1,27.70911488,29.11,59.13,384975,0.003,10.729999999999905,21.92999999999995,26.49000000000001,False,False,False,False,False
5_65,Beech,5.0,9.5,27.1797915,6.03,373.78,463653,0.046,0.5300000000000864,1.830000000000041,2.3799999999999955,False,False,False,True,True
5_66,Beech,5.0,24.2,27.96385385,15.66,24.62,73825,0.006,1.9300000000000637,6.899999999999977,13.019999999999982,False,False,False,False,True
5_67,Beech,5.0,6.7,25.72763211,9.53,9.56,36298,0.012,1.3700000000000045,5.829999999999927,8.699999999999932,False,False,False,False,True
5_68,Beech,5.0,8.6,28.31323755,12.15,10.71,23619,0.012,0.9499999999999318,4.009999999999991,7.480000000000018,False,False,False,False,True
5_69,Beech,5.0,25.1,28.94953448,27.93,26.17,186667,0.004,7.2000000000000455,20.75999999999999,26.600000000000023,False,False,False,False,False
5_7,Beech,5.0,12.1,26.93495644,15.03,19.75,46446,0.014,1.490000000000009,7.219999999999914,11.549999999999955,False,False,False,False,True
5_70,Beech,5.0,11.8,27.35428644,11.9,3.05,26562,0.025,1.1600000000000819,4.150000000000091,10.960000000000036,False,False,False,False,True
5_71,Beech,5.0,13.1,27.10166073,19.73,10.21,55758,0.006,2.269999999999982,10.93999999999994,18.529999999999973,False,False,False,False,True
5_72,Beech,5.0,32.1,28.52500971,29.24,34.31,273189,0.003,8.120000000000005,23.539999999999964,27.269999999999982,False,False,False,False,False
5_73,Beech,5.0,40.4,29.75763905,29.45,59.13,376104,0.005,8.049999999999955,22.42999999999995,27.269999999999982,False,False,False,False,False
5_74,Beech,5.0,36.9,29.46214735,30.0,49.58,314308,0.003,9.780000000000086,23.629999999999995,27.770000000000095,False,False,False,False,False
5_75,Beech,5.0,31.5,27.66417917,28.24,38.56,210460,0.006,5.889999999999986,22.470000000000027,26.950000000000045,False,False,False,False,False
5_76,Beech,5.0,20.7,,15.68,15.41,77811,0.005,2.490000000000009,7.850000000000023,14.379999999999995,False,False,False,False,False
5_77,Beech,5.0,12.7,28.42841265,14.15,18.76,68838,0.01,2.42999999999995,8.68999999999994,12.93999999999994,False,False,False,False,True
5_78,Beech,5.0,14.3,28.08347548,15.01,24.68,67709,0.01,1.5900000000000318,7.350000000000023,12.950000000000045,False,False,False,False,True
5_8,Beech,5.0,7.6,25.59931714,10.31,14.16,27408,0.01,1.4300000000000637,5.850000000000023,9.879999999999995,False,False,False,False,True
5_9,Beech,5.0,14.0,26.01868808,14.37,24.7,83081,0.005,2.3500000000000227,8.090000000000032,13.0,False,False,False,False,True
6_1,Spruce,6.0,20.1,,10.01,12.9,7518,0.015,1.2699999999999818,4.970000000000027,8.82000000000005,False,False,False,False,False
6_10,Beech,6.0,31.2,28.60712305,28.96,28.23,129071,0.003,7.019999999999982,22.089999999999918,27.299999999999955,False,False,False,False,False
6_11,Beech,6.0,48.4,,28.71,47.01,123644,0.005,6.399999999999977,21.709999999999923,26.479999999999905,False,False,False,False,False
6_12,Beech,6.0,12.7,28.84453097,20.72,21.46,48240,0.002,4.2000000000000455,13.18999999999994,16.389999999999986,False,False,False,False,True
6_13,Beech,6.0,11.1,28.49635763,15.6,15.61,42260,0.008,1.6499999999999773,8.75,14.029999999999973,False,False,False,False,True
6_14,Beech,6.0,9.5,28.11141833,7.74,7.38,14202,0.043,0.6399999999999864,4.559999999999945,6.639999999999986,False,False,False,False,True
6_15,Beech,6.0,7.6,28.11141833,19.58,50.96,189270,0.002,2.769999999999982,12.029999999999973,17.289999999999964,False,False,False,False,True
6_16,Beech,6.0,36.0,24.33083566,5.25,3.43,7395,0.081,0.32000000000005,2.4600000000000364,4.940000000000055,False,False,False,False,True
6_17,Beech,6.0,40.4,27.83277124,10.64,0.48,10955,0.042,0.5900000000000318,5.050000000000068,10.07000000000005,False,False,False,False,True
6_18,Beech,6.0,13.1,26.47664341,18.11,64.04,130118,0.004,4.130000000000109,11.600000000000023,15.81000000000006,False,False,False,False,True
6_19,Beech,6.0,9.5,28.01369545,24.49,24.23,18829,0.008,3.0499999999999545,11.269999999999982,17.18999999999994,False,False,False,False,False
6_2,Beech,6.0,34.7,,19.48,16.55,99319,0.003,5.420000000000073,14.31000000000006,17.970000000000027,False,False,False,False,False
6_20,Oak,6.0,40.4,27.86216353,13.11,0.54,11308,0.038,0.6200000000000045,7.199999999999932,12.480000000000018,False,False,False,False,True
6_21,Beech,6.0,10.5,27.65305453,15.62,47.28,99782,0.004,2.9200000000000728,10.649999999999977,14.180000000000064,False,False,False,False,True
6_22,Beech,6.0,8.3,27.29398466,21.08,14.28,12641,0.013,2.009999999999991,8.5,12.920000000000073,False,False,False,False,True
6_23,Beech,6.0,40.1,27.64031204,27.85,73.9,132741,0.002,7.42999999999995,20.839999999999918,26.199999999999932,False,False,False,False,False
6_24,Beech,6.0,40.7,28.07624007,27.6,65.12,59443,0.007,3.490000000000009,20.029999999999973,26.100000000000023,False,False,False,False,False
6_25,Beech,6.0,25.5,27.663982,23.05,12.22,12851,0.017,1.3900000000001,11.440000000000055,20.0,False,False,False,False,False
6_26,Beech,6.0,24.2,26.9472698,26.59,28.29,30943,0.005,4.409999999999968,17.049999999999955,23.829999999999927,False,False,False,False,False
6_27,Beech,6.0,6.0,,6.77,11.82,2709,0.001,1.080000000000041,3.080000000000041,6.3799999999999955,False,False,False,False,False
6_28,Beech,6.0,41.7,27.82566384,29.05,71.03,83766,0.003,5.050000000000068,20.6400000000001,26.710000000000036,False,False,False,False,False
6_29,Beech,6.0,35.3,26.65388272,26.15,54.24,66086,0.004,4.730000000000018,17.82000000000005,23.790000000000077,False,False,False,False,False
6_3,Beech,6.0,10.5,,11.58,7.81,1759,0.009,2.008999999999992,5.689999999999941,9.510999999999989,False,False,False,False,False
6_30,Beech,6.0,33.4,26.17804773,27.66,51.54,61153,0.0,5.100000000000023,21.159999999999968,25.18999999999994,False,False,False,False,False
6_31,Beech,6.0,6.4,,7.46,5.84,5173,0.012,1.2799999999999727,3.5499999999999545,6.939999999999941,False,False,False,False,False
6_33,Beech,6.0,38.8,26.5840461,27.3,68.53,120666,0.002,8.129999999999995,20.629999999999995,25.07000000000005,False,False,False,False,False
6_34,Beech,6.0,13.1,26.4956442,4.03,6.18,1623,0.008,0.8400000000000318,2.1000000000000227,3.548999999999954,False,False,False,False,True
6_35,Beech,6.0,27.5,24.65340194,26.07,52.48,95602,0.003,6.149999999999977,18.67999999999995,23.67999999999995,False,False,False,False,False
6_36,Beech,6.0,16.2,25.62468823,25.34,20.43,15767,0.007,2.4699999999999136,14.459999999999923,20.93999999999994,False,False,False,False,False
6_37,Beech,6.0,7.6,,17.32,94.63,157601,0.002,3.9700000000000273,10.840000000000032,15.120000000000005,False,False,False,False,False
6_38,Beech,6.0,35.0,28.91166739,28.38,37.48,64597,0.006,4.230000000000018,21.180000000000064,26.350000000000023,False,False,False,False,False
6_39,Beech,6.0,43.6,27.36103242,11.55,1.75,11292,0.034,0.6900000000000546,6.335000000000036,11.009999999999991,False,False,False,False,True
6_4,Beech,6.0,37.2,27.62581567,11.93,0.33,10077,0.035,0.6899999999999409,6.399999999999977,11.319999999999936,False,False,False,False,True
6_40,Beech,6.0,11.8,28.37744218,11.67,6.93,17413,0.016,1.1599999999999682,4.439999999999941,10.419999999999959,False,False,False,False,True
6_41,Beech,6.0,17.5,27.9942772,20.21,25.53,50553,0.006,1.6900000000000546,10.889999999999986,17.480000000000018,False,False,False,False,True
6_42,Beech,6.0,32.8,28.51563757,14.6,2.46,13842,0.017,1.1304999999999956,7.67999999999995,13.789999999999964,False,False,False,False,True
6_43,Beech,6.0,12.4,27.3988881,17.16,46.19,94330,0.002,3.1800000000000637,10.110000000000014,14.32000000000005,False,False,False,False,True
6_44,Beech,6.0,13.7,29.87348739,12.53,12.14,19958,0.008,1.8799999999999955,7.519999999999982,11.829999999999927,False,False,False,False,True
6_45,Beech,6.0,38.2,27.93035784,28.2,54.35,206928,0.002,9.769999999999982,22.289999999999964,26.59999999999991,False,False,False,False,False
6_46,Beech,6.0,14.0,27.46006118,23.0,41.63,145241,0.001,7.920000000000073,18.32000000000005,21.460000000000036,False,False,False,False,False
6_47,Beech,6.0,32.1,,4.49,0.14,2996,0.137,0.16999999999995907,1.8700000000000045,4.069999999999936,False,False,False,False,False
6_48,Beech,6.0,12.1,28.5954834,1.85,4.82,2668,0.034,0.5400000000000773,1.2900000000000773,1.6600000000000819,False,False,False,False,True
6_49,Beech,6.0,8.9,29.01714071,26.86,48.0,117532,0.004,1.4800000000000182,10.730000000000018,23.930000000000064,False,False,False,False,False
6_5,Beech,6.0,7.0,27.80993234,20.87,3.31,6326,0.031,0.8400000000000318,6.080000000000041,12.450000000000045,False,False,False,False,True
6_50,Beech,6.0,47.4,29.21379034,28.92,113.23,390511,0.002,10.42999999999995,23.25999999999999,27.299999999999955,False,False,False,False,False
6_51,Beech,6.0,37.2,28.81169878,28.95,67.73,205610,0.003,8.474499999999917,21.620000000000005,27.019999999999982,False,False,False,False,False
6_52,Beech,6.0,29.9,28.79234501,28.52,43.95,156123,0.004,8.0,22.6400000000001,26.99000000000001,False,False,False,False,False
6_53,Beech,6.0,16.2,32.42419667,6.33,792.71,144982,0.004,1.1800000000000637,2.990000000000009,4.220000000000027,False,False,False,True,True
6_54,Beech,6.0,15.3,27.60210156,18.9,54.29,251383,0.001,4.840000000000032,10.529999999999973,15.269999999999982,False,False,False,False,True
6_55,Larch,6.0,47.7,,14.54,0.66,20134,0.036,0.7300000000000182,7.409999999999968,13.769999999999982,False,False,False,False,False
6_56,Beech,6.0,15.6,26.71208693,24.67,25.97,65072,0.005,2.849999999999909,14.029999999999973,17.860000000000014,False,False,False,False,False
6_57,Beech,6.0,13.7,27.27753705,27.16,23.84,49854,0.003,3.4300000000000637,15.270000000000095,23.800000000000068,False,False,False,False,False
6_58,Beech,6.0,38.2,,10.56,6.48,11662,0.034,0.6999999999999318,6.079999999999927,10.039999999999964,False,False,False,False,False
6_59,Beech,6.0,15.0,27.33734679,15.17,38.91,29979,0.019,1.3800000000001091,8.220000000000027,13.520000000000095,False,False,False,False,True
6_6,Beech,6.0,7.0,27.49096412,10.74,21.08,23819,0.017,1.3290000000000428,4.5,8.800000000000068,False,False,False,False,True
6_60,Beech,6.0,11.8,26.35174632,11.16,46.14,81166,0.001,2.2724999999999795,6.269999999999982,9.470000000000027,False,False,False,False,True
6_62,Beech,6.0,15.9,,13.87,4.08,15767,0.007,1.42999999999995,5.319999999999936,13.269999999999982,False,False,False,False,False
6_64,Beech,6.0,9.2,29.09426914,9.75,37.3,141635,0.005,1.4770000000000283,4.659999999999968,7.580000000000041,False,False,False,False,True
6_65,Beech,6.0,16.9,27.59639828,8.68,30.69,30572,0.022,0.9800000000000182,4.3700000000000045,6.960000000000036,False,False,False,False,True
6_66,Larch,6.0,46.8,30.83336965,10.94,0.49,12300,0.037,0.6594999999999691,5.6299999999999955,10.459999999999923,False,False,False,False,True
6_67,Beech,6.0,10.0,29.24087843,13.44,18.19,33001,0.004,1.8799999999999955,9.980000000000018,12.149999999999977,False,False,False,False,True
6_68,Beech,6.0,8.3,27.19380147,7.96,11.5,38699,0.026,0.6000000000000227,3.3999999999999773,5.779999999999973,False,False,False,False,True
6_69,Beech,6.0,6.0,26.6198859,14.72,17.0,32829,0.006,1.419999999999959,6.590000000000032,11.629999999999995,False,False,False,False,True
6_7,Beech,6.0,8.3,,16.01,47.13,85933,0.005,3.32000000000005,10.580000000000041,14.31000000000006,False,False,False,False,False
6_70,Beech,6.0,8.0,26.6198859,12.07,28.82,65125,0.005,1.7800000000000864,7.4500000000000455,10.509999999999991,False,False,False,False,True
6_71,Beech,6.0,11.5,27.19380147,6.61,5.03,6572,0.021,1.0400000000000773,2.7900000000000773,5.590000000000032,False,False,False,False,True
6_72,Beech,6.0,11.5,23.64885773,6.92,6.74,11635,0.022,0.9200000000000728,3.560000000000059,6.210000000000036,False,False,False,False,True
6_73,Beech,6.0,35.3,29.30144288,29.66,45.2,135426,0.003,6.550000000000068,22.5,27.620000000000005,False,False,False,False,False
6_74,Beech,6.0,12.1,28.69915813,15.31,18.14,49788,0.003,2.5,9.150000000000091,14.290000000000077,False,False,False,False,True
6_75,Beech,6.0,9.2,,0.65,0.01,182,0.769,0.05050000000006776,0.3300000000000409,0.6100000000000136,True,False,False,False,False
6_76,Beech,6.0,46.5,29.01313596,29.77,101.05,362823,0.002,8.180000000000064,24.039999999999964,27.850000000000023,False,False,False,False,False
6_77,Beech,6.0,8.0,28.87940295,5.99,8.69,11334,0.037,0.599999999999909,4.139999999999986,5.360000000000014,False,False,False,False,True
6_78,Beech,6.0,33.7,,29.75,59.66,308387,0.001,7.849999999999909,22.029999999999973,26.949999999999932,False,False,False,False,False
6_79,Beech,6.0,13.1,27.89856773,25.34,9.13,29779,0.008,1.759999999999991,7.949999999999932,23.479999999999905,False,False,False,False,False
6_8,Beech,6.0,11.1,26.98523908,3.35,11.19,6785,0.105,0.31999999999993634,1.5900000000000318,2.9600000000000364,False,False,False,False,True
6_80,Beech,6.0,39.8,29.15587893,29.4,48.87,200147,0.004,6.560000000000059,24.399999999999977,27.980000000000018,False,False,False,False,False
6_81,Beech,6.0,41.1,,29.78,58.12,370684,0.002,11.289999999999964,23.629999999999995,27.720000000000027,False,False,False,False,False
6_82,Beech,6.0,15.6,,19.03,43.25,268618,0.002,3.3799999999999955,11.440000000000055,16.050000000000068,False,False,False,False,False
6_83,Beech,6.0,9.9,,20.46,57.19,543465,0.002,6.269999999999982,11.879999999999995,17.33000000000004,False,False,False,False,False
6_84,Beech,6.0,7.3,,8.46,5.9,20143,0.011,0.8999999999999773,3.6200000000000045,6.759999999999991,False,False,False,False,False
6_85,Larch,6.0,55.7,34.83789641,13.89,0.53,23615,0.035,0.6399999999999864,6.059999999999945,13.319999999999936,False,False,False,False,True
6_86,Beech,6.0,6.0,,7.76,2.87,8522,0.075,0.34000000000003183,3.5,5.8700000000000045,False,False,False,False,False
6_87,Beech,6.0,36.6,,10.37,0.41,10680,0.037,0.6499999999999773,5.059999999999945,9.719999999999914,False,False,False,False,False
6_88,Beech,6.0,39.8,29.45529169,29.36,52.78,166935,0.002,6.509999999999991,22.459999999999923,27.25999999999999,False,False,False,False,False
6_89,Beech,6.0,7.0,29.13006689,19.18,51.35,182725,0.003,5.589999999999918,13.740000000000009,17.480000000000018,False,False,False,False,True
6_9,Beech,6.0,10.8,27.55234519,8.83,1420.94,180085,0.001,1.9699999999999136,4.1299999999999955,6.899999999999977,False,False,False,True,True
6_90,Beech,6.0,7.3,29.13006689,9.79,16.36,27582,0.005,1.5199999999999818,4.139999999999986,9.18999999999994,False,False,False,False,True
7_1,Beech,7.0,6.4,,8.54,11.54,21756,0.016,1.75,4.009999999999991,8.110000000000014,False,False,False,False,False
7_10,Beech,7.0,12.7,26.03716639,11.78,34.49,176649,0.268,0.17999999999994998,0.7799999999999727,8.839999999999918,False,False,False,False,True
7_100,Beech,7.0,26.1,25.08027999,7.79,8.41,15643,0.035,0.6800000000000637,5.420000000000073,7.220000000000027,False,False,False,False,True
7_101,Beech,7.0,18.8,,22.7,87.58,309575,0.0,5.3799999999999955,14.350000000000023,19.82000000000005,False,False,False,False,False
7_102,Beech,7.0,16.2,29.2690363,19.91,43.01,190027,0.0,5.810000000000059,13.520000000000095,17.620000000000005,False,False,False,False,True
7_103,Beech,7.0,13.1,23.14769416,17.13,15.26,35462,0.013,0.9499999999999318,5.610000000000014,15.68999999999994,False,False,False,False,True
7_104,Beech,7.0,6.7,28.72267046,10.83,593.74,257448,0.003,1.4099999999999682,4.209999999999923,6.25,False,False,False,True,True
7_105,Oak,7.0,49.3,29.08136813,29.0,88.86,468299,0.002,10.160000000000082,22.07000000000005,26.639999999999986,False,False,False,False,False
7_106,Beech,7.0,14.6,28.66997855,15.46,36.64,134610,0.003,3.3999999999999773,9.68999999999994,13.600000000000023,False,False,False,False,True
7_107,Beech,7.0,13.7,28.66997855,16.27,39.63,138329,0.003,4.624000000000007,13.129999999999995,15.190000000000055,False,False,False,False,True
7_108,Beech,7.0,11.5,28.39963904,12.82,14.96,51754,0.006,1.4700000000000273,6.789999999999964,10.769999999999982,False,False,False,False,True
7_109,Larch,7.0,44.6,29.70623847,12.13,35.43,89498,0.003,1.509999999999991,5.920000000000073,11.240000000000009,False,False,False,False,True
7_11,Beech,7.0,15.6,27.73255757,14.37,40.07,368996,0.001,4.039999999999964,8.159999999999968,12.479999999999905,False,False,False,False,True
7_110,Spruce,7.0,45.2,29.88358281,29.88,36.98,958770,0.002,9.5,18.49000000000001,25.99000000000001,False,False,False,False,False
7_12,Beech,7.0,6.0,24.9844809,23.35,32.43,477513,0.003,5.660000000000082,15.660000000000082,20.82000000000005,False,False,False,False,False
7_13,Spruce,7.0,50.0,,8.3,0.44,25826,0.075,0.37000000000000455,3.8150000000000546,7.6299999999999955,False,False,False,False,False
7_14,Beech,7.0,32.5,25.05079378,11.79,15.83,33315,0.027,0.7799999999999727,8.299999999999955,11.0,False,False,False,False,True
7_15,Beech,7.0,6.4,,2.41,1.84,2079,0.19,0.16000000000008185,1.07000000000005,2.150000000000091,False,False,False,False,False
7_16,Beech,7.0,7.0,,14.83,58.97,457144,0.002,2.0699999999999363,9.629999999999995,13.090000000000032,False,False,False,False,False
7_17,Beech,7.0,9.9,25.32052377,1.43,46.59,80903,0.191,0.31999999999993634,0.7400000000000091,1.0799999999999272,False,False,False,False,True
7_18,Beech,7.0,17.8,24.56450411,20.69,44.96,332419,0.003,2.2999999999999545,11.459999999999923,19.029999999999973,False,False,False,False,False
7_19,Beech,7.0,11.5,,3.56,98.91,216991,0.432,0.18999999999994088,0.5399999999999636,2.25,True,False,False,False,False
7_2,Beech,7.0,33.7,,27.9,56.45,460853,0.001,11.030000000000086,21.610000000000014,26.00999999999999,False,False,False,False,False
7_20,Beech,7.0,9.9,,20.09,91.3,733014,0.002,3.6399999999999864,12.240000000000009,17.07000000000005,False,False,False,False,False
7_21,Beech,7.0,8.0,26.67302393,12.2,25.26,76745,0.006,2.1000000000000227,7.8700000000000045,10.470000000000027,False,False,False,False,True
7_22,Spruce,7.0,49.3,31.97730237,32.23,39.86,775598,0.002,10.090000000000032,21.290000000000077,28.63000000000011,False,False,False,False,False
7_23,Beech,7.0,50.0,,12.1,2.64,45930,0.032,0.6699999999999591,5.649999999999977,11.029999999999973,False,False,False,False,False
7_24,Beech,7.0,18.1,23.53062986,8.2,169.38,644740,0.161,0.2400000000000091,1.0199999999999818,2.090000000000032,False,False,False,False,True
7_25,Beech,7.0,14.0,26.25157296,14.29,11.74,74214,0.013,1.3199999999999363,6.169999999999959,13.333499999999837,False,False,False,False,True
7_26,Beech,7.0,22.6,28.26426242,6.3,4.0,16368,0.045,0.5400000000000773,2.6900000000000546,5.580000000000041,False,False,False,False,True
7_27,Beech,7.0,8.3,26.80776954,9.8,11.12,49606,0.014,1.080000000000041,3.8600000000000136,8.129999999999995,False,False,False,False,True
7_28,Beech,7.0,13.4,28.69062241,22.4,31.27,191257,0.007,1.8999999999999773,14.450000000000045,20.480000000000018,False,False,False,False,True
7_29,Beech,7.0,37.9,28.64881455,30.22,66.05,827443,0.002,8.489999999999895,21.43999999999994,27.279999999999973,False,False,False,False,False
7_3,Beech,7.0,7.3,,12.56,17.72,58061,0.005,2.409999999999968,6.490000000000009,10.169999999999959,False,False,False,False,False
7_30,Beech,7.0,21.6,27.99493471,5.7,3.66,17955,0.018,0.7300000000000182,2.82000000000005,4.9500000000000455,False,False,False,False,True
7_31,Beech,7.0,45.2,28.93239304,29.81,89.04,748039,0.002,10.18999999999994,23.589999999999918,27.949999999999932,False,False,False,False,False
7_32,Beech,7.0,10.5,28.99907328,22.72,45.73,379068,0.001,2.730000000000018,14.490000000000009,21.440000000000055,False,False,False,False,True
7_33,Beech,7.0,37.2,29.32617617,29.44,71.94,653466,0.002,12.349999999999909,21.68999999999994,27.519999999999982,False,False,False,False,False
7_34,Beech,7.0,62.1,30.05138182,30.87,76.05,903797,0.002,9.350000000000023,22.230000000000018,28.360000000000014,False,False,False,False,False
7_35,Beech,7.0,10.2,29.79558621,4.8,322.52,785251,0.123,0.2600000000001046,1.240000000000009,2.050000000000068,False,False,False,True,True
7_36,Beech,7.0,30.9,28.51013985,20.48,72.55,638047,0.001,5.780000000000086,12.700000000000045,18.420000000000073,False,False,False,False,True
7_37,Beech,7.0,36.9,26.04053192,27.09,73.18,484333,0.003,10.150000000000091,20.930000000000064,24.8900000000001,False,False,False,False,False
7_38,Oak,7.0,37.2,27.17705218,27.45,45.06,300300,0.003,6.5,22.18999999999994,25.769999999999982,False,False,False,False,False
7_39,Beech,7.0,8.3,,15.89,1687.47,1564625,0.0,2.3500000000000227,7.089999999999975,9.71999999999997,False,False,False,True,False
7_4,Beech,7.0,14.6,27.03177794,17.68,25.84,162227,0.009,1.5300000000000864,10.440000000000055,16.410000000000082,False,False,False,False,True
7_40,Beech,7.0,8.9,27.86433789,12.79,20.89,70961,0.007,1.3700000000000045,7.75,11.57000000000005,False,False,False,False,True
7_41,Beech,7.0,14.6,27.44953022,21.7,40.28,129174,0.006,1.4800000000000182,9.580000000000041,13.440000000000055,False,False,False,False,True
7_43,Beech,7.0,47.1,28.91659783,32.48,119.84,943146,0.001,12.370000000000005,21.470000000000027,26.8900000000001,False,False,False,False,False
7_44,Beech,7.0,10.2,26.51580713,23.86,42.81,301521,0.002,3.009999999999991,13.589999999999918,19.589999999999918,False,False,False,False,False
7_45,Beech,7.0,13.4,25.97135321,14.31,15.8,65492,0.006,1.3199999999999363,8.839999999999918,13.259999999999991,False,False,False,False,True
7_46,Beech,7.0,30.2,26.8100074,5.65,0.73,8675,0.049,0.5099999999999909,2.990000000000009,5.220000000000027,False,False,False,False,True
7_47,Beech,7.0,14.3,25.68155359,6.78,1.11,6673,0.028,0.67999999999995,3.7799999999999727,6.263999999999983,False,False,False,False,True
7_48,Beech,7.0,5.7,26.31901483,3.52,1.93,4215,0.058,0.4599999999999227,2.3700000000000045,3.2099999999999227,False,False,False,False,True
7_49,Beech,7.0,14.3,25.6252881,20.93,46.6,404514,0.001,6.4500000000000455,14.830000000000041,19.300000000000068,False,False,False,False,False
7_5,Beech,7.0,6.0,26.40858649,19.09,44.24,345011,0.003,4.730000000000018,13.779999999999973,17.49000000000001,False,False,False,False,True
7_50,Beech,7.0,20.4,26.39510812,9.68,7.25,23177,0.028,0.8299999999999272,6.0499999999999545,9.230000000000018,False,False,False,False,True
7_51,Beech,7.0,8.6,27.16362899,21.26,23.65,170671,0.004,3.8799999999999955,15.36999999999989,19.91999999999996,False,False,False,False,True
7_52,Beech,7.0,10.2,27.16362899,10.82,6.1,16949,0.011,1.2199999999999136,6.919999999999959,10.145999999999967,False,False,False,False,True
7_53,Beech,7.0,16.2,27.93739935,11.99,18.53,42732,0.014,1.0955000000000286,7.720000000000027,11.139999999999986,False,False,False,False,True
7_54,Beech,7.0,45.8,27.99349321,11.57,12.01,37580,0.024,0.8500000000000227,6.909999999999968,10.92999999999995,False,False,False,False,True
7_56,Beech,7.0,11.5,27.64075837,9.95,10.57,46288,0.015,1.2999999999999545,4.569999999999936,8.129999999999995,False,False,False,False,True
7_57,Beech,7.0,19.1,27.54352017,23.91,46.99,245557,0.003,7.350000000000023,16.5,20.850000000000023,False,False,False,False,False
7_58,Larch,7.0,43.3,28.44474096,28.25,70.53,672888,0.002,9.139999999999986,22.569999999999936,26.34999999999991,False,False,False,False,False
7_59,Beech,7.0,31.5,,23.9,68.52,547999,0.001,8.339999999999918,17.309999999999945,22.149999999999977,False,False,False,False,False
7_6,Beech,7.0,30.9,,8.8,0.67,16003,0.051,0.4900000000000091,4.530000000000086,8.370000000000005,False,False,False,False,False
7_60,Spruce,7.0,44.6,31.76983985,31.88,40.58,958580,0.001,10.049999999999955,20.68999999999994,28.18999999999994,False,False,False,False,False
7_61,Beech,7.0,14.3,26.5338697,5.45,7.94,13629,0.05,0.5099999999999909,2.5799999999999272,4.279999999999973,False,False,False,False,True
7_62,Beech,7.0,35.3,28.53668744,29.25,58.93,554030,0.003,6.040000000000077,19.420000000000073,26.420000000000073,False,False,False,False,False
7_63,Beech,7.0,12.1,28.9958766,12.3,38.21,134201,0.007,1.1200000000000045,4.5,10.509999999999991,False,False,False,False,True
7_64,Beech,7.0,34.1,28.05740096,9.47,7.04,26202,0.066,0.36000000000001364,5.269999999999982,8.92999999999995,False,False,False,False,True
7_65,Beech,7.0,7.6,27.13838744,14.94,66.26,410348,0.002,3.669999999999959,8.569999999999936,12.43999999999994,False,False,False,False,True
7_66,Beech,7.0,12.1,29.34549125,6.6,5.18,19603,0.026,0.8600000000000136,3.8700000000000045,5.860000000000014,False,False,False,False,True
7_67,Beech,7.0,17.8,,10.04,29.96,104182,0.01,2.349999999999909,6.349999999999909,9.329999999999927,False,False,False,False,False
7_68,Larch,7.0,39.2,,2.97,1.03,9409,0.125,0.25,1.4399999999999409,2.5499999999999545,False,False,False,False,False
7_69,Beech,7.0,11.1,21.20457364,19.48,40.23,545720,0.002,2.7199999999999136,10.079999999999927,17.229999999999905,False,False,False,False,False
7_7,Beech,7.0,10.2,25.57389776,25.63,24.16,139438,0.006,2.9500000000000455,14.050000000000068,18.82000000000005,False,False,False,False,False
7_70,Beech,7.0,8.0,23.29114995,15.56,23.78,124047,0.004,2.1299999999999955,8.680000000000064,13.82000000000005,False,False,False,False,True
7_71,Beech,7.0,11.1,22.16692666,19.71,40.82,142783,0.004,2.949999999999932,11.319999999999936,15.480000000000018,False,False,False,False,False
7_72,Beech,7.0,30.2,27.97015258,24.26,59.84,294079,0.003,5.689999999999941,19.889999999999986,22.839999999999918,False,False,False,False,False
7_73,Beech,7.0,6.7,,13.03,25.75,59742,0.022,0.7000000000000455,5.019999999999982,10.850000000000023,False,False,False,False,False
7_74,Beech,7.0,7.3,28.65362182,18.89,80.38,637656,0.0,2.7899999999999636,10.449999999999932,16.399999999999977,False,False,False,False,True
7_75,Beech,7.0,18.5,25.75355588,22.6,51.2,141732,0.003,6.57000000000005,14.330000000000041,20.18999999999994,False,False,False,False,False
7_76,Beech,7.0,47.7,28.44895199,13.07,6.49,36694,0.041,0.5900000000000318,5.529999999999973,12.06000000000006,False,False,False,False,True
7_77,Beech,7.0,10.8,27.20665915,21.61,105.54,591579,0.0,8.5,15.019999999999982,19.050000000000068,False,False,False,False,True
7_78,Beech,7.0,16.6,21.52958197,21.48,51.63,251243,0.003,5.480000000000018,14.410000000000082,18.99000000000001,False,False,False,False,False
7_79,Spruce,7.0,41.1,,29.33,49.7,1036543,0.001,9.199999999999932,18.649999999999977,25.91999999999996,False,False,False,False,False
7_8,Beech,7.0,33.4,,25.02,59.67,500300,0.003,5.850000000000023,16.639999999999986,22.659999999999968,False,False,False,False,False
7_80,Beech,7.0,10.2,,12.31,5.43,23219,0.031,0.7899999999999636,5.849999999999909,10.849999999999909,False,False,False,False,False
7_81,Beech,7.0,15.6,29.34549125,21.57,25.86,166685,0.008,3.159999999999968,14.159999999999968,19.850000000000023,False,False,False,False,True
7_82,Beech,7.0,37.6,28.13564307,27.7,68.97,628467,0.002,10.319999999999936,21.079999999999927,25.899999999999977,False,False,False,False,False
7_83,Beech,7.0,34.1,28.93803875,29.06,50.48,386401,0.002,7.180000000000064,20.860000000000014,26.5,False,False,False,False,False
7_84,Beech,7.0,10.2,26.5351208,7.13,369.62,967245,0.036,0.5599999999999454,1.6200000000000045,2.6099999999999,False,False,False,True,True
7_85,Beech,7.0,28.6,29.37583359,25.92,53.1,275994,0.003,5.25,17.979999999999905,24.019999999999982,False,False,False,False,False
7_86,Beech,7.0,9.2,27.97027481,23.66,27.7,226643,0.001,2.2200000000000273,13.110000000000014,20.030000000000086,False,False,False,False,False
7_87,Beech,7.0,14.6,27.97027481,20.2,23.3,129686,0.005,1.509999999999991,14.490000000000009,18.83000000000004,False,False,False,False,True
7_88,Beech,7.0,14.3,,2.12,2.52,4757,0.232,0.16999999999995907,0.9199999999999591,1.9800000000000182,False,False,False,False,False
7_89,Beech,7.0,30.9,,27.25,43.96,354073,0.003,8.539999999999964,20.41999999999996,25.370000000000005,False,False,False,False,False
7_9,Beech,7.0,13.1,27.1523237,9.09,26.76,261615,0.057,0.4499999999999318,1.6200000000000045,7.589999999999918,False,False,False,False,True
7_90,Beech,7.0,12.1,28.76410161,14.16,13.62,49235,0.006,1.6899999999999409,8.110000000000014,13.169999999999959,False,False,False,False,True
7_91,Spruce,7.0,50.0,32.20228647,32.35,53.46,945632,0.002,8.289999999999964,20.50999999999999,28.370000000000005,False,False,False,False,False
7_92,Beech,7.0,18.1,23.38856075,14.09,37.2,88742,0.005,3.7899999999999636,9.43999999999994,12.279999999999973,False,False,False,False,True
7_93,Beech,7.0,9.2,,7.14,108.68,279058,0.264,0.15999999999996817,0.9200000000000728,5.420000000000073,False,False,False,False,False
7_94,Beech,7.0,6.7,28.27731322,9.71,192.83,307142,0.004,1.0299999999999727,2.8899999999999864,5.690000000000055,False,False,False,False,True
7_95,Beech,7.0,8.9,28.6114259,17.83,55.17,125461,0.002,2.92999999999995,11.639999999999986,14.950000000000045,False,False,False,False,True
7_96,Beech,7.0,23.2,23.8633642,3.49,1.89,4129,0.118,0.2700000000000955,1.9100000000000819,3.1100000000000136,False,False,False,False,True
7_97,Beech,7.0,37.2,28.1758803,1.54,0.13,1231,0.341,0.12999999999999545,0.6900000000000546,1.3350000000000364,True,False,False,False,True
7_98,Beech,7.0,12.1,27.39437659,18.01,22.04,48371,0.01,1.740000000000009,6.2299999999999045,12.93999999999994,False,False,False,False,True
7_99,Beech,7.0,11.5,24.96361771,5.83,1.63,6070,0.066,0.37000000000000455,3.230000000000018,5.240000000000009,False,False,False,False,True
8_1,Beech,8.0,35.7,28.39623453,29.2,56.38,629360,0.002,9.830000000000041,22.370000000000005,27.100000000000023,False,False,False,False,False
8_10,Silver Fir,8.0,15.3,,10.46,15.89,258627,0.002,2.8999999999999773,6.460000000000036,9.17999999999995,False,False,False,False,False
8_11,Douglas Fir,8.0,39.8,,29.61,50.2,1021270,0.001,11.399999999999977,20.25,25.450000000000045,False,False,False,False,False
8_12,Douglas Fir,8.0,13.1,,18.21,16.57,307032,0.002,10.200000000000045,13.149999999999977,16.470000000000027,False,False,False,False,False
8_13,Douglas Fir,8.0,27.1,28.14823491,29.38,28.71,318788,0.0,9.42999999999995,21.730000000000018,26.299999999999955,False,False,False,False,False
8_14,Douglas Fir,8.0,57.9,,7.56,191.93,749345,0.154,0.34000000000003183,1.1600000000000819,3.07000000000005,False,False,False,False,False
8_15,Douglas Fir,8.0,54.4,,32.93,49.47,789615,0.002,10.840000000000032,21.480000000000018,28.519999999999982,False,False,False,False,False
8_16,Beech,8.0,21.0,,19.04,46.79,319404,0.0,3.0599999999999454,12.1099999999999,17.239999999999895,False,False,False,False,False
8_17,Douglas Fir,8.0,55.1,32.72774584,33.35,53.4,891980,0.002,6.059999999999945,20.129999999999995,27.5,False,False,False,False,False
8_18,Douglas Fir,8.0,30.2,,27.96,53.67,514384,0.003,4.17999999999995,18.370000000000005,25.149999999999977,False,False,False,False,False
8_19,Beech,8.0,8.9,24.45734847,9.75,155.62,529628,0.026,0.5800000000000409,1.1700000000000728,4.82000000000005,False,False,False,False,True
8_2,Beech,8.0,35.3,26.90424228,29.59,52.82,512558,0.004,11.430000000000064,21.590000000000032,26.75,False,False,False,False,False
8_20,Beech,8.0,16.2,27.6717414,38.85,50.03,735422,0.0,9.799999999999955,22.350000000000023,28.899999999999977,False,False,False,False,True
8_21,Beech,8.0,9.9,25.95665525,8.2,7.45,22760,0.01,0.9200000000000728,2.8600000000000136,6.7000000000000455,False,False,False,False,True
8_22,Beech,8.0,15.3,,28.57,29.45,165537,0.004,2.57000000000005,16.0,21.07000000000005,False,False,False,False,False
8_23,Douglas Fir,8.0,34.7,,26.79,22.19,395110,0.003,4.600000000000023,17.06000000000006,23.33000000000004,False,False,False,False,False
8_24,Silver Fir,8.0,12.7,,14.78,13.12,367019,0.001,4.240000000000009,9.580000000000041,13.740000000000009,False,False,False,False,False
8_25,Silver Fir,8.0,38.2,28.98464632,28.87,41.57,938405,0.002,9.700000000000045,17.42999999999995,24.730000000000018,False,False,False,False,False
8_26,Silver Fir,8.0,35.0,,28.54,33.29,655158,0.003,8.039999999999964,18.039999999999964,24.470000000000027,False,False,False,False,False
8_27,Douglas Fir,8.0,43.9,,33.68,40.29,670169,0.002,12.190000000000055,21.450000000000045,28.110000000000014,False,False,False,False,False
8_29,Beech,8.0,29.0,24.1417939,26.35,56.95,378817,0.002,7.300000000000068,19.25999999999999,22.450000000000045,False,False,False,False,False
8_3,Beech,8.0,10.2,,5.49,14.36,22566,0.015,0.7400000000000091,1.8000000000000682,2.4200000000000728,False,False,False,False,False
8_31,Silver Fir,8.0,12.1,25.54116963,9.57,22.31,265544,0.002,3.0699999999999363,7.029999999999973,9.059999999999945,False,False,False,False,True
8_32,Douglas Fir,8.0,52.5,,33.39,65.26,1469446,0.001,7.909999999999968,21.229999999999905,28.129999999999995,False,False,False,False,False
8_33,Silver Fir,8.0,68.4,31.94277999,31.78,86.32,2126904,0.001,9.329999999999927,18.09999999999991,25.299999999999955,False,False,False,False,False
8_34,Silver Fir,8.0,9.5,,21.99,13.36,260706,0.002,2.2200000000000273,16.040000000000077,20.590000000000032,False,False,False,False,False
8_35,Douglas Fir,8.0,55.7,,32.93,78.29,1785397,0.001,13.099999999999909,19.839999999999918,26.870000000000005,False,False,False,False,False
8_36,Beech,8.0,43.0,28.1978109,28.75,78.29,619510,0.002,9.659999999999968,22.090000000000032,26.889999999999986,False,False,False,False,False
8_37,Beech,8.0,9.5,27.15529942,14.92,22.4,98463,0.009,1.2699999999999818,5.269999999999982,13.0,False,False,False,False,True
8_38,Beech,8.0,41.1,,9.99,3.98,34279,0.049,0.5,4.960000000000036,9.389999999999986,False,False,False,False,False
8_39,Beech,8.0,10.5,27.20087561,19.48,68.0,568459,0.002,4.590000000000032,12.960000000000036,17.110000000000014,False,False,False,False,True
8_4,Beech,8.0,29.3,26.96560188,27.12,47.95,597543,0.002,10.340000000000032,21.18999999999994,25.569999999999936,False,False,False,False,False
8_40,Beech,8.0,9.2,,15.22,13.91,77278,0.014,1.2000000000000455,6.409999999999968,14.080000000000041,False,False,False,False,False
8_41,Beech,8.0,30.6,,27.36,53.15,448322,0.004,9.580000000000041,20.32000000000005,25.879999999999995,False,False,False,False,False
8_42,Douglas Fir,8.0,62.4,,35.83,80.33,999120,0.002,12.259999999999991,24.34999999999991,30.5,False,False,False,False,False
8_43,Beech,8.0,20.1,,25.14,20.73,122440,0.006,1.6399999999999864,11.090000000000032,16.149999999999977,False,False,False,False,False
8_44,Beech,8.0,30.6,,26.52,74.64,462963,0.003,11.470000000000027,19.680000000000064,24.290000000000077,False,False,False,False,False
8_45,Silver Fir,8.0,37.9,,29.98,40.36,996132,0.002,10.769999999999982,18.870000000000005,25.5,False,False,False,False,False
8_46,Beech,8.0,12.4,,13.6,34.84,168146,0.004,5.310000000000059,9.720000000000027,11.759999999999991,False,False,False,False,False
8_47,Silver Fir,8.0,44.6,30.80807886,30.83,31.86,895917,0.002,10.870000000000005,18.860000000000014,25.889999999999986,False,False,False,False,False
8_48,Silver Fir,8.0,50.3,32.51885944,33.09,51.02,1767914,0.001,8.460000000000036,17.629999999999995,24.99000000000001,False,False,False,False,False
8_49,Beech,8.0,29.3,24.1640076,28.05,65.53,503470,0.001,6.740000000000009,17.430000000000064,22.32000000000005,False,False,False,False,False
8_5,Beech,8.0,9.9,26.24956514,13.45,17.78,97446,0.007,1.8400000000000318,7.480000000000018,12.830000000000041,False,False,False,False,True
8_50,Beech,8.0,11.5,26.52390694,20.9,34.39,259601,0.004,2.75,13.769999999999982,19.08000000000004,False,False,False,False,True
8_52,Silver Fir,8.0,7.6,26.05090352,5.9,193.13,803265,0.185,0.25,0.8899999999999864,1.82000000000005,False,False,False,False,True
8_53,Beech,8.0,10.5,27.74989279,13.22,10.95,34280,0.026,0.9099999999999682,5.25,10.909999999999968,False,False,False,False,True
8_54,Silver Fir,8.0,16.6,29.63293333,8.23,2.89,44410,0.014,1.3799999999999955,4.4500000000000455,7.230000000000018,False,False,False,False,True
8_55,Silver Fir,8.0,41.7,29.8049806,29.65,33.38,722196,0.002,5.580000000000041,19.629999999999995,26.379999999999995,False,False,False,False,False
8_56,Douglas Fir,8.0,36.6,27.83480794,27.99,53.5,924953,0.002,7.75,18.600000000000023,23.569999999999936,False,False,False,False,False
8_57,Beech,8.0,8.9,,8.52,20.09,57077,0.01,1.4600000000000364,6.680000000000064,7.8700000000000045,False,False,False,False,False
8_58,Silver Fir,8.0,42.0,,31.57,41.41,947020,0.002,7.0499999999999545,18.899999999999977,26.549999999999955,False,False,False,False,False
8_59,Silver Fir,8.0,32.5,28.81803512,30.51,38.79,734984,0.002,10.210000000000036,17.74000000000001,23.300000000000068,False,False,False,False,False
8_6,Beech,8.0,14.6,28.69324327,2.73,0.77,2471,0.211,0.14000000000010004,1.6200000000000045,2.2900000000000773,False,False,False,False,True
8_60,Silver Fir,8.0,39.8,31.3615225,31.33,34.5,761427,0.002,10.300000000000068,18.910000000000082,25.57000000000005,False,False,False,False,False
8_61,Douglas Fir,8.0,59.8,37.68710459,37.95,92.12,1169045,0.001,11.970000000000027,20.950000000000045,26.660000000000082,False,False,False,False,False
8_62,Silver Fir,8.0,43.6,30.64725268,30.13,44.35,1021836,0.002,9.519999999999982,18.840000000000032,25.680000000000064,False,False,False,False,False
8_63,Silver Fir,8.0,33.4,28.47089568,28.44,27.57,708635,0.002,6.189999999999941,19.230000000000018,24.889999999999986,False,False,False,False,False
8_64,Douglas Fir,8.0,45.8,30.98208985,34.36,51.11,520256,0.003,5.559999999999945,24.039999999999964,29.970000000000027,False,False,False,False,False
8_65,Silver Fir,8.0,9.9,28.3407345,26.12,69.24,598595,0.0,8.139999999999986,18.600000000000023,23.870000000000005,False,False,False,False,False
8_66,Beech,8.0,40.7,,12.67,28.85,110115,0.021,1.0600000000000591,6.610000000000014,12.029999999999973,False,False,False,False,False
8_67,Beech,8.0,25.8,28.85235014,29.22,34.86,282802,0.001,5.080000000000041,22.629999999999995,26.920000000000073,False,False,False,False,False
8_68,Beech,8.0,9.2,27.0549408,13.16,6.07,41480,0.027,0.9400000000000546,5.740000000000009,12.25,False,False,False,False,True
8_69,Beech,8.0,11.1,,15.46,14.84,42563,0.025,1.5300000000000864,9.710000000000036,14.700000000000045,False,False,False,False,False
8_7,Larch,8.0,45.8,,19.12,48.41,158459,0.003,2.240000000000009,7.029999999999973,14.18999999999994,False,False,False,False,False
8_70,Beech,8.0,10.5,26.3707036,16.2,36.69,282694,0.003,1.9500000000000455,11.159999999999968,14.559999999999945,False,False,False,False,True
8_71,Beech,8.0,11.8,27.36340209,7.47,11.78,24370,0.017,1.3700000000000045,4.939999999999941,6.2999999999999545,False,False,False,False,True
8_72,Beech,8.0,15.3,33.33694943,17.72,75.84,744234,0.001,4.5,11.549999999999955,15.470000000000027,False,False,False,False,True
8_73,Beech,8.0,47.1,28.82887716,12.58,1.19,40629,0.031,0.75,6.610000000000014,11.970000000000027,False,False,False,False,True
8_74,Beech,8.0,16.9,28.13972228,18.85,51.91,331733,0.001,8.1400000000001,13.780000000000086,17.020000000000095,False,False,False,False,True
8_75,Oak,8.0,39.5,26.17579265,1.92,0.2,3892,0.329,0.14999999999997726,0.7400000000000091,1.740000000000009,True,False,False,False,True
8_76,Beech,8.0,11.5,28.40371103,5.93,6.62,19316,0.019,0.6200000000000045,2.75,5.210000000000036,False,False,False,False,True
8_77,Beech,8.0,6.4,,4.73,7.01,20903,0.03,0.8700000000000045,3.050000000000068,4.32000000000005,False,False,False,False,False
8_78,Oak,8.0,36.9,29.45472903,29.41,41.69,330958,0.004,6.75,23.120000000000005,27.07000000000005,False,False,False,False,False
8_79,Beech,8.0,11.1,29.22562155,11.91,26.74,96271,0.007,1.6549999999999727,7.669999999999959,10.669999999999959,False,False,False,False,True
8_8,Douglas Fir,8.0,50.6,,30.25,43.06,736878,0.002,11.42999999999995,21.049999999999955,26.68999999999994,False,False,False,False,False
8_9,Silver Fir,8.0,15.0,,19.79,13.17,403439,0.001,1.8600000000000136,5.300000000000068,9.82000000000005,False,False,False,False,False
9_1,Beech,9.0,9.5,,29.27,91.36,475871,0.002,16.690000000000055,24.019999999999982,27.629999999999995,False,False,False,False,False
9_10,Beech,9.0,35.0,,28.5,49.3,280210,0.004,6.100000000000023,23.019999999999982,26.610000000000014,False,False,False,False,False
9_11,Beech,9.0,13.1,29.65664977,23.68,25.08,130109,0.005,5.710000000000036,13.57000000000005,19.370000000000005,False,False,False,False,True
9_13,Beech,9.0,31.2,26.74631618,26.74,53.52,278044,0.005,6.970000000000027,23.730000000000018,25.470000000000027,False,False,False,False,False
9_14,Larch,9.0,49.3,29.33144128,31.04,43.17,477525,0.002,8.360000000000014,25.32000000000005,28.129999999999995,False,False,False,False,False
9_15,Beech,9.0,5.7,,0.84,4.62,2095,0.78,0.10999999999989996,0.40999999999996817,0.6499999999999773,True,False,False,False,False
9_16,Beech,9.0,33.7,27.52662141,28.7,55.82,240700,0.003,7.060000000000059,24.639999999999986,26.730000000000018,False,False,False,False,False
9_17,Beech,9.0,6.7,28.92570132,20.5,29.95,117167,0.006,2.980000000000018,12.990000000000009,18.519999999999982,False,False,False,False,True
9_18,Beech,9.0,45.5,28.73828124,7.97,0.83,17685,0.049,0.5,3.840000000000032,7.399999999999977,False,False,False,False,True
9_19,Beech,9.0,15.3,28.7798044,11.84,66.69,417519,0.001,3.080000000000041,7.850000000000023,10.350000000000023,False,False,False,False,True
9_2,Beech,9.0,32.8,27.24740432,26.19,68.63,460410,0.002,2.8299999999999272,19.699999999999932,24.66999999999996,False,False,False,False,False
9_20,Beech,9.0,11.5,27.12074999,24.75,17.05,127280,0.003,1.6200000000000045,8.029999999999973,15.370000000000005,False,False,False,False,False
9_21,Beech,9.0,9.9,,13.82,6.38,30162,0.012,1.0900000000000318,4.150000000000091,9.879999999999995,False,False,False,False,False
9_22,Beech,9.0,15.9,28.42329356,22.75,28.9,167732,0.002,3.0399999999999636,14.819999999999936,20.370000000000005,False,False,False,False,True
9_23,Beech,9.0,33.7,,27.42,52.17,347183,0.005,8.360000000000014,23.449999999999932,26.200000000000045,False,False,False,False,False
9_24,Beech,9.0,31.2,26.59437971,26.43,55.47,538456,0.002,9.75,21.020000000000095,25.030000000000086,False,False,False,False,False
9_25,Beech,9.0,10.2,,23.17,15.96,44804,0.007,1.4599999999999227,6.110000000000014,10.419999999999959,False,False,False,False,False
9_26,Beech,9.0,35.0,,28.95,41.29,348766,0.004,8.170000000000073,25.050000000000068,27.870000000000005,False,False,False,False,False
9_27,Beech,9.0,25.8,,29.65,44.04,295425,0.003,10.299999999999955,24.659999999999968,27.709999999999923,False,False,False,False,False
9_28,Beech,9.0,38.2,,29.17,57.72,565475,0.003,11.17999999999995,22.93999999999994,27.59999999999991,False,False,False,False,False
9_29,Beech,9.0,11.5,,0.97,0.15,313,0.757,0.05999999999994543,0.2999999999999545,0.849999999999909,True,False,False,False,False
9_3,Beech,9.0,11.5,,21.15,41.02,370838,0.003,5.159999999999968,14.8599999999999,19.389999999999986,False,False,False,False,False
9_30,Larch,9.0,62.7,,12.22,11.02,43726,0.026,0.8100000000000591,6.650000000000091,11.57000000000005,False,False,False,False,False
9_31,Beech,9.0,8.9,,13.75,67.68,235697,0.005,2.2999999999999545,8.819999999999936,12.240000000000009,False,False,False,False,False
9_32,Beech,9.0,11.8,,24.4,85.67,1037943,0.0,5.8700000000000045,12.990000000000009,19.389999999999986,False,False,False,False,False
9_33,Beech,9.0,8.3,27.27382807,8.28,694.35,1607737,0.049,0.5,1.5299999999999727,3.340000000000032,False,False,False,True,True
9_34,Beech,9.0,15.9,27.54763004,20.36,29.75,186352,0.003,7.559999999999945,16.309999999999945,18.319999999999936,False,False,False,False,True
9_35,Silver Fir,9.0,49.0,,43.67,56.09,1000864,0.001,9.269999999999982,18.529999999999973,25.25999999999999,False,False,False,False,False
9_36,Beech,9.0,13.1,25.42250262,24.31,26.51,80880,0.009,1.580000000000041,7.2000000000000455,10.530000000000086,False,False,False,False,False
9_37,Beech,9.0,40.4,28.47299354,29.77,56.47,381098,0.004,6.949999999999932,23.059999999999945,27.589999999999918,False,False,False,False,False
9_38,Beech,9.0,8.6,28.79075967,9.33,19.31,56305,0.007,2.060000000000059,6.399999999999977,8.519999999999982,False,False,False,False,True
9_39,Beech,9.0,44.2,29.30369442,10.64,0.96,29074,0.042,0.5699999999999363,5.149999999999977,10.029999999999973,False,False,False,False,True
9_4,Beech,9.0,13.7,,13.6,14.71,38805,0.011,1.1000000000000227,6.800000000000068,11.800000000000068,False,False,False,False,False
9_40,Beech,9.0,9.5,28.12155659,18.64,91.73,602344,0.002,6.159999999999968,12.259999999999991,16.950000000000045,False,False,False,False,True
9_41,Beech,9.0,47.1,27.64874613,27.51,87.33,498677,0.004,3.6299999999999955,19.00999999999999,25.370000000000005,False,False,False,False,False
9_42,Beech,9.0,38.8,28.6093424,28.87,57.28,379020,0.004,7.669999999999959,23.799999999999955,27.219999999999914,False,False,False,False,False
9_43,Beech,9.0,9.2,28.12778482,11.65,25.13,46477,0.007,1.509999999999991,8.860000000000014,11.019999999999982,False,False,False,False,True
9_44,Beech,9.0,6.7,,19.68,73.38,706258,0.003,3.6499999999999773,14.410000000000082,17.660000000000082,False,False,False,False,False
9_45,Beech,9.0,38.2,27.9432814,30.09,64.07,591337,0.001,10.569999999999936,21.99000000000001,26.029999999999973,False,False,False,False,False
9_46,Beech,9.0,6.0,,4.39,3.19,9684,0.03,0.7400000000000091,2.160000000000082,4.2000000000000455,False,False,False,False,False
9_47,Beech,9.0,48.1,28.88047213,11.12,8.47,37819,0.042,0.57000000000005,7.310000000000059,10.129999999999995,False,False,False,False,True
9_48,Beech,9.0,14.6,29.52442133,16.95,11.47,50424,0.01,2.3600000000000136,12.579999999999927,15.840000000000032,False,False,False,False,True
9_49,Beech,9.0,9.5,29.93148438,13.06,11.55,48701,0.008,1.25,7.100000000000023,12.379999999999995,False,False,False,False,True
9_5,Beech,9.0,38.2,,8.02,0.28,17992,0.08,0.32999999999992724,3.8700000000000045,7.610000000000014,False,False,False,False,False
9_50,Beech,9.0,46.8,,12.79,0.63,35498,0.043,0.5599999999999454,5.959999999999923,12.039999999999964,False,False,False,False,False
9_51,Beech,9.0,9.9,30.27315843,16.94,61.98,510750,0.002,5.730000000000018,13.389999999999986,15.259999999999991,False,False,False,False,True
9_52,Beech,9.0,13.1,29.3098475,18.99,60.37,371795,0.003,6.6200000000000045,14.399999999999977,17.33000000000004,False,False,False,False,True
9_53,Beech,9.0,41.4,29.1300835,11.11,0.52,29310,0.06,0.39999999999997726,5.180000000000064,10.480000000000018,False,False,False,False,True
9_54,Beech,9.0,41.4,28.84351727,29.04,65.23,459335,0.003,8.230000000000018,24.700000000000045,27.850000000000023,False,False,False,False,False
9_55,Beech,9.0,11.8,28.75842454,26.37,21.77,61594,0.005,1.5900000000000318,10.539999999999964,15.980000000000018,False,False,False,False,False
9_56,Beech,9.0,12.1,30.25383955,15.84,20.86,98730,0.006,1.67999999999995,8.620000000000005,14.779999999999973,False,False,False,False,True
9_57,Beech,9.0,38.5,30.44115027,16.35,0.66,37323,0.051,0.4800000000000182,7.420000000000073,15.580000000000041,False,False,False,False,True
9_58,Beech,9.0,6.7,29.20763375,6.24,7.27,16541,0.017,1.2399999999998954,3.2399999999998954,4.919999999999959,False,False,False,False,True
9_59,Beech,9.0,45.2,,29.69,79.13,664842,0.002,13.740500000000038,25.519999999999982,28.120000000000005,False,False,False,False,False
9_6,Beech,9.0,15.9,27.4529659,23.88,22.63,118125,0.006,5.590000000000032,18.66999999999996,22.409999999999968,False,False,False,False,False
9_60,Beech,9.0,8.6,29.15469135,22.06,33.78,37624,0.012,1.75,9.269999999999982,10.700000000000045,False,False,False,False,True
9_61,Beech,9.0,8.6,28.68303511,11.53,19.57,34377,0.01,1.3500000000000227,4.580000000000041,10.139999999999986,False,False,False,False,True
9_62,Beech,9.0,15.0,28.80672556,16.15,39.13,357027,0.002,5.419999999999959,12.759999999999991,14.769999999999982,False,False,False,False,True
9_63,Beech,9.0,35.3,28.79246284,12.87,0.67,25214,0.04,0.6000000000000227,6.170000000000073,12.280000000000086,False,False,False,False,True
9_64,Beech,9.0,9.2,29.15968142,17.75,94.02,777200,0.001,5.230000000000018,11.720000000000027,15.420000000000073,False,False,False,False,True
9_65,Beech,9.0,6.7,29.15968142,10.79,1.31,20300,0.022,1.1399999999999864,5.1200000000000045,10.300000000000068,False,False,False,False,True
9_66,Beech,9.0,33.1,30.08482991,2.76,1.38,6907,0.164,0.21000000000003638,1.4099999999999682,2.6299999999999955,False,False,False,False,True
9_67,Beech,9.0,12.1,29.33914528,13.85,15.0,79509,0.006,2.169999999999959,7.309999999999945,12.110000000000014,False,False,False,False,True
9_68,Beech,9.0,16.2,27.49691772,1.46,0.52,1500,0.329,0.12000000000000455,0.67999999999995,1.2200000000000273,True,False,False,False,True
9_69,Beech,9.0,47.7,29.53681614,12.34,2.05,36476,0.04,0.6100000000000136,5.92999999999995,11.669999999999959,False,False,False,False,True
9_7,Beech,9.0,26.4,26.54450003,2.84,0.28,5285,0.12,0.3100000000000591,1.5400000000000773,2.6900000000000546,False,False,False,False,True
9_70,Beech,9.0,14.0,29.11920132,25.35,23.27,102650,0.005,2.6099999999999,13.6099999999999,18.409999999999968,False,False,False,False,False
9_71,Beech,9.0,11.8,27.93830031,20.96,22.33,72899,0.002,4.539999999999964,9.409999999999968,13.82000000000005,False,False,False,False,True
9_72,Beech,9.0,28.6,28.45307047,5.58,3.92,16784,0.076,0.31999999999993634,2.839999999999918,4.909999999999968,False,False,False,False,True
9_73,Beech,9.0,6.4,,2.94,457.46,804741,0.171,0.2899999999999636,0.8799999999999955,1.330000000000041,False,False,False,True,False
9_74,Beech,9.0,8.9,29.81144352,4.14,194.09,726145,0.555,0.20000000000004547,0.4600000000000364,1.2100000000000364,True,False,False,False,True
9_75,Beech,9.0,47.1,28.68655215,28.4,158.29,1203598,0.001,7.599999999999909,20.120000000000005,25.949999999999932,False,False,False,False,False
9_76,Beech,9.0,35.3,28.83518535,29.16,62.58,411626,0.003,8.509999999999991,23.66999999999996,27.129999999999995,False,False,False,False,False
9_77,Beech,9.0,39.8,29.86765804,30.58,48.34,359051,0.005,5.519999999999982,24.519999999999982,28.340000000000032,False,False,False,False,False
9_78,Beech,9.0,13.1,29.52725111,18.17,82.25,544802,0.002,4.6200000000000045,12.450000000000045,15.930000000000064,False,False,False,False,True
9_79,Beech,9.0,44.2,30.01943463,30.91,58.36,327600,0.004,6.420000000000073,24.680000000000064,28.530000000000086,False,False,False,False,False
9_8,Beech,9.0,5.7,,24.87,31.71,187810,0.004,5.540000000000077,19.57000000000005,22.920000000000073,False,False,False,False,False
9_80,Beech,9.0,11.1,29.39323718,13.11,13.28,53702,0.006,2.159999999999968,6.580000000000041,12.759999999999991,False,False,False,False,True
9_81,Beech,9.0,15.0,31.31450155,22.18,93.87,942640,0.001,5.230000000000018,14.269999999999982,19.480000000000018,False,False,False,False,True
9_82,Beech,9.0,54.4,30.55328454,11.39,19.8,45903,0.043,0.5600000000000591,6.280000000000086,10.82000000000005,False,False,False,False,True
9_83,Beech,9.0,41.4,29.63177632,29.74,55.01,420411,0.004,8.720000000000027,26.24000000000001,28.549999999999955,False,False,False,False,False
9_84,Beech,9.0,10.8,29.92943428,11.08,5.21,11566,0.009,8.75,9.840000000000032,10.490000000000009,False,False,False,False,True
9_85,Beech,9.0,50.0,29.90376168,12.98,0.7,31674,0.041,0.6000000000000227,6.230000000000018,12.230000000000018,False,False,False,False,True
9_86,Beech,9.0,9.9,,17.2,86.67,650068,0.002,4.740000000000009,12.31000000000006,15.240000000000009,False,False,False,False,False
9_87,Beech,9.0,6.4,28.57045433,14.02,12.43,50805,0.008,1.5900000000000318,5.230000000000018,13.5,False,False,False,False,True
9_9,Beech,9.0,10.8,26.80815466,14.89,25.14,97192,0.009,1.7199999999999136,9.039999999999964,14.059999999999945,False,False,False,False,True
